entity_id,forename,name,date_of_birth,nationalities,thumbnail,images,self_link,sex_id,place_of_birth,country_of_birth,eyes_colors_id,hairs_id,height,weight,languages_spoken_ids,distinguishing_marks,arrest_charge,arrest_issuing_country,arrest_charge_translation
2021/81051,ADEL,KABAS,1991/05/13,BA,https://ws-public.interpol.int/notices/v1/red/2021-81051/images/62318580,https://ws-public.interpol.int/notices/v1/red/2021-81051/images,https://ws-public.interpol.int/notices/v1/red/2021-81051,M,SARAJEVO,Bosnia & Herzegovina,,,,,BOS,,"2) ORGANIZED CRIME, RELATED TO ILLICIT TRAFFICKING IN NARCOTIC DRUGS AND MONEY LAUNDERING",Bosnia & Herzegovina,
2021/37930,ISMAIL,MEHALI,1985/03/09,"DZ, BA",https://ws-public.interpol.int/notices/v1/red/2021-37930/images/62169419,https://ws-public.interpol.int/notices/v1/red/2021-37930/images,https://ws-public.interpol.int/notices/v1/red/2021-37930,M,TIPAZA KOLEA,Algeria,['BRO'],['BLA'],1.87,0.0,ARA,,MURDER,Bosnia & Herzegovina,
2021/11304,MLADEN,MITROVIC,1961/10/11,BA,https://ws-public.interpol.int/notices/v1/red/2021-11304/images/62023141,https://ws-public.interpol.int/notices/v1/red/2021-11304/images,https://ws-public.interpol.int/notices/v1/red/2021-11304,M,PRIJEDOR,Bosnia & Herzegovina,['BROL'],['BRO'],0.0,0.0,"SRP, ENG",,CRIMES AGAINST HUMANITY,Bosnia & Herzegovina,
2020/56037,MIRKO,VRUCINIC,1947/12/02,BA,https://ws-public.interpol.int/notices/v1/red/2020-56037/images/61896941,https://ws-public.interpol.int/notices/v1/red/2020-56037/images,https://ws-public.interpol.int/notices/v1/red/2020-56037,M,"JELASINOVCI, MUNICIPALITE DE SANSKI MOST",Bosnia & Herzegovina,,,0.0,0.0,,,- CRIMES CONTRE L'HUMANITE,Bosnia & Herzegovina,
2020/39669,GOJKO,BORJAN,1959/10/08,BA,https://ws-public.interpol.int/notices/v1/red/2020-39669/images/61822790,https://ws-public.interpol.int/notices/v1/red/2020-39669/images,https://ws-public.interpol.int/notices/v1/red/2020-39669,M,SREMSKA MITROVICA,Serbia,,,0.0,0.0,,,CRIME AGAINST HUMANITY,Bosnia & Herzegovina,
2020/26825,DUSAN,SPASOJEVIC,1954/06/25,"BA, RS",https://ws-public.interpol.int/notices/v1/red/2020-26825/images/61775048,https://ws-public.interpol.int/notices/v1/red/2020-26825/images,https://ws-public.interpol.int/notices/v1/red/2020-26825,M,"MALESIC, ZVORNIK",Bosnia & Herzegovina,,,0.0,0.0,SRP,,WAR CRIMES AGAINST CIVILIANS,Bosnia & Herzegovina,
2020/16720,IZET,REDZOVIC,1970/09/18,"RS, BA",https://ws-public.interpol.int/notices/v1/red/2020-16720/images/61739652,https://ws-public.interpol.int/notices/v1/red/2020-16720/images,https://ws-public.interpol.int/notices/v1/red/2020-16720,M,BELGRADE,Serbia,,,,,BOS,,ORGANIZED CRIME IN CONJUNCTION WITH THE CRIMINAL OFFENCES OF FORGERY OF A DOCUMENT AND CERTIFICATION OF UNTRUE CONTENT,Bosnia & Herzegovina,
2017/650,DRAGAN,STOJIC,1973/09/30,BA,https://ws-public.interpol.int/notices/v1/red/2017-650/images/60272869,https://ws-public.interpol.int/notices/v1/red/2017-650/images,https://ws-public.interpol.int/notices/v1/red/2017-650,M,ZVORNIK,Bosnia & Herzegovina,,,,,,,CONTINUED CRIMINAL OFFENCE OF AGGRAVATED THEFT IN CONCURRENCE WITH TAKING ANOTHERS PROPERTY,Bosnia & Herzegovina,
2020/12921,MILOJKO,KOVACEVIC,1962/05/19,"BA, RS",https://ws-public.interpol.int/notices/v1/red/2020-12921/images/61726071,https://ws-public.interpol.int/notices/v1/red/2020-12921/images,https://ws-public.interpol.int/notices/v1/red/2020-12921,M,VISEGRAD,Bosnia & Herzegovina,,,0.0,0.0,,,-CRIMES CONTRE LHUMANITE,Bosnia & Herzegovina,
2019/105165,DRAGAN,MARJANOVIC,1971/11/07,"RS, BA",https://ws-public.interpol.int/notices/v1/red/2019-105165/images/61659969,https://ws-public.interpol.int/notices/v1/red/2019-105165/images,https://ws-public.interpol.int/notices/v1/red/2019-105165,M,TESLIC,Bosnia & Herzegovina,,,0.0,0.0,,,- CRIMES CONTRE L'HUMANITE,Bosnia & Herzegovina,
2019/115005,ALEKSANDAR,RUZIC,1979/09/22,"AT, BA",https://ws-public.interpol.int/notices/v1/red/2019-115005/images/61639359,https://ws-public.interpol.int/notices/v1/red/2019-115005/images,https://ws-public.interpol.int/notices/v1/red/2019-115005,M,LINZ,Austria,,,0.0,0.0,,,ORGANISING A TERRORIST GROUP IN CONNECTION WITH ILLEGAL CREATION AND JOINING OF FOREIGN PARAMILITARY AND PARAPOLICE FORMATION,Bosnia & Herzegovina,
2019/105437,ESED,ABDAGIC,1963/01/12,BA,https://ws-public.interpol.int/notices/v1/red/2019-105437/images/61582226,https://ws-public.interpol.int/notices/v1/red/2019-105437/images,https://ws-public.interpol.int/notices/v1/red/2019-105437,M,CAZIN,Bosnia & Herzegovina,,,0.0,0.0,,,WAR CRIME AGAINST WAR PRISONERS,Bosnia & Herzegovina,
2019/33518,NEDZAD,KAHRIMANOVIC,1961/01/01,BA,https://ws-public.interpol.int/notices/v1/red/2019-33518/images/61385359,https://ws-public.interpol.int/notices/v1/red/2019-33518/images,https://ws-public.interpol.int/notices/v1/red/2019-33518,M,CELIC,Bosnia & Herzegovina,,,0.0,0.0,,,WAR CRIME AGAINST CIVILIAN POPULATION,Bosnia & Herzegovina,
2019/30668,NEVEN,STANIC,1980/10/08,"SI, BA",https://ws-public.interpol.int/notices/v1/red/2019-30668/images/61346162,https://ws-public.interpol.int/notices/v1/red/2019-30668/images,https://ws-public.interpol.int/notices/v1/red/2019-30668,M,KOTOR VAROS,Bosnia & Herzegovina,,,,,,,ILLICIT TRAFFICKING IN NARCOTIC DRUGS,Bosnia & Herzegovina,
2019/23564,ISMET,SULJOVIC,1972/11/13,BA,https://ws-public.interpol.int/notices/v1/red/2019-23564/images/61301307,https://ws-public.interpol.int/notices/v1/red/2019-23564/images,https://ws-public.interpol.int/notices/v1/red/2019-23564,M,Rozajen,Bosnia & Herzegovina,['BRO'],['BLA'],1.7,,,,Attempt of Murder,Hungary,
2019/16654,IVICA,KOLOBARA,1964/12/23,"HR, BA",https://ws-public.interpol.int/notices/v1/red/2019-16654/images/61279720,https://ws-public.interpol.int/notices/v1/red/2019-16654/images,https://ws-public.interpol.int/notices/v1/red/2019-16654,M,MOSTAR,Bosnia & Herzegovina,,,0.0,0.0,,,"CRIMES AGAINST HUMANITY, WAR CRIME AGAINST CIVILIAN POPULATION",Bosnia & Herzegovina,
2019/15223,ZORAN,ADAMOVIC,1963/11/08,"RS, BA",https://ws-public.interpol.int/notices/v1/red/2019-15223/images/61275087,https://ws-public.interpol.int/notices/v1/red/2019-15223/images,https://ws-public.interpol.int/notices/v1/red/2019-15223,M,KLJUC,Bosnia & Herzegovina,,,0.0,0.0,,,CRIMES AGAINST HUMANITY,Bosnia & Herzegovina,
2018/106865,MILOS,DUKIC,1972/08/23,BA,https://ws-public.interpol.int/notices/v1/red/2018-106865/images/61272383,https://ws-public.interpol.int/notices/v1/red/2018-106865/images,https://ws-public.interpol.int/notices/v1/red/2018-106865,M,GRACANICA,Bosnia & Herzegovina,,,0.0,0.0,,,-TRAFIC DE DROGUE,Bosnia & Herzegovina,
2019/1105,ZORAN,STUPAR,1964/07/29,BA,https://ws-public.interpol.int/notices/v1/red/2019-1105/images/61270970,https://ws-public.interpol.int/notices/v1/red/2019-1105/images,https://ws-public.interpol.int/notices/v1/red/2019-1105,M,VLASENICA,Bosnia & Herzegovina,,,0.0,0.0,,,-Crimes against humanity,Bosnia & Herzegovina,
2018/92077,ZDENKO,GRBAVAC,1967/10/21,"BA, HR",https://ws-public.interpol.int/notices/v1/red/2018-92077/images/61201981,https://ws-public.interpol.int/notices/v1/red/2018-92077/images,https://ws-public.interpol.int/notices/v1/red/2018-92077,M,SARAJEVO,Bosnia & Herzegovina,,,0.0,0.0,HRV,,CRIMES AGAINST HUMANITY,Bosnia & Herzegovina,
2018/72355,ELVIR,MUMINOVIC,1975/02/18,"CH, BA",https://ws-public.interpol.int/notices/v1/red/2018-72355/images/61142649,https://ws-public.interpol.int/notices/v1/red/2018-72355/images,https://ws-public.interpol.int/notices/v1/red/2018-72355,M,SARAJEVO,Bosnia & Herzegovina,,,0.0,0.0,,,WAR CRIMES AGAINST CIVILIANS,Bosnia & Herzegovina,
2018/56855,EMIR,CELAM,1984/06/29,BA,,https://ws-public.interpol.int/notices/v1/red/2018-56855/images,https://ws-public.interpol.int/notices/v1/red/2018-56855,M,GRADISKA,Bosnia & Herzegovina,,,0.0,0.0,,,UNLAWFUL ESTABLISHING AND JOINING FOREIGN PARAMILITARY AND PARAPOLICE FORMATIONS,Bosnia & Herzegovina,
2014/8644,MURADIF,HAMZABEGOVIC,1960/04/12,BA,https://ws-public.interpol.int/notices/v1/red/2014-8644/images/59423736,https://ws-public.interpol.int/notices/v1/red/2014-8644/images,https://ws-public.interpol.int/notices/v1/red/2014-8644,M,"GLODI, ZVORNIK",Bosnia & Herzegovina,,,0.0,0.0,BOS,,ASSOCIATING FOR THE PURPOSE OF PERPETRATING CRIMINAL OFFENCES AND CONTINUED CRIMINAL OFFENCE OF SMUGGLING OF PERSONS,Bosnia & Herzegovina,
2018/30915,FIKRET,ZUKIC,1960/04/14,BA,https://ws-public.interpol.int/notices/v1/red/2018-30915/images/61006854,https://ws-public.interpol.int/notices/v1/red/2018-30915/images,https://ws-public.interpol.int/notices/v1/red/2018-30915,M,DURDEVIK,Bosnia & Herzegovina,,,0.0,0.0,,,"CRIMINAL OFFENCE ORGANISING TERRORIST GROUP FORESEEN BY ART. 202D SECTION 2  OF CRIMINAL CODE OF BOSNIA AND HERZEGOVINA IN CONNECTION WITH CRIMINAL OFFENCE OF TERRORISM, FORESEEN BY ART. 201 OF CRIMINAL CODE OF BOSNIA AND HERZEGOVINA.",Bosnia & Herzegovina,
2015/45883,ALIJA,KESEROVIC,1995/02/01,BA,https://ws-public.interpol.int/notices/v1/red/2015-45883/images/60989937,https://ws-public.interpol.int/notices/v1/red/2015-45883/images,https://ws-public.interpol.int/notices/v1/red/2015-45883,M,"BUZIM, BOSANSKA KRUPA",Bosnia & Herzegovina,,,0.0,0.0,,,ORGANIZING A TERRORIST GROUP; UNLAWFUL ESTABLISHING AND JOINING FOREIGN PARAMILITARY OR PARAPOLICE FORMATIONS,Bosnia & Herzegovina,
2018/15750,MIROSLAV,DUKA,1960/06/06,"BA, RS",https://ws-public.interpol.int/notices/v1/red/2018-15750/images/60965787,https://ws-public.interpol.int/notices/v1/red/2018-15750/images,https://ws-public.interpol.int/notices/v1/red/2018-15750,M,"DOLOVI, STOLAC",Bosnia & Herzegovina,,,0.0,0.0,,,CRIMES AGAINST HUMANITY,Bosnia & Herzegovina,
2018/12068,RAJKO,DRAKULIC,1964/01/28,"RS, BA",https://ws-public.interpol.int/notices/v1/red/2018-12068/images/60952839,https://ws-public.interpol.int/notices/v1/red/2018-12068/images,https://ws-public.interpol.int/notices/v1/red/2018-12068,M,"TIKVARICI, VLASENICA",Bosnia & Herzegovina,,,0.0,0.0,,,GENOCIDE,Bosnia & Herzegovina,
2018/3234,BORISLAV,STOJISIC,1956/03/26,BA,https://ws-public.interpol.int/notices/v1/red/2018-3234/images/60920136,https://ws-public.interpol.int/notices/v1/red/2018-3234/images,https://ws-public.interpol.int/notices/v1/red/2018-3234,M,"MISARI, MUNICIPALITE DE VLASENICA",Bosnia & Herzegovina,,,0.0,0.0,,,-GENOCIDE,Bosnia & Herzegovina,
2017/285405,EKREM,MELKIC,1948/03/20,"HR, BA",https://ws-public.interpol.int/notices/v1/red/2017-285405/images/60910231,https://ws-public.interpol.int/notices/v1/red/2017-285405/images,https://ws-public.interpol.int/notices/v1/red/2017-285405,M,"TODOROVO, MUNICIPALITE DE VELIKA KLADUŠA",Bosnia & Herzegovina,,,0.0,0.0,,,- CRIMES DE GUERRE CONTRE LES CIVILS,Bosnia & Herzegovina,
2017/282595,MILORAD,PANIC,1960/04/18,BA,https://ws-public.interpol.int/notices/v1/red/2017-282595/images/60873526,https://ws-public.interpol.int/notices/v1/red/2017-282595/images,https://ws-public.interpol.int/notices/v1/red/2017-282595,M,"MISKA GLAVA, MUNICIPALITY OF PRIJEDOR",Bosnia & Herzegovina,,,0.0,0.0,,,CRIMES AGAINST HUMANITY,Bosnia & Herzegovina,
2017/283234,DZEVAD,HODZIC,1971/10/20,BA,https://ws-public.interpol.int/notices/v1/red/2017-283234/images/60875907,https://ws-public.interpol.int/notices/v1/red/2017-283234/images,https://ws-public.interpol.int/notices/v1/red/2017-283234,M,PRIJEDOR,Bosnia & Herzegovina,,,0.0,0.0,,,UNLAWFUL ESTABLISHING AND JOINING FOREIGN PARAMILITARY OR PARAPOLICE FORMATIONS,Bosnia & Herzegovina,
2017/205073,ILIJA,JURIC,1963/07/20,"BA, HR",https://ws-public.interpol.int/notices/v1/red/2017-205073/images/60766605,https://ws-public.interpol.int/notices/v1/red/2017-205073/images,https://ws-public.interpol.int/notices/v1/red/2017-205073,M,POSAVSKA MAHALA,Bosnia & Herzegovina,,,0.0,0.0,,,- CRIME DE GUERRE CONTRE LES CIVILS,Bosnia & Herzegovina,
2017/197805,VINKO,LAZIC,1959/05/10,"RS, BA",https://ws-public.interpol.int/notices/v1/red/2017-197805/images/60740492,https://ws-public.interpol.int/notices/v1/red/2017-197805/images,https://ws-public.interpol.int/notices/v1/red/2017-197805,M,"GORNJA KRCINA, UGLJEVIK",Bosnia & Herzegovina,,,0.0,0.0,,,CRIMES AGAINST HUMANITY,Bosnia & Herzegovina,
2017/198569,ERIC,NUHANOVIC,1995/02/25,"BA, SK",https://ws-public.interpol.int/notices/v1/red/2017-198569/images/60743677,https://ws-public.interpol.int/notices/v1/red/2017-198569/images,https://ws-public.interpol.int/notices/v1/red/2017-198569,M,ROMA,Italy,,,0.0,0.0,,,CRIMINAL OFFENCE ORGANISING GROUP AND JOINING FOREIGN PARAMILITARY AND PARAPOLICE GROUPS  FORESEEN BY ART. 162 B SECTION 2 IN CONNECTION WITH SECTION 1 OF CRIMINAL CODE OF BOSNIA AND HERZEGOVINA.,Bosnia & Herzegovina,
2017/198433,BLAGOJE,VOJVODIC,1962/09/27,"BA, RS",https://ws-public.interpol.int/notices/v1/red/2017-198433/images/60743052,https://ws-public.interpol.int/notices/v1/red/2017-198433/images,https://ws-public.interpol.int/notices/v1/red/2017-198433,M,"KOPRIVNO, MUNICIPALITY MILICI",Bosnia & Herzegovina,,,0.0,0.0,,,CRIME AGAINST HUMANITY,Bosnia & Herzegovina,
2017/198567,CEDO,BOGICEVIC,1971/03/04,"BA, RS",https://ws-public.interpol.int/notices/v1/red/2017-198567/images/60743661,https://ws-public.interpol.int/notices/v1/red/2017-198567/images,https://ws-public.interpol.int/notices/v1/red/2017-198567,M,VLASENICA,Bosnia & Herzegovina,,,0.0,0.0,,,CRIME AGAINST HUMANITY,Bosnia & Herzegovina,
2017/187083,EDIN,MUFTIC,1974/10/06,BA,https://ws-public.interpol.int/notices/v1/red/2017-187083/images/60705425,https://ws-public.interpol.int/notices/v1/red/2017-187083/images,https://ws-public.interpol.int/notices/v1/red/2017-187083,M,GRADACAC,Bosnia & Herzegovina,,,0.0,0.0,ARA,,RECRUITMENT FOR TERRORIST ACTIVITIES; FUNDING OF TERRORIST ACTIVITIES; ORGANIZING A TERRORIST GROUP; TERRORISM,Bosnia & Herzegovina,
2015/43831,ADNAN,HODZIC,1990/02/15,BA,,https://ws-public.interpol.int/notices/v1/red/2015-43831/images,https://ws-public.interpol.int/notices/v1/red/2015-43831,M,DOBOJ,Bosnia & Herzegovina,,,0.0,0.0,,,ORGANIZING A TERRORIST GROUP; TERRORISM,Bosnia & Herzegovina,
2015/45887,ALDIN,MAHMUTOVIC,1988/09/01,BA,,https://ws-public.interpol.int/notices/v1/red/2015-45887/images,https://ws-public.interpol.int/notices/v1/red/2015-45887,M,DOBOJ,Bosnia & Herzegovina,,,0.0,0.0,,,UNLAWFUL ESTABLISHING AND JOINING FOREIGN PARAMILITARY OR PARAPOLICE FORMATIONS,Bosnia & Herzegovina,
2017/165410,SALEM,HASIC,1988/09/22,BA,https://ws-public.interpol.int/notices/v1/red/2017-165410/images/60716747,https://ws-public.interpol.int/notices/v1/red/2017-165410/images,https://ws-public.interpol.int/notices/v1/red/2017-165410,M,DOBOJ,Bosnia & Herzegovina,,,0.0,0.0,,,"ORGANISING A TERRORIST GROUP, TERRORISM AND ILLEGAL CREATION AND JOINING OF FOREIGN PARAMILITARY AND PARAPOLICE FORMATION",Bosnia & Herzegovina,
2013/72033,KOSTA,BJELOTOMIC,1983/06/19,BA,https://ws-public.interpol.int/notices/v1/red/2013-72033/images/59383288,https://ws-public.interpol.int/notices/v1/red/2013-72033/images,https://ws-public.interpol.int/notices/v1/red/2013-72033,M,DRVAR,Bosnia & Herzegovina,,,0.0,0.0,,,ROBBERY,Bosnia & Herzegovina,
2017/161270,JOVAN,BJELOTOMIC,1996/03/26,"BA, RS",https://ws-public.interpol.int/notices/v1/red/2017-161270/images/60634297,https://ws-public.interpol.int/notices/v1/red/2017-161270/images,https://ws-public.interpol.int/notices/v1/red/2017-161270,M,BIJELJINA,Bosnia & Herzegovina,,,,,SRP,,ROBBERY,Bosnia & Herzegovina,
2017/125289,NEDZAD,HERENDA,1953/07/27,BA,https://ws-public.interpol.int/notices/v1/red/2017-125289/images/60546259,https://ws-public.interpol.int/notices/v1/red/2017-125289/images,https://ws-public.interpol.int/notices/v1/red/2017-125289,M,SARAJEVO,Bosnia & Herzegovina,,,0.0,0.0,,,WAR CRIMES AGAINST PRISONERS OF WAR,Bosnia & Herzegovina,
2017/134486,SVETOZAR,KOSORIC,1953/05/22,"BA, RS",,https://ws-public.interpol.int/notices/v1/red/2017-134486/images,https://ws-public.interpol.int/notices/v1/red/2017-134486,M,KUSACE-HAN PIJESAK,Bosnia & Herzegovina,,,0.0,0.0,,,GENOCIDE,Bosnia & Herzegovina,
2017/125306,EDVIN,JUSIC,1972/04/27,BA,https://ws-public.interpol.int/notices/v1/red/2017-125306/images/60546314,https://ws-public.interpol.int/notices/v1/red/2017-125306/images,https://ws-public.interpol.int/notices/v1/red/2017-125306,M,SARAJEVO,Bosnia & Herzegovina,,,0.0,0.0,,,WAR CRIMES AGAINST PRISONERS OF WAR,Bosnia & Herzegovina,
2017/8808,AMIR,DZINIC,1973/03/20,BA,https://ws-public.interpol.int/notices/v1/red/2017-8808/images/60304397,https://ws-public.interpol.int/notices/v1/red/2017-8808/images,https://ws-public.interpol.int/notices/v1/red/2017-8808,M,TESANJ,Bosnia & Herzegovina,,,0.0,0.0,,,"ORGANIZING A TERRORIST GROUP, RELATED TO CRIMINAL OFFENCE OF FUNDING OF TERRORIST ACTIVITIES AND CRIMINAL OFFENCE OF TERRORISM",Bosnia & Herzegovina,
2016/48758,EDIN,KAHRIMAN,1988/01/25,BA,,https://ws-public.interpol.int/notices/v1/red/2016-48758/images,https://ws-public.interpol.int/notices/v1/red/2016-48758,M,ZENICA,Bosnia & Herzegovina,,,0.0,0.0,,,ORGANISING A TERRORIST GROUP IN CONNECTION WITH TEERRORISM,Bosnia & Herzegovina,
2016/48799,SENAD,HASANOVIC,1986/05/02,BA,https://ws-public.interpol.int/notices/v1/red/2016-48799/images/60240618,https://ws-public.interpol.int/notices/v1/red/2016-48799/images,https://ws-public.interpol.int/notices/v1/red/2016-48799,M,SARAJEVO,Bosnia & Herzegovina,,,0.0,0.0,,,ORGANISING A TERRORIST GROUP IN CONNECTION WITH TEERRORISM,Bosnia & Herzegovina,
2016/67529,EDIN,ALIJEV,1987/01/17,BA,,https://ws-public.interpol.int/notices/v1/red/2016-67529/images,https://ws-public.interpol.int/notices/v1/red/2016-67529,M,,Bosnia & Herzegovina,,,0.0,0.0,,,ORGANISING A TERRORIST GROUP IN CONNECTION WITH TERRORISM,Bosnia & Herzegovina,
2016/53980,SLOBODANKA,TOSIC,1986/03/07,"RS, BA",https://ws-public.interpol.int/notices/v1/red/2016-53980/images/60165014,https://ws-public.interpol.int/notices/v1/red/2016-53980/images,https://ws-public.interpol.int/notices/v1/red/2016-53980,F,SARAJEVO,Bosnia & Herzegovina,,,,,,,CRIMINAL ORGANIZATION AND MURDER IN CONNECTION WITH ATTEMPT AND COMPLICITY,Bosnia & Herzegovina,
2016/49747,DAVOR,ELEZ,1977/01/09,"BA, RS",https://ws-public.interpol.int/notices/v1/red/2016-49747/images/60145570,https://ws-public.interpol.int/notices/v1/red/2016-49747/images,https://ws-public.interpol.int/notices/v1/red/2016-49747,M,SARAJEVO,Bosnia & Herzegovina,['OTHD'],['OTHD'],1.8,90.0,,,"1) ORGANISED CRIME IN CONNECTION WITH AGGRAVATED MURDER
2) ORGANISED CRIME IN CONNECTION WITH CONSPIRACY TO COMMIT A CRIMINAL OFFENCE IN CONNECTION WITH AGGRAVATED MURDER
3)ORGANISED CRIME IN CONNECTION WITH MONEY LAUNDERING IN CONCURRENCE WITH ORGANISED CRIMINAL GROUP IN CONNECTION WITH ROBBERY",Bosnia & Herzegovina,
2016/15361,ANTO,KURDIJA,1953/09/20,"HR, BA",https://ws-public.interpol.int/notices/v1/red/2016-15361/images/60028503,https://ws-public.interpol.int/notices/v1/red/2016-15361/images,https://ws-public.interpol.int/notices/v1/red/2016-15361,M,NOVO SELO,Bosnia & Herzegovina,,,0.0,0.0,,,WAR CRIME AGAINST CIVILIAN POPULATION,Bosnia & Herzegovina,
2015/84944,RAMO,GRAHOVIC,1966/12/15,"BA, AT",https://ws-public.interpol.int/notices/v1/red/2015-84944/images/59969070,https://ws-public.interpol.int/notices/v1/red/2015-84944/images,https://ws-public.interpol.int/notices/v1/red/2015-84944,M,VELIKA KLADUSA,Bosnia & Herzegovina,,,0.0,0.0,,,"FUNDING OF TERRORIST ACTIVITIES, ORGANISING A TERRORIST GROUP, ILLEGAL CREATION AND JOINING OF FOREIGN PARAMILITARY AND PARAPOLICE FORMATION",Bosnia & Herzegovina,
2015/76389,SULEJMAN,MESANOVIC,1987/10/08,BA,https://ws-public.interpol.int/notices/v1/red/2015-76389/images/59975283,https://ws-public.interpol.int/notices/v1/red/2015-76389/images,https://ws-public.interpol.int/notices/v1/red/2015-76389,M,GRADACAC,Bosnia & Herzegovina,,,0.0,0.0,,,ORGANIZATION OF TERRORIST GROUP IN CONECTION WITH TERRORISM,Bosnia & Herzegovina,
2014/18409,DRAZEN,PEJIC,1972/10/26,BA,https://ws-public.interpol.int/notices/v1/red/2014-18409/images/59466043,https://ws-public.interpol.int/notices/v1/red/2014-18409/images,https://ws-public.interpol.int/notices/v1/red/2014-18409,M,TUZLA,Bosnia & Herzegovina,,,0.0,0.0,,,CONTINUED CRIMINAL PFFENCE OF CORPORATE FRAUD,Bosnia & Herzegovina,
2015/74874,ALBERT,TOPIC,1971/12/07,"AT, BA, HR",https://ws-public.interpol.int/notices/v1/red/2015-74874/images/59935235,https://ws-public.interpol.int/notices/v1/red/2015-74874/images,https://ws-public.interpol.int/notices/v1/red/2015-74874,M,WIEN,Austria,,,0.0,0.0,"HRV, SRP",,WAR CRIME AGAINST CIVILIAN POPULATION,Bosnia & Herzegovina,
2015/69702,EDIN,PECENKOVIC,1962/12/02,BA,https://ws-public.interpol.int/notices/v1/red/2015-69702/images/59920041,https://ws-public.interpol.int/notices/v1/red/2015-69702/images,https://ws-public.interpol.int/notices/v1/red/2015-69702,M,BIHAĆ,Bosnia & Herzegovina,,,0.0,0.0,,LONG BEARD,ORGANIZING A TERRORIST GROUP,Bosnia & Herzegovina,
2015/71798,ALDIJANA,DIZDAREVIC,1986/01/15,BA,https://ws-public.interpol.int/notices/v1/red/2015-71798/images/59930605,https://ws-public.interpol.int/notices/v1/red/2015-71798/images,https://ws-public.interpol.int/notices/v1/red/2015-71798,F,VELIKA KLADUSA,Bosnia & Herzegovina,,,0.0,0.0,BOS,,ATTEMPTED MURDER,Bosnia & Herzegovina,
2015/63501,NEDJELJKO,MATIC,1964/07/05,"BA, HR",https://ws-public.interpol.int/notices/v1/red/2015-63501/images/59898111,https://ws-public.interpol.int/notices/v1/red/2015-63501/images,https://ws-public.interpol.int/notices/v1/red/2015-63501,M,"VELJACI, LJUBUSKI MUNICIPALITY",Bosnia & Herzegovina,,,0.0,0.0,HRV,,CRIMES AGAINST HUMANITY; WAR CRIMES AGAINST PRISONERS OF WAR,Bosnia & Herzegovina,
2015/32272,RANKO,MOMIC,1967/06/13,BA,https://ws-public.interpol.int/notices/v1/red/2015-32272/images/59797489,https://ws-public.interpol.int/notices/v1/red/2015-32272/images,https://ws-public.interpol.int/notices/v1/red/2015-32272,M,DOBOJ,Bosnia & Herzegovina,,,0.0,0.0,,,CRIMES AGAINST HUMANITY,Bosnia & Herzegovina,
2014/69396,JOZO,BRICO,1968/03/03,"BA, HR",https://ws-public.interpol.int/notices/v1/red/2014-69396/images/59654545,https://ws-public.interpol.int/notices/v1/red/2014-69396/images,https://ws-public.interpol.int/notices/v1/red/2014-69396,M,DERVENTA,Bosnia & Herzegovina,,,0.0,0.0,,,"WAR CRIME AGAINST CIVILIANS, GRAVE VIOLATION OF INTERNATIONAL HUMANITARIAN LAW",Bosnia & Herzegovina,
2014/66045,NOVAK,DUKIC,1955/04/10,BA,https://ws-public.interpol.int/notices/v1/red/2014-66045/images/59643469,https://ws-public.interpol.int/notices/v1/red/2014-66045/images,https://ws-public.interpol.int/notices/v1/red/2014-66045,M,"KOLA, BANJA LUKA",Bosnia & Herzegovina,,,0.0,0.0,,,WAR CRIME AGAINST CIVILIANS,Bosnia & Herzegovina,
2014/8644,MURADIF,HAMZABEGOVIC,1960/04/12,BA,https://ws-public.interpol.int/notices/v1/red/2014-8644/images/59423736,https://ws-public.interpol.int/notices/v1/red/2014-8644/images,https://ws-public.interpol.int/notices/v1/red/2014-8644,M,"GLODI, ZVORNIK",Bosnia & Herzegovina,,,0.0,0.0,BOS,,ASSOCIATING FOR THE PURPOSE OF PERPETRATING CRIMINAL OFFENCES AND CONTINUED CRIMINAL OFFENCE OF SMUGGLING OF PERSONS,Bosnia & Herzegovina,
2013/71794,BOSKO,LUKIC,1940/11/25,"BA, RS",https://ws-public.interpol.int/notices/v1/red/2013-71794/images/59382484,https://ws-public.interpol.int/notices/v1/red/2013-71794/images,https://ws-public.interpol.int/notices/v1/red/2013-71794,M,FAJTOVCI/KLJUC,Bosnia & Herzegovina,,,0.0,0.0,,,Crimes against humanity,Bosnia & Herzegovina,
2013/11663,BOGDAN,BOZIC,1973/04/05,BA,https://ws-public.interpol.int/notices/v1/red/2013-11663/images/58267191,https://ws-public.interpol.int/notices/v1/red/2013-11663/images,https://ws-public.interpol.int/notices/v1/red/2013-11663,M,DOBOJ,Bosnia & Herzegovina,,,0.0,0.0,,,AGGRAVATED CASES OF ROBBERY and AGGRAVATED THEFT,Bosnia & Herzegovina,
2012/318768,OBRAD,OZEGOVIC,1964/03/10,BA,https://ws-public.interpol.int/notices/v1/red/2012-318768/images/57174557,https://ws-public.interpol.int/notices/v1/red/2012-318768/images,https://ws-public.interpol.int/notices/v1/red/2012-318768,M,BOSANSKI PETROVAC,Bosnia & Herzegovina,,,0.0,0.0,,,WAR CRIME AGAINST CIVILIANS,Bosnia & Herzegovina,
2012/293024,MLADEN,MARKOVIC,1973/04/29,"HR, BA",https://ws-public.interpol.int/notices/v1/red/2012-293024/images/59748311,https://ws-public.interpol.int/notices/v1/red/2012-293024/images,https://ws-public.interpol.int/notices/v1/red/2012-293024,M,"BLAZEVAC, MUNICIPALITY GRADACAC",Bosnia & Herzegovina,,,0.0,0.0,,,Unauthorized trade of narcotic drugs,Bosnia & Herzegovina,
2011/57807,PERO,MAJIC,1972/01/29,"BA, HR",https://ws-public.interpol.int/notices/v1/red/2011-57807/images/56145969,https://ws-public.interpol.int/notices/v1/red/2011-57807/images,https://ws-public.interpol.int/notices/v1/red/2011-57807,M,"BARE, KONJIC MUNICIPALITY",Bosnia & Herzegovina,,,0.0,0.0,,,ATTEMPTED MURDER,Bosnia & Herzegovina,
2010/17806,ZORAN,OBRENOVIC,1971/01/22,BA,https://ws-public.interpol.int/notices/v1/red/2010-17806/images/54372028,https://ws-public.interpol.int/notices/v1/red/2010-17806/images,https://ws-public.interpol.int/notices/v1/red/2010-17806,M,MAJDANPEK,Bosnia & Herzegovina,,,0.0,0.0,"HRV, SRP, BOS",,WAR CRIME AGAINST CIVILIANS,Bosnia & Herzegovina,
2010/17497,BRANO,GOJKOVIC,1968/10/04,BA,https://ws-public.interpol.int/notices/v1/red/2010-17497/images/54370221,https://ws-public.interpol.int/notices/v1/red/2010-17497/images,https://ws-public.interpol.int/notices/v1/red/2010-17497,M,STARIC,Bosnia & Herzegovina,,,0.0,0.0,"SRP, HRV, BOS",,GENOCIDE,Bosnia & Herzegovina,
