entity_id,forename,name,date_of_birth,nationalities,thumbnail,images,self_link,sex_id,place_of_birth,country_of_birth,eyes_colors_id,hairs_id,height,weight,languages_spoken_ids,distinguishing_marks,arrest_charge,arrest_issuing_country,arrest_charge_translation
2023/51107,DAVID,LEVY,1984/02/05,CF,https://ws-public.interpol.int/notices/v1/red/2023-51107/images/62819545,https://ws-public.interpol.int/notices/v1/red/2023-51107/images,https://ws-public.interpol.int/notices/v1/red/2023-51107,M,BANGUI,Central African Republic,['BLA'],['BLA'],0.0,0.0,FRE,,viole sur une mineur de 14 ans,Central African Republic,
2020/5534,MAHAMAT NOURADINE,ADAM,1969,"CF, SD",https://ws-public.interpol.int/notices/v1/red/2020-5534/images/61698317,https://ws-public.interpol.int/notices/v1/red/2020-5534/images,https://ws-public.interpol.int/notices/v1/red/2020-5534,M,NDELE,Central African Republic,['BRO'],['HAIB'],1.8,70.0,"ENG, ARA",Appears to have a balding or closely shaven head. Often wears glasses. May be sporting a goatee beard or similar.,"-imprisonment or other severe deprivation of physical liberty (Crime Against Humanity)
-torture (Crime Against Humanity)
-persecution  (Crime Against Humanity)
-enforced disappearance  (Crime Against Humanity)
-other inhumane acts  (Crime Against Humanity)
-torture and cruel treatment (War Crimes)",914,
2018/58509,DONALD,DIMASSI,1989/10/17,CF,,https://ws-public.interpol.int/notices/v1/red/2018-58509/images,https://ws-public.interpol.int/notices/v1/red/2018-58509,M,,Central African Republic,,,,,"SON, ENG, FRE",,RAPE,South Africa,
2018/58499,EDEN JUSTICE,UCHE-NNA-ODIEGWU,1982/10/06,CF,,https://ws-public.interpol.int/notices/v1/red/2018-58499/images,https://ws-public.interpol.int/notices/v1/red/2018-58499,M,,Central African Republic,,,,,"FRE, SON, ENG",,RAPE,South Africa,
