entity_id,forename,name,date_of_birth,nationalities,thumbnail,images,self_link,sex_id,place_of_birth,country_of_birth,eyes_colors_id,hairs_id,height,weight,languages_spoken_ids,distinguishing_marks,arrest_charge,arrest_issuing_country,arrest_charge_translation
2014/76856,IVAN,GUSAN,1971/12/17,"RO, MD",https://ws-public.interpol.int/notices/v1/red/2014-76856/images/61639271,https://ws-public.interpol.int/notices/v1/red/2014-76856/images,https://ws-public.interpol.int/notices/v1/red/2014-76856,M,"VARZARESTII NOI VILLAGE, CALARASI DEPARTEMENT",Moldova,,,,,"RUS, RUM",,Blackmail committed on an especially large scale by an organized criminal group,Moldova,
2022/46004,VLADIMIR,PLAHOTNIUC,1966/01/01,"RO, MD, RU, MX",https://ws-public.interpol.int/notices/v1/red/2022-46004/images/62490296,https://ws-public.interpol.int/notices/v1/red/2022-46004/images,https://ws-public.interpol.int/notices/v1/red/2022-46004,M,"Pitusca village, Calarasi district",Moldova,,,,,"ENG, RUS, RUM",,"Penal case no 2014978151:

Creating or Leading a Criminal Organization; Prolonged Crime; Participants; Fraud,Prolonged Crime; Money Laundering; Prolonged Crime;Participants;Fraud;Prolonged Crime, Money Laundering.",Moldova,
2017/126587,ANTON,ZAKHAROV,1991/02/09,"MD, RU, RO",https://ws-public.interpol.int/notices/v1/red/2017-126587/images/60551003,https://ws-public.interpol.int/notices/v1/red/2017-126587/images,https://ws-public.interpol.int/notices/v1/red/2017-126587,M,DELAKEU VILLAGE,Moldova,,,0.0,0.0,"SPA, MOL, RUS",,"Creation of a criminal community (criminal organization) and participation therein, smuggling narcotic agents, psychotropic substances, precursors and analogues thereof, plants containing narcotic agents, psychotropic substances or their precursors, or parts thereof containing narcotic agents, psychotropic substances or their precursors, instruments or equipment which are under special control and are used for making narcotic agents or psychotropic substances, illegal making, sale or dispatch of narcotic drugs, psychotropic substances or analogues thereof, as well as illegal sale or dispatch of plants containing narcotics or psychotropic substances, or parts thereof containing narcotics or psychotropic substances",Russia,
2019/32367,ANDREI,CRISTIANU,1986/03/03,RO,https://ws-public.interpol.int/notices/v1/red/2019-32367/images/61351949,https://ws-public.interpol.int/notices/v1/red/2019-32367/images,https://ws-public.interpol.int/notices/v1/red/2019-32367,M,,Romania,,,0.0,0.0,RUM,,"1. PUNISHMENT FOR MURDER
2. PUNISHMENT FOR CULPABLE HOMICIDE NOT AMOUNTING TO MURDER",Malaysia,
2013/29761,ALEXANDRU,CRISAN,1962/07/31,RO,https://ws-public.interpol.int/notices/v1/red/2013-29761/images/58590428,https://ws-public.interpol.int/notices/v1/red/2013-29761/images,https://ws-public.interpol.int/notices/v1/red/2013-29761,M,SIBIU,Romania,,,,,,,1. ASSOCIATION DE MALFAITEURS; 2. ESCROQUERIE; 3. FAUX A L'ECRITURE; 4.RECEVOIR DES DONS; 5. TRAFIC D'INFLUENCE,Romania,
2016/70047,JOZSEF,BANDI,1981/10/17,RO,https://ws-public.interpol.int/notices/v1/red/2016-70047/images/60216371,https://ws-public.interpol.int/notices/v1/red/2016-70047/images,https://ws-public.interpol.int/notices/v1/red/2016-70047,M,"BRASOV, DEPARTEMENT DE BRASOV",Romania,,,,,,,1. CONSTITUER UN GROUPE CRIMINEL ORGANISE; 2. TRAITE DES PERSONNES; 3. TRAITE DES MINEURS,Romania,
2016/57589,CRISTIAN VICTOR,CONSTANTIN,1990/12/13,RO,https://ws-public.interpol.int/notices/v1/red/2016-57589/images/60173304,https://ws-public.interpol.int/notices/v1/red/2016-57589/images,https://ws-public.interpol.int/notices/v1/red/2016-57589,M,CRAIOVA,Romania,,,0.0,0.0,,,"Forgery, Forgery of valuable security, will, etc., Forgery for purpose of cheating, Using as genuine a forged (document or electronic record), Theft in dwelling house, etc., Penalty for damage to computer, computer system, etc., Hacking with computer system.",India,
2016/61714,ONEA MIRCEA FLORIN,POPESCU,1986/08/07,RO,https://ws-public.interpol.int/notices/v1/red/2016-61714/images/60188743,https://ws-public.interpol.int/notices/v1/red/2016-61714/images,https://ws-public.interpol.int/notices/v1/red/2016-61714,M,BUCHAREST,Romania,['BRO'],,0.0,0.0,,,"Forgery, Forgery of valuable security, will, etc., Forgery for purpose of cheating, Using as genuine a forged (document or electronic record), Theft in dwelling house, etc., Penalty for damage to computer, computer system, etc., Hacking with computer system.",India,
2016/57594,BOGDAN FLORIAN,FLORECI,1991/11/05,RO,https://ws-public.interpol.int/notices/v1/red/2016-57594/images/60173309,https://ws-public.interpol.int/notices/v1/red/2016-57594/images,https://ws-public.interpol.int/notices/v1/red/2016-57594,M,CRAIOVA,Romania,['BRO'],,1.7,,,,"Forgery, Forgery of valuable security, will, etc., Forgery for purpose of cheating, Using as genuine a forged (document or electronic record), Theft in dwelling house, etc., Penalty for damage to computer, computer system, etc., Hacking with computer system.",India,
2016/57597,FLORIN,IOAN,1989/05/02,RO,https://ws-public.interpol.int/notices/v1/red/2016-57597/images/60173316,https://ws-public.interpol.int/notices/v1/red/2016-57597/images,https://ws-public.interpol.int/notices/v1/red/2016-57597,M,RESITA,Romania,['BRO'],,1.87,,,,"Forgery, Forgery of valuable security, will, etc., Forgery for purpose of cheating, Using as genuine a forged (document or electronic record), Theft in dwelling house, etc., Penalty for damage to computer, computer system, etc., Hacking with computer system.",India,
2011/30449,ALEXANDRU,HOGNOGI,1982/03/12,RO,https://ws-public.interpol.int/notices/v1/red/2011-30449/images/55396713,https://ws-public.interpol.int/notices/v1/red/2011-30449/images,https://ws-public.interpol.int/notices/v1/red/2011-30449,M,"SPERMEZEU, DEPARTEMENT DE BISTRITA-NASAUD",Romania,,,0.0,0.0,,,"1VOL AGGRAVE, 2.CONDUITE DU VEHICULE NON ENREGISTRE ET SANS PERMIS DE CONDUIRE; 3.ESCROQUERIE",Romania,
2015/43652,ALINA,SANDU,1974/12/11,RO,https://ws-public.interpol.int/notices/v1/red/2015-43652/images/59835083,https://ws-public.interpol.int/notices/v1/red/2015-43652/images,https://ws-public.interpol.int/notices/v1/red/2015-43652,F,BUCHAREST CITY,Romania,,,,,RUM,,"CONSTITUTION OF A CRIMINAL ORGANIZED GROUP; 
TRAFFIC IN HIGH RISK DRUGS; 
FINANCING THE TRAFFIC IN HIGH RISK DRUGS.",Romania,
2016/38664,ANDREI,TROFIM,1973/07/28,"RO, MD",https://ws-public.interpol.int/notices/v1/red/2016-38664/images/60107158,https://ws-public.interpol.int/notices/v1/red/2016-38664/images,https://ws-public.interpol.int/notices/v1/red/2016-38664,M,ULMU VILLAGE,Moldova,,,0.0,0.0,RUM,,"MURDER;
AGGRAVATED ROBBERY",Romania,
2003/14384,EMANUELA,FAYALEH,1967/04/24,RO,https://ws-public.interpol.int/notices/v1/red/2003-14384/images/60024981,https://ws-public.interpol.int/notices/v1/red/2003-14384/images,https://ws-public.interpol.int/notices/v1/red/2003-14384,F,BRAILA,Romania,['BRO'],['YELB'],1.71,0.0,,,"SWINDLING, USE OF FORGERY, FORGERY",Romania,
2016/5298,TELU CONSTANTIN,AMEGICA,1985/04/17,RO,https://ws-public.interpol.int/notices/v1/red/2016-5298/images/59992350,https://ws-public.interpol.int/notices/v1/red/2016-5298/images,https://ws-public.interpol.int/notices/v1/red/2016-5298,M,DROBETA TURNU SEVERIN,Romania,,,0.0,0.0,,,MURDER,Romania,
2015/78126,NICOLAE CIPRIAN,CURCEA,1982/04/09,RO,https://ws-public.interpol.int/notices/v1/red/2015-78126/images/59946694,https://ws-public.interpol.int/notices/v1/red/2015-78126/images,https://ws-public.interpol.int/notices/v1/red/2015-78126,M,"MEDIAS, SIBIU COUNTY",Romania,['BRO'],['BLA'],1.73,75.0,,,ROBBERY AND SWINDLING,Romania,
2015/76523,SURAJ VIOREL,CURCEA,1976/11/26,RO,https://ws-public.interpol.int/notices/v1/red/2015-76523/images/59940670,https://ws-public.interpol.int/notices/v1/red/2015-76523/images,https://ws-public.interpol.int/notices/v1/red/2015-76523,M,"MEDIAS, SIBIU COUNTY",Romania,['BRO'],['BRO'],1.8,110.0,,,"SETTING UP AN ORGANIZED CRIMINAL GROUP, ILLEGAL DEPRIVATION OF LIBERTY AND SWINDLING.",Romania,
2015/55886,MIHAIL,GHIMISLI,1981/11/10,"RO, MD",https://ws-public.interpol.int/notices/v1/red/2015-55886/images/59872386,https://ws-public.interpol.int/notices/v1/red/2015-55886/images,https://ws-public.interpol.int/notices/v1/red/2015-55886,M,"KOMRATSKIY DISTRICT, CHOCK-MAYDAN VILLAGE",Moldova,,['BLA'],1.75,,"RUS, MOL",,Robbery with violence committed by an organized group for the purpose of obtaining property on a large scale,Russia,
2015/52130,IVAN,GRIGOR,1963/10/13,"RO, MD",https://ws-public.interpol.int/notices/v1/red/2015-52130/images/59861090,https://ws-public.interpol.int/notices/v1/red/2015-52130/images,https://ws-public.interpol.int/notices/v1/red/2015-52130,M,CIUTULESTI,Moldova,,,0.0,0.0,RUM,,"SETTING UP AN ORGANIZED CRIMINAL GROUP, TAX EVASION, INSTIGATION TO MONEY LAUDERING",Romania,
2015/51039,CONSTANTIN,BOBU,1959/04/12,RO,https://ws-public.interpol.int/notices/v1/red/2015-51039/images/59858318,https://ws-public.interpol.int/notices/v1/red/2015-51039/images,https://ws-public.interpol.int/notices/v1/red/2015-51039,M,CHISINAU CITY,Moldova,,,0.0,0.0,RUM,,"CONSTITUTION OF A CRIMINAL ORGANIZED GROUP;
COUNTERFEITING OF A TRADE MARK;
INSTIGATION TO TAX EVASION;
OWNING PRODUCTS OUTSIDE OF THE FISCAL WAREHOUSE, WHICH WERE SUPPOSED TO BE MARK, AND WITHOUT APPROPRIATE MARKERS OVER THE LIMIT OF 10000 CIGARETTES;
MONEY LAUNDERING.",Romania,
2015/44003,MARIANA AURA,MIHAI,1984/11/17,RO,https://ws-public.interpol.int/notices/v1/red/2015-44003/images/59836177,https://ws-public.interpol.int/notices/v1/red/2015-44003/images,https://ws-public.interpol.int/notices/v1/red/2015-44003,F,BUCHAREST CITY,Romania,,,0.0,0.0,RUM,,TRAFFIC IN DRUGS,Romania,
2015/43684,SERGHEI,OHRIM,1968/01/01,RO,https://ws-public.interpol.int/notices/v1/red/2015-43684/images/59835207,https://ws-public.interpol.int/notices/v1/red/2015-43684/images,https://ws-public.interpol.int/notices/v1/red/2015-43684,M,CAZANGIC,Moldova,['BLU'],['YELB'],1.75,80.0,RUM,HE HAS A BEAUTY SPOT ON THE LEFT CHEECK.,"CONSTITUTION OF A CRIMINAL ORGANIZED GROUP;
INSTIGATION TO COUNTERFEITING OF A TRADE MARK;
INSTIGATION TO TAX EVASION;
TAX EVASION;
MONEY LAUNDERING.",Romania,
2010/14061,VASILE,RODIDEAL,1961/04/05,RO,https://ws-public.interpol.int/notices/v1/red/2010-14061/images/54352897,https://ws-public.interpol.int/notices/v1/red/2010-14061/images,https://ws-public.interpol.int/notices/v1/red/2010-14061,M,,Moldova,['BLU'],['GRY'],1.9,90.0,RUM,,: 1. atteinte au régime des armes et munitions; 2. instiguer à l'homicide aggravé; 3. instiguer à la possession de fausse monnaie en vue de la faire circuler; 4. conduire un véhicule sur les routes publiques sans permis; 5. association de malfaiteurs,Romania,
2009/15058,GEORGE CRISTIAN,LUPU,1980/12/30,RO,https://ws-public.interpol.int/notices/v1/red/2009-15058/images/54129578,https://ws-public.interpol.int/notices/v1/red/2009-15058/images,https://ws-public.interpol.int/notices/v1/red/2009-15058,M,BRAILA,Romania,,,0.0,0.0,,,drugs,Romania,
2014/21385,OVIDIU IONEL,PAVEL,1988/09/07,RO,https://ws-public.interpol.int/notices/v1/red/2014-21385/images/59478615,https://ws-public.interpol.int/notices/v1/red/2014-21385/images,https://ws-public.interpol.int/notices/v1/red/2014-21385,M,TIRGU FRUMOS/IASI,Romania,,,0.0,0.0,,,"trafficking in human beings, trafficking with under age persons, drug trafficking,",Romania,
2012/335810,ARHAN,SALI,1989/11/17,RO,https://ws-public.interpol.int/notices/v1/red/2012-335810/images/57564858,https://ws-public.interpol.int/notices/v1/red/2012-335810/images,https://ws-public.interpol.int/notices/v1/red/2012-335810,M,MEDGIDIA CITY/CONSTANTA COUNTY,Romania,['BROH'],['BRO'],1.7,80.0,,,CRIMINAL ORGANISATION AND DRUG DEALING,Romania,
2013/40649,DUMITRU PETRISOR,BUSNA,1988/10/21,RO,https://ws-public.interpol.int/notices/v1/red/2013-40649/images/58802712,https://ws-public.interpol.int/notices/v1/red/2013-40649/images,https://ws-public.interpol.int/notices/v1/red/2013-40649,M,"SLATINA, DEPARTEMENT D'OLT",Romania,,,0.0,0.0,,,VOL AVEC VIOLENCE,Romania,
2011/52740,SEBASTIAN DECEBAL,CIONCA,1977/08/21,RO,https://ws-public.interpol.int/notices/v1/red/2011-52740/images/56006569,https://ws-public.interpol.int/notices/v1/red/2011-52740/images,https://ws-public.interpol.int/notices/v1/red/2011-52740,M,"ORADEA, BIHOR COUNTY",Romania,,,0.0,0.0,,,MURDER AND AGGRAVATED THEFT,Romania,
1999/32498,NICOLAE,CONDURACHE,1969/12/17,"RO, MD",https://ws-public.interpol.int/notices/v1/red/1999-32498/images/61359044,https://ws-public.interpol.int/notices/v1/red/1999-32498/images,https://ws-public.interpol.int/notices/v1/red/1999-32498,M,"Siscani, Nisporeni",Moldova,['BLU'],,1.73,75.0,"RUM, RUS",,Aggravated murder,Moldova,
