entity_id,forename,name,date_of_birth,nationalities,thumbnail,images,self_link,sex_id,place_of_birth,country_of_birth,eyes_colors_id,hairs_id,height,weight,languages_spoken_ids,distinguishing_marks,arrest_charge,arrest_issuing_country,arrest_charge_translation
2024/66367,LASHA,KAVTARADZE,1998/07/30,GE,https://ws-public.interpol.int/notices/v1/red/2024-66367/images/63222394,https://ws-public.interpol.int/notices/v1/red/2024-66367/images,https://ws-public.interpol.int/notices/v1/red/2024-66367,M,Achmeta,Georgia,,,,,,,"participation in battery, causing moderate bodily injury committed concurrently",Poland,
2024/52664,APALON,TORIA,1987/11/07,GE,https://ws-public.interpol.int/notices/v1/red/2024-52664/images/63163216,https://ws-public.interpol.int/notices/v1/red/2024-52664/images,https://ws-public.interpol.int/notices/v1/red/2024-52664,M,Zugdidi,Georgia,,,1.61,,,,robbery,Poland,
2024/28286,DAVIT,BARABADZE,1979/11/23,GE,https://ws-public.interpol.int/notices/v1/red/2024-28286/images/63063258,https://ws-public.interpol.int/notices/v1/red/2024-28286/images,https://ws-public.interpol.int/notices/v1/red/2024-28286,M,Khoni,Georgia,,,,,,,"grievous bodily injuries, attempted murder in connection with robbery using dangerous tools",Poland,
2024/28312,GIORGI,CHUBINIDZE,1989/06/04,GE,https://ws-public.interpol.int/notices/v1/red/2024-28312/images/63063378,https://ws-public.interpol.int/notices/v1/red/2024-28312/images,https://ws-public.interpol.int/notices/v1/red/2024-28312,M,TBILISI,Georgia,,,0.0,0.0,,,"attempted murder in connection with robbery using dangerous tools, grevious injuries",Poland,
2023/55573,NODARI,CHITASHVILI,1984/08/24,GE,https://ws-public.interpol.int/notices/v1/red/2023-55573/images/62836397,https://ws-public.interpol.int/notices/v1/red/2023-55573/images,https://ws-public.interpol.int/notices/v1/red/2023-55573,M,GURJAANI,Georgia,,,0.0,0.0,,,MEURTRE,France,
2022/22612,GAMLET,GUCHMAZOV,1976/07/09,"RU, GE",https://ws-public.interpol.int/notices/v1/red/2022-22612/images/62409098,https://ws-public.interpol.int/notices/v1/red/2022-22612/images,https://ws-public.interpol.int/notices/v1/red/2022-22612,M,South Ossetia,Georgia,['BRO'],['BLA'],,,"OSS, RUS, GEO",,"4 counts of War crimes:
-unlawful confinement
-torture
-hostage taking
-unlawful transfer",914,
2021/64565,DAVIT,BAGDOSHVILI,1984/10/12,GE,https://ws-public.interpol.int/notices/v1/red/2021-64565/images/62262629,https://ws-public.interpol.int/notices/v1/red/2021-64565/images,https://ws-public.interpol.int/notices/v1/red/2021-64565,M,Adigeni,Georgia,['BRO'],['BRO'],1.85,85.0,GEO,,"aggravated murder, attempted murder, violence in a
group, illegal purchase and carrying of firearms",Georgia,
2021/64279,SHOTA,BAGDOSHVILI,1982/11/30,GE,https://ws-public.interpol.int/notices/v1/red/2021-64279/images/62261609,https://ws-public.interpol.int/notices/v1/red/2021-64279/images,https://ws-public.interpol.int/notices/v1/red/2021-64279,M,ADIGENI,Georgia,['GRE'],['BROF'],1.78,75.0,"RUS, GEO",,"aggravated murder, attempted murder, violence in a
group",Georgia,
2021/9800,KHATABER,SAMUSHIA,1984/09/13,GE,https://ws-public.interpol.int/notices/v1/red/2021-9800/images/62017852,https://ws-public.interpol.int/notices/v1/red/2021-9800/images,https://ws-public.interpol.int/notices/v1/red/2021-9800,M,Tsalenjikha,Georgia,,,,,GEO,,"Aggravated torture and Intentional illegal arrest or
detention",Georgia,
2020/52049,ALEKSANDRE,KHUROSHVILI,1992/06/04,GE,https://ws-public.interpol.int/notices/v1/red/2020-52049/images/61867679,https://ws-public.interpol.int/notices/v1/red/2020-52049/images,https://ws-public.interpol.int/notices/v1/red/2020-52049,M,TBILISI,Georgia,,,0.0,0.0,GEO,scar on the chin,"Breach of safety regulations during the construction of
gas facility that results in less serious bodily injury,
considerable damage or other grave consequences.",Georgia,
2020/41033,STEPAN,PETASHVILI,1967/04/03,"RU, GE",https://ws-public.interpol.int/notices/v1/red/2020-41033/images/61828065,https://ws-public.interpol.int/notices/v1/red/2020-41033/images,https://ws-public.interpol.int/notices/v1/red/2020-41033,M,"Adigeni district, Ude village",Georgia,,['OTHD'],1.8,,"GEO, RUS",,Murder,Russia,
2020/26190,BAKAR,BOLOTASHVILI,1984/11/02,GE,https://ws-public.interpol.int/notices/v1/red/2020-26190/images/61772589,https://ws-public.interpol.int/notices/v1/red/2020-26190/images,https://ws-public.interpol.int/notices/v1/red/2020-26190,M,TBILISI,Georgia,,,0.0,0.0,GEO,,Aggravated Misappropriation or embezzlement,Georgia,
2020/25114,BAGRAT,TSERTSVADZE,1984/05/25,GE,https://ws-public.interpol.int/notices/v1/red/2020-25114/images/61768799,https://ws-public.interpol.int/notices/v1/red/2020-25114/images,https://ws-public.interpol.int/notices/v1/red/2020-25114,M,,,,,0.0,0.0,GEO,,"Article 210 §2 (a) of the Criminal Code of Georgia and Damage of property by deception, the crime punishable under Article 185§3 (a), (b) of the Criminal Code of Georgia.",Georgia,
2019/130259,AYNDI,SURGAEV,1968/10/23,"RU, GE",https://ws-public.interpol.int/notices/v1/red/2019-130259/images/61669654,https://ws-public.interpol.int/notices/v1/red/2019-130259/images,https://ws-public.interpol.int/notices/v1/red/2019-130259,M,SHATOY SETTLEMENT/CHECHEN REPUBLIC,Russia,,,0.0,0.0,"RUS, CHE",,"):  1) participation in illegal armed formation; 2) banditry; 3) illegal acquisition, storage, transfer of firearms and explosive devices; 4) act of terrorism; 5) murder of two or more persons committed by an organized group; 6) attempted murder of two or more persons committed by an organized group; 7) assault with robbery; 8) attempted stealing of firearms, ammunition, explosive devices.",Russia,
2018/57947,DAVID,GURTSIEV,1985/08/05,GE,https://ws-public.interpol.int/notices/v1/red/2018-57947/images/61097544,https://ws-public.interpol.int/notices/v1/red/2018-57947/images,https://ws-public.interpol.int/notices/v1/red/2018-57947,M,akhalgori,Georgia,,,,,"GEO, RUS",,"Illegal deprivation of liberty, committed in group’s conspiracy against two or more persons;
Aiding torture, committed by a group against a detainee or a person otherwise restricted of liberty;",Georgia,
2015/28905,NUGZAR,SUBELIANI,1974/01/01,GE,https://ws-public.interpol.int/notices/v1/red/2015-28905/images/59786426,https://ws-public.interpol.int/notices/v1/red/2015-28905/images,https://ws-public.interpol.int/notices/v1/red/2015-28905,M,Gulripsh,Georgia,,,,,GEO,,murder,Russia,
2017/3955,SALMAN,MUSAEV,1992/06/28,GE,,https://ws-public.interpol.int/notices/v1/red/2017-3955/images,https://ws-public.interpol.int/notices/v1/red/2017-3955,M,Marneuli town,Georgia,['OTHD'],['OTHD'],1.7,,,,Murder,Russia,
2016/40120,AIDAN,GARIBOVA,1989/10/01,"RU, GE",https://ws-public.interpol.int/notices/v1/red/2016-40120/images/60111977,https://ws-public.interpol.int/notices/v1/red/2016-40120/images,https://ws-public.interpol.int/notices/v1/red/2016-40120,F,KARATAKLYA SETTLEMENT OF GARDABANI DISTRICT,Georgia,,,0.0,0.0,"AZE, GEO, RUS",,participation in the activity of a terrorist organization; participation in an illegal arned formation,Russia,
2016/55195,ZAZA,NARMANIA,1969/04/13,GE,https://ws-public.interpol.int/notices/v1/red/2016-55195/images/60164131,https://ws-public.interpol.int/notices/v1/red/2016-55195/images,https://ws-public.interpol.int/notices/v1/red/2016-55195,M,GLDANI VILLAGE,Georgia,,,0.0,0.0,"RUS, GEO",,"Murder, attempted murder, illegal arms trafficking",Russia,
2016/44850,VAKHA,BUGIEV,1977/05/17,"RU, GE",https://ws-public.interpol.int/notices/v1/red/2016-44850/images/60130578,https://ws-public.interpol.int/notices/v1/red/2016-44850/images,https://ws-public.interpol.int/notices/v1/red/2016-44850,M,GROZNY DISTRICT,Russia,['BRO'],['BLA'],1.75,0.0,"RUS, GEO, TUR, ARA",,participation in an illegal armed formation,Russia,
2015/33305,ZAZA,CHITIDZE,1979/04/13,GE,https://ws-public.interpol.int/notices/v1/red/2015-33305/images/59800907,https://ws-public.interpol.int/notices/v1/red/2015-33305/images,https://ws-public.interpol.int/notices/v1/red/2015-33305,M,KUTAISI TOWN,Georgia,,,0.0,0.0,"GEO, RUS",Copious frontal bladness,Assault with robbery,Russia,
2014/40147,GURAMI,BEGALASHVILI,1949/03/17,"RU, GE",https://ws-public.interpol.int/notices/v1/red/2014-40147/images/59552915,https://ws-public.interpol.int/notices/v1/red/2014-40147/images,https://ws-public.interpol.int/notices/v1/red/2014-40147,M,LELETI VILLAGE,Georgia,,,0.0,0.0,"GEO, RUS",,Attempted murder,Russia,
2007/24793,PARMEN,KHUKHIYA,1965/11/01,GE,https://ws-public.interpol.int/notices/v1/red/2007-24793/images/59533359,https://ws-public.interpol.int/notices/v1/red/2007-24793/images,https://ws-public.interpol.int/notices/v1/red/2007-24793,M,TBILISI,Georgia,,,0.0,0.0,GEO,,"creation of a stable armed group (band) with the aim of assaulting individuals or organizations, and also operation of such a group (band), illegal acquisition, transfer, sale, storage, transportation, or bearing of firearms, its basic parts, ammunition, explosives, and explosive devices committed by an organized group, robbery with violence committed by an organized group",Russia,
2007/32475,NOE,GVENETADZE,1964/12/30,GE,https://ws-public.interpol.int/notices/v1/red/2007-32475/images/59533173,https://ws-public.interpol.int/notices/v1/red/2007-32475/images,https://ws-public.interpol.int/notices/v1/red/2007-32475,M,KUTAISY,Georgia,,,0.0,0.0,GEO,,"creation of a stable armed group (band) with the aim of assaulting individuals or organizations, and also operation of such a group (band),  illegal acquisition, transfer, sale, storage, transportation, or bearing of firearms, its basic parts, ammunition, explosives, and explosive devices committed by an organized group, robbery with violence committed by an organized group",Russia,
2014/32447,GIA,SIRADZE,1962/07/19,GE,https://ws-public.interpol.int/notices/v1/red/2014-32447/images/59523621,https://ws-public.interpol.int/notices/v1/red/2014-32447/images,https://ws-public.interpol.int/notices/v1/red/2014-32447,M,,Georgia,,,0.0,0.0,GEO,,"1) Excess of official authority, committed under aggravating circumstances;
2) Taking illegal possession of a firearm for the purpose of appropriation, committed under aggravating circumstances;
3) Intentional grave injury to health;
4) Robbery;",Georgia,
2011/39621,ELEONORA,MAISURADZE,1959/05/18,"GE, RU",https://ws-public.interpol.int/notices/v1/red/2011-39621/images/61540963,https://ws-public.interpol.int/notices/v1/red/2011-39621/images,https://ws-public.interpol.int/notices/v1/red/2011-39621,F,ROSTOV-ON-DON,Russia,,,0.0,0.0,"GEO, RUS",,LARGE-SCALE MISAPPROPRIATION BY FRAUD (8 EPISODES),Russia,
2013/59276,ILYA,GUBELIDZE,1991/11/19,"RU, GE",,https://ws-public.interpol.int/notices/v1/red/2013-59276/images,https://ws-public.interpol.int/notices/v1/red/2013-59276,M,TBILISI,Georgia,,,0.0,0.0,RUS,,murder,Russia,
2008/12362,SHADIMAN,LIPARTELIANI,1973/03/23,GE,https://ws-public.interpol.int/notices/v1/red/2008-12362/images/58610968,https://ws-public.interpol.int/notices/v1/red/2008-12362/images,https://ws-public.interpol.int/notices/v1/red/2008-12362,M,NANARI,Georgia,,['OTHD'],1.75,0.0,"GEO, RUS",,"robbery with violence, committed by an organized group",Russia,
2010/42584,GAGIK,KOGOSOV,1954/08/04,"GE, RU",https://ws-public.interpol.int/notices/v1/red/2010-42584/images/58188358,https://ws-public.interpol.int/notices/v1/red/2010-42584/images,https://ws-public.interpol.int/notices/v1/red/2010-42584,M,TBILISI,,,,,,,,Intentional infliction of a grave injury to health,Russia,
2012/342716,ALEXEY,KERTSGUR,1978/04/30,"GE, IL, LV",https://ws-public.interpol.int/notices/v1/red/2012-342716/images/57728835,https://ws-public.interpol.int/notices/v1/red/2012-342716/images,https://ws-public.interpol.int/notices/v1/red/2012-342716,M,RIGA,Latvia,,,0.0,0.0,"ENG, ARA",,Piracy,Russia,
2012/336957,GEORGY,MARKELIYA,1979/06/27,GE,https://ws-public.interpol.int/notices/v1/red/2012-336957/images/57599683,https://ws-public.interpol.int/notices/v1/red/2012-336957/images,https://ws-public.interpol.int/notices/v1/red/2012-336957,M,SUKHUMI,Georgia,,['OTHD'],0.0,0.0,RUS,,ATTEMPT TO MURDER,Russia,
2012/334858,VALERIAN,ABRAMISHVILI,1976/09/16,GE,https://ws-public.interpol.int/notices/v1/red/2012-334858/images/57536675,https://ws-public.interpol.int/notices/v1/red/2012-334858/images,https://ws-public.interpol.int/notices/v1/red/2012-334858,M,KHOBI TOWN,Georgia,,,0.0,0.0,GEO,,"participation in a stable armed group (band), or in its assaults;
robbery with violence repeatedly committed by a group of persons in a preliminary conspiracy;
theft of a passport or any other important personal document from an individual;
forgery or destruction of the identification number-plate of a motor vehicle committed repeatedly or by a group of persons in a preliminary conspiracy, or by an organized group.",Russia,
2010/34005,MARDUN,GUMASHYAN,1951/03/06,GE,https://ws-public.interpol.int/notices/v1/red/2010-34005/images/54452359,https://ws-public.interpol.int/notices/v1/red/2010-34005/images,https://ws-public.interpol.int/notices/v1/red/2010-34005,M,"SHULAVERI VILLAGE, MARNEULI REGION",Georgia,,,0.0,0.0,,,"TERRORISM / INTENTIONAL MURDER / SMUGGLING / ILLEGAL PURCHASE, TRANSFER, SELLING, STORAGE, TRANSPORTATION AND CARRYING OF FIRE-ARMS, ACCESSORIES TO IT, SUPPLIES, EXPLOSIVES",Azerbaijan,
2010/11387,MALKHAZ,MEPHISASHVILI,1975/08/29,GE,https://ws-public.interpol.int/notices/v1/red/2010-11387/images/54341140,https://ws-public.interpol.int/notices/v1/red/2010-11387/images,https://ws-public.interpol.int/notices/v1/red/2010-11387,M,SAMTREDIA,Georgia,['BLU'],,,80.0,"GEO, RUS",,"1)	 ILLEGAL ACQUISITION, RETENTION AND CARRYING OF AMMUNITION;
2)	ILLEGAL DEPRIVATION OF LIBERTY COMMITTED UNDER AGGRAVATING CIRCUMSTANCES;
3)	ASSAULT WITH THE PURPOSE OF ROBBERY COMMITTED UNDER AGGRAVATING CIRCUMSTANCES;
4)	ATTEMPTED MURDER, COMMITTED UNDER AGGRAVATING CIRCUMSTANCES;",Georgia,
2009/15726,ASIF,MUSAEV,1976/01/01,GE,https://ws-public.interpol.int/notices/v1/red/2009-15726/images/54133700,https://ws-public.interpol.int/notices/v1/red/2009-15726/images,https://ws-public.interpol.int/notices/v1/red/2009-15726,M,VERKHNIY BOLNISSI,Georgia,,,0.0,0.0,"RUS, GEO, AZE",,MURDER,Russia,
2009/16926,KAKHA,GOGITIDZE,1969/02/05,GE,https://ws-public.interpol.int/notices/v1/red/2009-16926/images/54139075,https://ws-public.interpol.int/notices/v1/red/2009-16926/images,https://ws-public.interpol.int/notices/v1/red/2009-16926,M,SABETA,Georgia,,,0.0,0.0,GEO,,MURDER,Russia,
2007/26546,GURAM,AMOEV,1982/07/19,GE,https://ws-public.interpol.int/notices/v1/red/2007-26546/images/53982975,https://ws-public.interpol.int/notices/v1/red/2007-26546/images,https://ws-public.interpol.int/notices/v1/red/2007-26546,M,,Georgia,['OTHD'],['BLA'],1.76,0.0,"RUS, ARM, GEO",,Aggravated robbery and murder,Russia,
2005/15243,LILA,USEIN,1963/11/11,GE,https://ws-public.interpol.int/notices/v1/red/2005-15243/images/61508003,https://ws-public.interpol.int/notices/v1/red/2005-15243/images,https://ws-public.interpol.int/notices/v1/red/2005-15243,F,Tbilisi,Georgia,['BLU'],,1.6,65.0,"GEO, AZE, RUS, TUR",,Trafficking in persons;  trafficking in juveniles;  illegally crossing the state border of Georgia;  preparation or use of forged documents,Georgia,
2005/2157,DAVID,GRDZELIDZE,1972/03/20,GE,https://ws-public.interpol.int/notices/v1/red/2005-2157/images/61521284,https://ws-public.interpol.int/notices/v1/red/2005-2157/images,https://ws-public.interpol.int/notices/v1/red/2005-2157,M,Kaspi,Georgia,['BRO'],['BLA'],1.7,80.0,"RUS, GEO",May be bald,Murder,Georgia,
