entity_id,forename,name,date_of_birth,nationalities,thumbnail,images,self_link,sex_id,place_of_birth,country_of_birth,eyes_colors_id,hairs_id,height,weight,languages_spoken_ids,distinguishing_marks,arrest_charge,arrest_issuing_country,arrest_charge_translation
2024/24006,MOHAMMAD,JAHANTIGHI,1993/02/12,IR,https://ws-public.interpol.int/notices/v1/red/2024-24006/images/63046158,https://ws-public.interpol.int/notices/v1/red/2024-24006/images,https://ws-public.interpol.int/notices/v1/red/2024-24006,M,Gonbadekavoos,Iran,,,,,,,"Aggravated fraud
Aggravated money laundering",Georgia,
2024/24034,ALIREZA,MANSOURIKASHANI,1981/09/21,IR,https://ws-public.interpol.int/notices/v1/red/2024-24034/images/63046301,https://ws-public.interpol.int/notices/v1/red/2024-24034/images,https://ws-public.interpol.int/notices/v1/red/2024-24034,M,Shiraz,Iran,,,,,,,"Aggravated fraud
Aggravated money laundering",Georgia,
2022/73252,TOHID,AHMADZADEHDEHGHAN,1980/04/07,IR,https://ws-public.interpol.int/notices/v1/red/2022-73252/images/62586224,https://ws-public.interpol.int/notices/v1/red/2022-73252/images,https://ws-public.interpol.int/notices/v1/red/2022-73252,M,,,,,,,"PER, AZE",,"smuggling, illegal drug trafficking, committed by organized criminal group in preliminary agreement",Azerbaijan,
2021/76135,HASSAN,RAHBARI GHARADGHLOU,1978/05/29,IR,https://ws-public.interpol.int/notices/v1/red/2021-76135/images/62301740,https://ws-public.interpol.int/notices/v1/red/2021-76135/images,https://ws-public.interpol.int/notices/v1/red/2021-76135,M,,Iran,,,,,,,"murder committed by group of persons, on preliminary arrangement by group of persons, by organized group or criminal community or organization, 
murder committed with special cruelty or in publicly dangers way,
murder committed on mercenary prompting or by order, as well as with a view of use a body of a victim,
murder connected to robbery, extortion, terrorism or gangsters,
kidnapping committed by a group of persons, by a group with a premeditated conspiracy or by an organized group or criminal community or organization,
with application of violence which puts in danger life or health of the victim), 144.2.6 (in mercenary prompting or by order,
extortion by organized group,
with a purpose of occupying large size of property",Azerbaijan,
2019/48344,MEHDI,EBRAHIMIESHRATABADI,1981/06/16,"IR, CY, DM",https://ws-public.interpol.int/notices/v1/red/2019-48344/images/61402894,https://ws-public.interpol.int/notices/v1/red/2019-48344/images,https://ws-public.interpol.int/notices/v1/red/2019-48344,M,MASHHAD,Iran,,,0.0,0.0,"PER, ENG, ARA",,Fraud,Iran,
2018/57775,MALEKSABET,EBRAHIMI,1952/12/11,"IR, CA",https://ws-public.interpol.int/notices/v1/red/2018-57775/images/61254193,https://ws-public.interpol.int/notices/v1/red/2018-57775/images,https://ws-public.interpol.int/notices/v1/red/2018-57775,M,Torbat Jam,Iran,,,,,,,"misappropriation/Breach of trust, Money laundering, fraud,forgery and counterfeiting and leading an organized criminal group",Iran,
2018/96319,SEPEHR,YEGANEHFATHOLLAH,1993/06/29,IR,https://ws-public.interpol.int/notices/v1/red/2018-96319/images/61215179,https://ws-public.interpol.int/notices/v1/red/2018-96319/images,https://ws-public.interpol.int/notices/v1/red/2018-96319,M,,Iran,['BRO'],['BLA'],1.75,75.0,PER,Mole on left cheek,First degree murder,Canada,
2016/69275,ARAM,KOHNEPUSHI,1988/08/15,IR,https://ws-public.interpol.int/notices/v1/red/2016-69275/images/60214164,https://ws-public.interpol.int/notices/v1/red/2016-69275/images,https://ws-public.interpol.int/notices/v1/red/2016-69275,M,,,['BRO'],['BLA'],1.74,113.0,KUR,,1) Aggravated Fraud 2) Aggravated Forgery,Finland,
2015/53137,RUSTAM,BULEDI,1989/09/08,IR,https://ws-public.interpol.int/notices/v1/red/2015-53137/images/59863984,https://ws-public.interpol.int/notices/v1/red/2015-53137/images,https://ws-public.interpol.int/notices/v1/red/2015-53137,M,RASK  SARBAZ SISTAN,Iran,['BLA'],['BLA'],1.65,55.0,"PER, URD, BAL",,Murder,Pakistan,
2015/53125,JANGI,ABARKAR,1979/10/23,IR,https://ws-public.interpol.int/notices/v1/red/2015-53125/images/59863970,https://ws-public.interpol.int/notices/v1/red/2015-53125/images,https://ws-public.interpol.int/notices/v1/red/2015-53125,M,PARODH SARBAZ,Iran,['BLA'],['BLA'],1.65,70.0,"URD, BAL, PER",,Murder,Pakistan,
2015/53062,ISMAIL,HAJI ISMAIL BALOCH,1949,"IR, PK",https://ws-public.interpol.int/notices/v1/red/2015-53062/images/59863778,https://ws-public.interpol.int/notices/v1/red/2015-53062/images,https://ws-public.interpol.int/notices/v1/red/2015-53062,M,NOKEH KHAN SOROO MAND DISTRICT KECH,Pakistan,['BLA'],['BLA'],1.95,95.0,"URD, PER, BAL",,Murder,Pakistan,
2015/53080,NAZIR,AHMED,1985,"PK, IR",https://ws-public.interpol.int/notices/v1/red/2015-53080/images/59863834,https://ws-public.interpol.int/notices/v1/red/2015-53080/images,https://ws-public.interpol.int/notices/v1/red/2015-53080,M,"RASKH SISTAN,",Iran,['BLA'],['BLA'],1.68,60.0,"PER, BAL, URD",Lemb by right leg,Murder,Pakistan,
2013/58585,MOHAMMADAMIN,ROOINTAN,1985/04/19,IR,https://ws-public.interpol.int/notices/v1/red/2013-58585/images/59270796,https://ws-public.interpol.int/notices/v1/red/2013-58585/images,https://ws-public.interpol.int/notices/v1/red/2013-58585,M,GOMISHAN,Iran,,,0.0,0.0,PER,,"Murder, committed with particular cruelty and self- interest.",Georgia,
2005/32175,BEKHMAN KHAMID,RUDKARAMI,1969/04/18,IR,https://ws-public.interpol.int/notices/v1/red/2005-32175/images/54001492,https://ws-public.interpol.int/notices/v1/red/2005-32175/images,https://ws-public.interpol.int/notices/v1/red/2005-32175,M,SHIRAZ,Iran,,,0.0,0.0,"ARA, RUS",,Illegal possession of drugs,Russia,
2007/49960,MOHSEN,RABBANI,1952/12/23,IR,https://ws-public.interpol.int/notices/v1/red/2007-49960/images/53803109,https://ws-public.interpol.int/notices/v1/red/2007-49960/images,https://ws-public.interpol.int/notices/v1/red/2007-49960,M,Torbatheidarieh,Iran,,,,,ARA,,"Homicidio calificado, doblemente agravado (por haber sido cometido por odio racial o religioso y por ser un medio idóneo para causar un peligro común) en perjuicio de 85 víctimas fatales, en concurso ideal con lesiones leves y lesiones graves calificadas, en forma reiterada y daños múltiples agravados por haber sido cometidos por odio racial o religioso",Argentina,
2007/49959,AHMAD REZA,ASGHARI,1961/07/11,IR,https://ws-public.interpol.int/notices/v1/red/2007-49959/images/53803099,https://ws-public.interpol.int/notices/v1/red/2007-49959/images,https://ws-public.interpol.int/notices/v1/red/2007-49959,M,ALIGODARZ,Iran,['BRO'],['BLA'],1.7,67.0,"ARA, ENG",,"Homicidio calificado, doblemente agravado (por haber sido cometido por odio racial o religioso y por ser un medio idóneo para causar un peligro común) en perjuicio de 85 víctimas fatales, en concurso ideal con lesiones leves y lesiones graves calificadas, en forma reiterada y daños múltiples agravados por haber sido cometidos por odio racial o religioso",Argentina,
2006/34754,ALI,FALLAHIJAN,1949,IR,https://ws-public.interpol.int/notices/v1/red/2006-34754/images/61184821,https://ws-public.interpol.int/notices/v1/red/2006-34754/images,https://ws-public.interpol.int/notices/v1/red/2006-34754,M,NAJAFABAD / ESFAHAN,Iran,['BRO'],['BRO'],1.735,92.5,,,HOMICIDIO AGRAVADO Y DAÑO AGRAVADO,Argentina,
2007/41650,MEHDI,GANJIZADEH,1984/11/11,"IR, US",https://ws-public.interpol.int/notices/v1/red/2007-41650/images/61192020,https://ws-public.interpol.int/notices/v1/red/2007-41650/images,https://ws-public.interpol.int/notices/v1/red/2007-41650,M,"Beaumont, Texas",United States of America,['BRO'],['BLA'],1.825,78.5,ENG,,"(1) Aggravated assault- deadly weapon
(2) Possession of child pornography (2 counts)",United States of America,
2007/14648,NASSAR,ALAVI,1944/10/18,"CA, US, IR",https://ws-public.interpol.int/notices/v1/red/2007-14648/images/61250498,https://ws-public.interpol.int/notices/v1/red/2007-14648/images,https://ws-public.interpol.int/notices/v1/red/2007-14648,M,,Iran,['BRO'],['BRO'],1.655,61.5,"PER, ENG",,"(1) Rape by foreign object
(2) Sexual battery - fraudulent professional purpose (6 counts)",United States of America,
2006/29019,GHASEMI,ALI,1973/10/23,IR,https://ws-public.interpol.int/notices/v1/red/2006-29019/images/61370640,https://ws-public.interpol.int/notices/v1/red/2006-29019/images,https://ws-public.interpol.int/notices/v1/red/2006-29019,M,,Iran,,,,,PER,,Drug smuggling,China,
