entity_id,forename,name,date_of_birth,nationalities,thumbnail,images,self_link,sex_id,place_of_birth,country_of_birth,eyes_colors_id,hairs_id,height,weight,languages_spoken_ids,distinguishing_marks,arrest_charge,arrest_issuing_country,arrest_charge_translation
2023/27119,EDUARDO,GUTIERREZ ANGULO,1975/11/08,CO,,https://ws-public.interpol.int/notices/v1/red/2023-27119/images,https://ws-public.interpol.int/notices/v1/red/2023-27119,M,CALI,Colombia,,,,,SPA,,VIOLACION,Bolivia,
2023/18551,YULEIDY,SILVA,1987/08/15,CO,https://ws-public.interpol.int/notices/v1/red/2023-18551/images/62695513,https://ws-public.interpol.int/notices/v1/red/2023-18551/images,https://ws-public.interpol.int/notices/v1/red/2023-18551,F,BOGOTÁ,Colombia,['BRO'],['BRO'],0.0,0.0,"SPA, POR",,Murder,Brazil,
2019/60385,EDISON,GONZALES BOTERO,1975/08/04,CO,https://ws-public.interpol.int/notices/v1/red/2019-60385/images/61443670,https://ws-public.interpol.int/notices/v1/red/2019-60385/images,https://ws-public.interpol.int/notices/v1/red/2019-60385,M,"LEON, MEDELLIN",Colombia,['BROD'],['OTHD'],,100.0,SPA,,ASESINATO,Nicaragua,
2019/89223,IVAN LUCIANO MARQUEZ,MARIN ARANGO,1955/06/16,CO,https://ws-public.interpol.int/notices/v1/red/2019-89223/images/61532302,https://ws-public.interpol.int/notices/v1/red/2019-89223/images,https://ws-public.interpol.int/notices/v1/red/2019-89223,M,FLORENCIA - CAQUETA,Colombia,,,1.75,0.0,SPA,,Desaparición forzada agravada y homicidio en persona protegida,Colombia,
2019/89223,IVAN LUCIANO MARQUEZ,MARIN ARANGO,1955/06/16,CO,https://ws-public.interpol.int/notices/v1/red/2019-89223/images/61532302,https://ws-public.interpol.int/notices/v1/red/2019-89223/images,https://ws-public.interpol.int/notices/v1/red/2019-89223,M,FLORENCIA - CAQUETA,Colombia,,,1.75,0.0,SPA,,Desaparición forzada agravada y homicidio en persona protegida,Colombia,
2021/40054,MOISES,BAUTISTA NUÑEZ,1965/06/02,CO,https://ws-public.interpol.int/notices/v1/red/2021-40054/images/62173948,https://ws-public.interpol.int/notices/v1/red/2021-40054/images,https://ws-public.interpol.int/notices/v1/red/2021-40054,M,GUASCAS,Colombia,,,0.0,0.0,SPA,,"Ley 599 de 2000- CÓDIGO PENAL COLOMBIANO -TÍTULO II-DELITOS CONTRA PERSONAS Y BIENES PROTEGIDOS POR EL DERECHO INTERNACIONAL HUMANITARIO-CAPÍTULO UNICO

•	Artículo 162 del Código Penal Colombiano, Reclutamiento ilícito, incurrirá en prisión de seis (6) a diez (10) años y multa de seiscientos (600) a mil (1.000) salarios mínimos legales mensuales vigentes

TÍTULO XVIII.
DE LOS DELITOS CONTRA EL REGIMEN CONSTITUCIONAL Y LEGAL
CAPÍTULO ÚNICO.
DE LA REBELIÓN, SEDICIÓN Y ASONADA
Artículo 467. Rebelión.",Colombia,
2019/73228,ARTURO,ARCHILA RINCON,1964/12/01,CO,,https://ws-public.interpol.int/notices/v1/red/2019-73228/images,https://ws-public.interpol.int/notices/v1/red/2019-73228,M,BOGOTA D.C. - CUNDINAMARCA,Colombia,,,0.0,0.0,SPA,,"Ley 599 de 2000- CÓDIGO PENAL COLOMBIANO -TÍTULO II-DELITOS CONTRA PERSONAS Y BIENES PROTEGIDOS POR EL DERECHO INTERNACIONAL HUMANITARIO-CAPÍTULO UNICO

•	Artículo 162 del Código Penal Colombiano, Reclutamiento ilícito, incurrirá en prisión de seis (6) a diez (10) años y multa de seiscientos (600) a mil (1.000) salarios mínimos legales mensuales vigentes

TÍTULO XVIII.
DE LOS DELITOS CONTRA EL REGIMEN CONSTITUCIONAL Y LEGAL
CAPÍTULO ÚNICO.
DE LA REBELIÓN, SEDICIÓN Y ASONADA
Artículo 467. Rebelión.",Colombia,
2019/25047,ADELMO,AGUIRRE,1971/12/30,CO,https://ws-public.interpol.int/notices/v1/red/2019-25047/images/61322077,https://ws-public.interpol.int/notices/v1/red/2019-25047/images,https://ws-public.interpol.int/notices/v1/red/2019-25047,M,SARAVENA - ARAUCA,Colombia,,,1.71,0.0,SPA,"CIC. ANUL., IND, MED IZQ. DER. (SIN ESPECIFICAR)","Ley 599 de 2000- CÓDIGO PENAL COLOMBIANO -TÍTULO II-DELITOS CONTRA PERSONAS Y BIENES PROTEGIDOS POR EL DERECHO INTERNACIONAL HUMANITARIO-CAPÍTULO UNICO

•	Artículo 162 del Código Penal Colombiano, Reclutamiento ilícito, incurrirá en prisión de seis (6) a diez (10) años y multa de seiscientos (600) a mil (1.000) salarios mínimos legales mensuales vigentes

TÍTULO XVIII.
DE LOS DELITOS CONTRA EL REGIMEN CONSTITUCIONAL Y LEGAL
CAPÍTULO ÚNICO.
DE LA REBELIÓN, SEDICIÓN Y ASONADA
Artículo 467. Rebelión.",Colombia,
2005/30404,GUSTAVO ANIBAL,GIRALDO QUINCHIA,1968/02/17,CO,https://ws-public.interpol.int/notices/v1/red/2005-30404/images/61640779,https://ws-public.interpol.int/notices/v1/red/2005-30404/images,https://ws-public.interpol.int/notices/v1/red/2005-30404,M,BOGOTA /CUNDINAMARCA,Colombia,['BRO'],['BRO'],1.7,0.0,SPA,,"Ley 599 de 2000- CÓDIGO PENAL COLOMBIANO -TÍTULO II-DELITOS CONTRA PERSONAS Y BIENES PROTEGIDOS POR EL DERECHO INTERNACIONAL HUMANITARIO-CAPÍTULO UNICO

•	Artículo 162 del Código Penal Colombiano, Reclutamiento ilícito, incurrirá en prisión de seis (6) a diez (10) años y multa de seiscientos (600) a mil (1.000) salarios mínimos legales mensuales vigentes

TÍTULO XVIII.
DE LOS DELITOS CONTRA EL REGIMEN CONSTITUCIONAL Y LEGAL
CAPÍTULO ÚNICO.
DE LA REBELIÓN, SEDICIÓN Y ASONADA
Artículo 467. Rebelión.",Colombia,
2021/38505,JONHATAN DAVID,PEÑA RAVE,1989/08/28,CO,https://ws-public.interpol.int/notices/v1/red/2021-38505/images/62173267,https://ws-public.interpol.int/notices/v1/red/2021-38505/images,https://ws-public.interpol.int/notices/v1/red/2021-38505,M,"DEPARTAMENTO DE ANTIOQUIA, MUNICIPIO DE MEDELLÍN",Colombia,,,,,SPA,,CONTRABANDO DE ESTUPEFACIENTES,Argentina,
2021/423,LUIS EDUARDO,DURAN FAJARDO,1970/04/17,CO,https://ws-public.interpol.int/notices/v1/red/2021-423/images/61985789,https://ws-public.interpol.int/notices/v1/red/2021-423/images,https://ws-public.interpol.int/notices/v1/red/2021-423,M,,Colombia,,,,,SPA,,"INFRACCION A LA LEY 22.415 DEL CODIGO ADUANERO ARGENTINO, SOBRE CONTRABANDO.",Argentina,
2020/72061,JULIAN,GARCIA SALAZAR,1984/05/18,CO,https://ws-public.interpol.int/notices/v1/red/2020-72061/images/61937145,https://ws-public.interpol.int/notices/v1/red/2020-72061/images,https://ws-public.interpol.int/notices/v1/red/2020-72061,M,"SALAMINA, DEPARTAMENTO CALDAS",Colombia,,,0.0,0.0,SPA,,HOMICIDIO CALIFICADO POR EL USO DE ARMA DE FUEGO EN GRADO DE TENTATIVA,Argentina,
2018/55088,SALVATORE,MANCUSO GOMEZ,1964/08/17,CO,https://ws-public.interpol.int/notices/v1/red/2018-55088/images/61090365,https://ws-public.interpol.int/notices/v1/red/2018-55088/images,https://ws-public.interpol.int/notices/v1/red/2018-55088,M,MONTERIA - CORDOBA,Colombia,,,1.89,0.0,"ENG, ITA, SPA",,"TÍTULO II, DELITOS CONTRA PERSONAS Y BIENES PROTEGIDOS POR EL DERECHO INTERNACIONAL HUMANITARIO, CAPÍTULO ÚNICO,ARTÍCULO  135. Homicidio en persona protegida y ARTÍCULO 159. Deportación, expulsión, traslado o desplazamiento forzado de población civil. 
TÍTULO III, DELITOS CONTRA LA LIBERTAD INDIVIDUAL Y OTRAS GARANTÍAS, CAPÍTULO PRIMERO, DE LA DESAPARICIÓN FORZADA, ARTÍCULO  165. Desaparición forzada.",Colombia,
2020/11822,JULIO CESAR,CEBALLOS ALVAREZ,1999/01/17,CO,https://ws-public.interpol.int/notices/v1/red/2020-11822/images/61721890,https://ws-public.interpol.int/notices/v1/red/2020-11822/images,https://ws-public.interpol.int/notices/v1/red/2020-11822,M,Montenegro,Colombia,,,,,SPA,,CONTRA LA VIDA Y LA INTEGRIDAD PERSONAL,Panama,
2019/71319,SEUXIS PAUCIAS,HERNANDEZ SOLARTE,1966/07/30,CO,https://ws-public.interpol.int/notices/v1/red/2019-71319/images/61480542,https://ws-public.interpol.int/notices/v1/red/2019-71319/images,https://ws-public.interpol.int/notices/v1/red/2019-71319,M,TOLUVIEJO SUCRE,Colombia,['BRO'],['GRYG'],1.65,0.0,SPA,,"CONCIERTO PARA DELINQUIR AGRAVADO y TRÁFICO, FABRICACIÓN O PORTE DE ESTUPEFACIENTES AGRAVADO.",Colombia,
2019/15269,RONALD BERNARDO,VARGAS LONDOÑO,1994/01/27,CO,https://ws-public.interpol.int/notices/v1/red/2019-15269/images/61275278,https://ws-public.interpol.int/notices/v1/red/2019-15269/images,https://ws-public.interpol.int/notices/v1/red/2019-15269,M,MEDELLIN,Colombia,,,,,SPA,,EVASION,Guatemala,
2002/25290,RAFAEL,SIERRA GRANADOS,1943/12/29,CO,https://ws-public.interpol.int/notices/v1/red/2002-25290/images/53283174,https://ws-public.interpol.int/notices/v1/red/2002-25290/images,https://ws-public.interpol.int/notices/v1/red/2002-25290,M,RIOFRIO / MAGDALENA,Colombia,['BRO'],,1.71,0.0,SPA,,"SECUESTRO, HOMICIDIO AGRAVADO Y HURTO CALIFICADO Y AGRAVADO",Colombia,
2005/35487,ANA MARIA,FLOREZ SILVA,1967/01/19,CO,https://ws-public.interpol.int/notices/v1/red/2005-35487/images/55116047,https://ws-public.interpol.int/notices/v1/red/2005-35487/images,https://ws-public.interpol.int/notices/v1/red/2005-35487,F,CUNDINAMARCA / BOGOTA,Colombia,,,1.6,0.0,SPA,,"PREVARICATO POR ACCIÓN EN CONCURSO HOMOGÉNEO Y SUCESIVO, FRAUDE PROCESAL.",Colombia,
2016/66665,CRISTIAN DAVID,JARAMILLO MEDINA,1995/02/24,CO,,https://ws-public.interpol.int/notices/v1/red/2016-66665/images,https://ws-public.interpol.int/notices/v1/red/2016-66665,M,MANIZALES,Colombia,['BROD'],,1.7,0.0,SPA,,HOMICIDIO DOLOSO,Panama,
2014/49075,MIGUEL ANGEL,RAMOS MEJIA,1974/09/24,CO,https://ws-public.interpol.int/notices/v1/red/2014-49075/images/59993206,https://ws-public.interpol.int/notices/v1/red/2014-49075/images,https://ws-public.interpol.int/notices/v1/red/2014-49075,M,GAMARRA CESAR,Colombia,['BROD'],,1.65,0.0,SPA,,LESIONES PERSONALES Y HOMICIDIO SIMPLE.,Colombia,
2016/661,REINALDO DE JESUS,LOPEZ VASQUEZ,1957/10/06,CO,https://ws-public.interpol.int/notices/v1/red/2016-661/images/59975535,https://ws-public.interpol.int/notices/v1/red/2016-661/images,https://ws-public.interpol.int/notices/v1/red/2016-661,M,RIOFRIO VALLE,Colombia,,,1.73,0.0,SPA,,ACTOS SEXUALES CON MENOR DE CATORCE AÑOS.,Colombia,
2015/79032,LILIANA,PARDO GAONA,1968/01/30,CO,https://ws-public.interpol.int/notices/v1/red/2015-79032/images/59949587,https://ws-public.interpol.int/notices/v1/red/2015-79032/images,https://ws-public.interpol.int/notices/v1/red/2015-79032,F,BOGOTÁ-CUNDINAMARCA,Colombia,['BROL'],['HAID'],1.62,58.0,SPA,,"PECULADO POR APROPIACIÓN AGRAVADO EN FAVOR DE TERCEROS, INTERÉS INDEBIDO EN CELEBRACIÓN DE CONTRATOS, CONTRATO SIN EL CUMPLIMIENTO DE REQUISITOS LEGALES.",Colombia,
2015/63623,HENRY FELIPE,IBARRA RAMIREZ,1967/07/28,CO,https://ws-public.interpol.int/notices/v1/red/2015-63623/images/59899901,https://ws-public.interpol.int/notices/v1/red/2015-63623/images,https://ws-public.interpol.int/notices/v1/red/2015-63623,M,,Colombia,,,,,SPA,,"CONTRABANDO POR OCULTACION, AGRAVADO POR LA INTERVENCION DE TRES O MAS PERSONAS Y POR TRATARSE DE SUSTANCIAS ESTUPEFACIENTES ELABORADAS Y DESTINADAS A SER COMERCIALIZADAS FUERA DEL TERRITORIO NACIONAL, EN GRADO DE TENTATIVA -DOS HECHOS-, EN CONCURSO REAL CON EL DELITO DE TENENCIA CON FINES DE COMERCIALIZACION, AGRAVADO POR LA INTERVENCION DE TRES O MAS PERSONAS, TODO ELLO EN CALIDAD DE COAUTORES",Argentina,
2015/52561,GENER,GARCIA MOLINA,1963/08/23,CO,https://ws-public.interpol.int/notices/v1/red/2015-52561/images/61986941,https://ws-public.interpol.int/notices/v1/red/2015-52561/images,https://ws-public.interpol.int/notices/v1/red/2015-52561,M,SAN MARTIN - META,Colombia,,,0.0,0.0,SPA,,SECUESTRO EXTORSIVO AGRAVADO,Colombia,
2015/56791,JOSE BALTAZAR,HERRERA GIRALDO,1965/01/06,CO,https://ws-public.interpol.int/notices/v1/red/2015-56791/images/59875186,https://ws-public.interpol.int/notices/v1/red/2015-56791/images,https://ws-public.interpol.int/notices/v1/red/2015-56791,M,SAN LUIS ANTIOQUIA,Colombia,,,1.57,0.0,SPA,,SECUESTRO EXTORSIVO Y HOMICIDIO,Colombia,
2013/56259,GUSTAVO,GIRALDO DUQUE,1946/09/09,CO,https://ws-public.interpol.int/notices/v1/red/2013-56259/images/59218651,https://ws-public.interpol.int/notices/v1/red/2013-56259/images,https://ws-public.interpol.int/notices/v1/red/2013-56259,M,MARULANDA CALDAS,Colombia,['OTHL'],,1.6,0.0,SPA,,"HOMICIDIO AGRAVADO, CONCIERTO PARA DELINQUIR.",Colombia,
2015/52561,GENER,GARCIA MOLINA,1963/08/23,CO,https://ws-public.interpol.int/notices/v1/red/2015-52561/images/61986941,https://ws-public.interpol.int/notices/v1/red/2015-52561/images,https://ws-public.interpol.int/notices/v1/red/2015-52561,M,SAN MARTIN - META,Colombia,,,0.0,0.0,SPA,,SECUESTRO EXTORSIVO AGRAVADO,Colombia,
2015/32810,FABIO,LEGUIZAMON PULIDO,1973/05/11,CO,https://ws-public.interpol.int/notices/v1/red/2015-32810/images/59799110,https://ws-public.interpol.int/notices/v1/red/2015-32810/images,https://ws-public.interpol.int/notices/v1/red/2015-32810,M,TAME - ARAUCA,Colombia,,,1.83,0.0,SPA,,HOMICIDIO AGRAVADO  Y CONCIERTO PARA DELINQUIR,Colombia,
2015/28318,SAMUEL FERNANDO,HERRERA BETANCOURTH,1970/05/24,CO,https://ws-public.interpol.int/notices/v1/red/2015-28318/images/59784068,https://ws-public.interpol.int/notices/v1/red/2015-28318/images,https://ws-public.interpol.int/notices/v1/red/2015-28318,M,GARZÓN-HUILA,Colombia,,,1.67,0.0,SPA,,HOMICIDIO AGRAVADO,Colombia,
2014/61918,FREDIS RENTERIA,TRUJILLO,1965/07/07,CO,https://ws-public.interpol.int/notices/v1/red/2014-61918/images/59630047,https://ws-public.interpol.int/notices/v1/red/2014-61918/images,https://ws-public.interpol.int/notices/v1/red/2014-61918,M,BUENA VENTURA,Colombia,['BRO'],['BLA'],1.63,66.0,SPA,"TRUJILLO has a discoloration or mole on his chin, and scars on his back, chest, forehead, right leg, right thigh, right forearm, and upper left arm. TRUJILLO has tattoos on his upper left arm of a panther, and his upper right arm of a heart.",Possession with intent to distribute cocaine base (crack),United States of America,
2014/33517,ANDRES FELIPE,ALZATE PARRA,1972/06/20,"CO, ES",https://ws-public.interpol.int/notices/v1/red/2014-33517/images/59528016,https://ws-public.interpol.int/notices/v1/red/2014-33517/images,https://ws-public.interpol.int/notices/v1/red/2014-33517,M,MEDELLIN,Colombia,,,0.0,0.0,,a scarf on his right side,"participation in a criminal organisation, forgery of administrative documents and trafficking
therein",Poland,
2014/1492,EUDES,OJEDA OVANDO,1968/12/20,CO,https://ws-public.interpol.int/notices/v1/red/2014-1492/images/59392288,https://ws-public.interpol.int/notices/v1/red/2014-1492/images,https://ws-public.interpol.int/notices/v1/red/2014-1492,M,"EL ROSARIO, NARINO",Colombia,,['OTHD'],0.0,0.0,SPA,OJEDA OVANDO has a glass eye.,"1) Conspiracy to commit hostage taking resulting in death 
2) Hostage taking (3 counts)",United States of America,
2014/1472,FIDEL,CASTRO MURILLO,1959/07/25,CO,https://ws-public.interpol.int/notices/v1/red/2014-1472/images/59392174,https://ws-public.interpol.int/notices/v1/red/2014-1472/images,https://ws-public.interpol.int/notices/v1/red/2014-1472,M,CALI,Colombia,['OTHD'],['GRYG'],0.0,0.0,SPA,,"1) Conspiracy to commit hostage taking resulting in death 
2) Hostage taking (3 counts)",United States of America,
2013/3337,RAUL,OSPINA,1951/06/06,"CO, US",https://ws-public.interpol.int/notices/v1/red/2013-3337/images/58074801,https://ws-public.interpol.int/notices/v1/red/2013-3337/images,https://ws-public.interpol.int/notices/v1/red/2013-3337,M,UNITED STATES,,,,,,,,"ART. 110, 81 CODE PENAL ET ART. 73, 80 D.P.R 309/90",Italy,
2011/63168,JOSE BENITO,CABRERA,1963/07/06,CO,https://ws-public.interpol.int/notices/v1/red/2011-63168/images/56328869,https://ws-public.interpol.int/notices/v1/red/2011-63168/images,https://ws-public.interpol.int/notices/v1/red/2011-63168,M,PAUJIL / CAQUETA,Colombia,,['OTHD'],0.0,0.0,SPA,CABRERA may have a mustache.,"1)CONSPIRACY TO COMMIT HOSTAGE TAKING (1 COUNT),

2)HOSTAGE TAKING; AIDING AND ABETTING AND CAUSING AN ACT TO BE DONE (3 COUNTS),

3)USING AND CARRYING A FIREARM DURING A CRIME OF VIOLENCE; AIDING ABD ABETTING AND CAUSING AN ACT TO BE DONE (1 COUNT),

4)CONSPIRACY TO PROVIDE MATERIAL SUPPORT TO TERRORISTS (1 COUNT),

5)CONSPIRACY TO PROVIDE MATERIAL SUPPORT OR RESOURCES TO A DESIGNATED FOREGN TERRORIST ORGANIZATION (1 COUNT).",United States of America,
2011/57598,OCTAVIO,ORREGO SANCHEZ,1981/11/30,CO,https://ws-public.interpol.int/notices/v1/red/2011-57598/images/56140692,https://ws-public.interpol.int/notices/v1/red/2011-57598/images,https://ws-public.interpol.int/notices/v1/red/2011-57598,M,,Colombia,,['OTHD'],0.0,0.0,SPA,,"1) Conspiracy to Commit Hostage Taking (1 count)
2) Hostage Taking (3 counts)
3) Using a Firearm During a Crime of Violence (1 count)
4) Conspiracy to Provide Material Support to Terrorists (1 count)
5) Conspiracy to Provide Material Support or Resources to a Designated Foreign Terrorist Organization (1 count)",United States of America,
2011/53226,CARLOS ARTURO,CESPEDES TOVAR,1982/09/18,CO,https://ws-public.interpol.int/notices/v1/red/2011-53226/images/56019109,https://ws-public.interpol.int/notices/v1/red/2011-53226/images,https://ws-public.interpol.int/notices/v1/red/2011-53226,M,,Colombia,,['OTHD'],0.0,0.0,SPA,,"1) Conspiracy to Commit Hostage Taking (1 count)
2) Murder of a U.S. National Outside the U.S. (1 count)
3) Hostage Taking (3 counts)
4) Using a Firearm During a Crime of Violence (1 count)
5) Conspiracy to Provide Material Support to Terrorists (1 count)
6) Conspiracy to Provide Material Support or Resources to a Designated Foreign Terrorist Organization (1 count)",United States of America,
2011/52924,JESUS EMILIO,CARVAJALINO,1955/03/15,CO,https://ws-public.interpol.int/notices/v1/red/2011-52924/images/56010969,https://ws-public.interpol.int/notices/v1/red/2011-52924/images,https://ws-public.interpol.int/notices/v1/red/2011-52924,M,,Colombia,,['OTHD'],0.0,0.0,SPA,,"1) Conspiracy to Commit Hostage Taking (1 count)
2) Hostage Taking (3 counts)
3) Using a Firearm During a Crime of Violence (1 count)
4) Conspiracy to Provide Material Support to Terrorists (1 count)
5) Conspiracy to Provide Material Support or Resources to a Designated Foreign Terrorist Organization (1 count)",United States of America,
2011/52962,MILTON,DE JESUS TONCEL,1947/05/18,CO,https://ws-public.interpol.int/notices/v1/red/2011-52962/images/56012153,https://ws-public.interpol.int/notices/v1/red/2011-52962/images,https://ws-public.interpol.int/notices/v1/red/2011-52962,M,,Colombia,,,0.0,0.0,SPA,,"1) Conspiracy to Commit Hostage Taking (1 count)
2) Hostage Taking (3 counts)
3) Using a Firearm During a Crime of Violence (1 count)
4) Conspiracy to Provide Material Support to Terrorists (1 count)
5) Conspiracy to Provide Material Support or Resources to a Designated Foreign Terrorist Organization (1 count)",United States of America,
2011/53269,DANIEL,TAMAYO SANCHEZ,1957/06/15,CO,https://ws-public.interpol.int/notices/v1/red/2011-53269/images/56020449,https://ws-public.interpol.int/notices/v1/red/2011-53269/images,https://ws-public.interpol.int/notices/v1/red/2011-53269,M,,Colombia,,['OTHD'],,,SPA,TAMAYO SANCHEZ may have a scar on one of his feet as a result of being shot.,"1) Conspiracy to Commit Hostage Taking (1 count)
2) Hostage Taking (3 counts)
3) Using a Firearm During a Crime of Violence (1 count)
4) Conspiracy to Provide Material Support to Terrorists (1 count)
5) Conspiracy to Provide Material Support or Resources to a Designated Foreign Terrorist Organization (1 count)",United States of America,
2011/53181,JUAN CARLOS,REINA CHICA,1980/01/31,CO,https://ws-public.interpol.int/notices/v1/red/2011-53181/images/56019209,https://ws-public.interpol.int/notices/v1/red/2011-53181/images,https://ws-public.interpol.int/notices/v1/red/2011-53181,M,,Colombia,,,0.0,0.0,SPA,,"1) Conspiracy to Commit Hostage Taking (1 count)
2) Murder of a U.S. National Outside the U.S. (1 count)
3) Hostage Taking (3 counts)
4) Using a Firearm During a Crime of Violence (1 count)
5) Conspiracy to Provide Material Support to Terrorists (1 count)
6) Conspiracy to Provide Material Support or Resources to a Designated Foreign Terrorist Organization (1 count)",United States of America,
2011/53205,JAIME,CORTES MEJIA,1979/10/15,CO,https://ws-public.interpol.int/notices/v1/red/2011-53205/images/56018569,https://ws-public.interpol.int/notices/v1/red/2011-53205/images,https://ws-public.interpol.int/notices/v1/red/2011-53205,M,,,,['OTHD'],0.0,0.0,SPA,,"1) Conspiracy to Commit Hostage Taking (1 count)
2) Murder of a U.S. National Outside the U.S. (1 count)
3) Hostage Taking (3 counts)
4) Using a Firearm During a Crime of Violence (1 count)
5) Conspiracy to Provide Material Support to Terrorists (1 count)
6) Conspiracy to Provide Material Support or Resources to a Designated Foreign Terrorist Organization (1 count)",United States of America,
2011/52677,CARLOS ALBERTO,GARCIA,1963/01/10,CO,https://ws-public.interpol.int/notices/v1/red/2011-52677/images/56004871,https://ws-public.interpol.int/notices/v1/red/2011-52677/images,https://ws-public.interpol.int/notices/v1/red/2011-52677,M,,Colombia,,['OTHD'],0.0,0.0,SPA,,"1) Conspiracy to Commit Hostage Taking (1 count)
2) Murder of a U.S. National Outside the U.S. (1 count)
3) Hostage Taking (3 counts)
4) Using a Firearm During a Crime of Violence (1 count)
5) Conspiracy to Provide Material Support to Terrorists (1 count)
6) Conspiracy to Provide Material Support or Resources to a Designated Foreign Terrorist Organization (1 count)",United States of America,
2011/52637,MIGUEL,SANTANILLA BOTACHE,1964/10/15,CO,https://ws-public.interpol.int/notices/v1/red/2011-52637/images/56004011,https://ws-public.interpol.int/notices/v1/red/2011-52637/images,https://ws-public.interpol.int/notices/v1/red/2011-52637,M,,Colombia,,['OTHD'],0.0,0.0,SPA,,"1) Conspiracy to Commit Hostage Taking (1 count)
2) Hostage Taking (3 counts)
3) Using a Firearm During a Crime of Violence (1 count)
4) Conspiracy to Provide Material Support to Terrorists (1 count)
5) Conspiracy to Provide Material Support or Resources to a Designated Foreign Terrorist Organization (1 count)",United States of America,
2011/52650,HUGO ALBERTO,RUBIO LOZANO,1982/10/28,CO,https://ws-public.interpol.int/notices/v1/red/2011-52650/images/56004329,https://ws-public.interpol.int/notices/v1/red/2011-52650/images,https://ws-public.interpol.int/notices/v1/red/2011-52650,M,,Colombia,,['OTHD'],0.0,0.0,SPA,,"1) Conspiracy to Commit Hostage Taking (1 count)
2) Hostage Taking; Aiding and Abetting and Causing an Act to be done (3 counts)
3) Using and Carrying a Firearm During a Crime of Violence; Aiding and Abetting and Causing an Act to be done (1 count)
4) Conspiracy to Provide Material Support to Terrorists (1 count)
5) Conspiracy to Provide Material Support or Resources to a Designated Foreign Terrorist Organization (1 count)",United States of America,
2011/52664,LUIS ALBERTO,JIMENEZ MARTINEZ,1952/01/01,CO,https://ws-public.interpol.int/notices/v1/red/2011-52664/images/56004669,https://ws-public.interpol.int/notices/v1/red/2011-52664/images,https://ws-public.interpol.int/notices/v1/red/2011-52664,M,,Colombia,,,0.0,0.0,SPA,,"1) Conspiracy to Commit Hostage Taking (1 count)
2) Hostage Taking (3 counts)
3) Using a Firearm During a Crime of Violence (1 count)
4) Conspiracy to Provide Material Support to Terrorists (1 count)
5) Conspiracy to Provide Material Support or Resources to a Designated Foreign Terrorist Organization (1 count)",United States of America,
2011/52658,JOSE IGNACIO,GONZALEZ PERDOMO,1956/05/05,CO,https://ws-public.interpol.int/notices/v1/red/2011-52658/images/56004613,https://ws-public.interpol.int/notices/v1/red/2011-52658/images,https://ws-public.interpol.int/notices/v1/red/2011-52658,M,,Colombia,,['OTHD'],0.0,0.0,SPA,GONZALEZ PERDOMO may have a mustache.,"1) Conspiracy to Commit Hostage Taking (1 count)
2) Hostage Taking (3 counts)
3) Using a Firearm During a Crime of Violence (1 count)
4) Conspiracy to Provide Material Support to Terrorists (1 count)
5) Conspiracy to Provide Material Support or Resources to a Designated Foreign Terrorist Organization (1 count)",United States of America,
2011/47543,JAIME DE JESÚS,OSORIO RAMIREZ,1954/07/27,CO,https://ws-public.interpol.int/notices/v1/red/2011-47543/images/55835589,https://ws-public.interpol.int/notices/v1/red/2011-47543/images,https://ws-public.interpol.int/notices/v1/red/2011-47543,M,BELALCAZAR CALDAS,Colombia,,,1.78,0.0,SPA,,SECUESTRO EXTORSIVO Y HOMICIDIO,Colombia,
2011/33185,ANDRÉS FERNANDO,GARCIA,1980/01/06,CO,https://ws-public.interpol.int/notices/v1/red/2011-33185/images/55499807,https://ws-public.interpol.int/notices/v1/red/2011-33185/images,https://ws-public.interpol.int/notices/v1/red/2011-33185,M,CALI,Colombia,,,1.71,0.0,SPA,,Homicidio agravado y Porte ilegal de armas de fuego,Colombia,
2011/30667,JUAN DAVID,BETANCUR ARREDONDO,1983/02/02,CO,https://ws-public.interpol.int/notices/v1/red/2011-30667/images/55397794,https://ws-public.interpol.int/notices/v1/red/2011-30667/images,https://ws-public.interpol.int/notices/v1/red/2011-30667,M,ANTIOQUIA - SALGAR,Colombia,['BRO'],,1.7,0.0,SPA,,"Homicidio agravado, Acceso carnal violento con agravantes",Colombia,
2011/15494,ALEJANDRO ANDRES,GUERRERO GANDARA,1983/10/11,CO,https://ws-public.interpol.int/notices/v1/red/2011-15494/images/55107829,https://ws-public.interpol.int/notices/v1/red/2011-15494/images,https://ws-public.interpol.int/notices/v1/red/2011-15494,M,BOLIVAR- CARTAGENA,Colombia,,,1.75,0.0,SPA,,HOMICIDIO AGRAVADO Y DESAPARICION FORZADA,Colombia,
2010/46892,LUIS ALBERTO,PAUL VANEGAS,1946/02/26,CO,https://ws-public.interpol.int/notices/v1/red/2010-46892/images/54510313,https://ws-public.interpol.int/notices/v1/red/2010-46892/images,https://ws-public.interpol.int/notices/v1/red/2010-46892,M,TAME ARAUCA,Colombia,['BRO'],['BLA'],1.7,70.0,SPA,PRESENTA CICATRIZ DESE EL EXTERNON HASTA EL HOMBLIGO PRODUCTO DE UNA INTERVENCION QUIRUGICA.,ACCESO CARNAL ABUSIVO Y ACTOS SEXUALES CON MENOR DE 14 AÑOS.,Colombia,
2010/39461,DAVID AUGUSTO,DE HERAS SOILAN,1981/10/03,CO,https://ws-public.interpol.int/notices/v1/red/2010-39461/images/54480064,https://ws-public.interpol.int/notices/v1/red/2010-39461/images,https://ws-public.interpol.int/notices/v1/red/2010-39461,M,MADRID,Spain,,,0.0,0.0,,,HOMICIDIO AGRAVADO EN CONCURSO HOMOGENEO Y SUCESIVO.,Colombia,
2005/21743,RODRIGO,TOVAR PUPO,1960/11/19,CO,https://ws-public.interpol.int/notices/v1/red/2005-21743/images/53310317,https://ws-public.interpol.int/notices/v1/red/2005-21743/images,https://ws-public.interpol.int/notices/v1/red/2005-21743,M,BARRANQUILLA,Colombia,,,0.0,0.0,SPA,,HOMICIDIO AGRAVADO Y DESPLAZAMIENTO FORZADO.,Colombia,
2010/17222,GABRIEL,PINILLA ALARCON,1960/05/16,CO,https://ws-public.interpol.int/notices/v1/red/2010-17222/images/54368484,https://ws-public.interpol.int/notices/v1/red/2010-17222/images,https://ws-public.interpol.int/notices/v1/red/2010-17222,M,SIMIJACA,Colombia,['BROL'],['BLA'],1.7,0.0,"ITA, SPA",,TRAFIC ILLICITE DE GROSSES QUANTITÉ DE DROGUE - COCAINE-; ASSOCIATION CRIMINEL AYANT POUR BUT LE TRAFIC DE COCAINE;,Italy,
2010/11625,FERNELLY,RUIZ GOMEZ,1966/01/25,CO,,https://ws-public.interpol.int/notices/v1/red/2010-11625/images,https://ws-public.interpol.int/notices/v1/red/2010-11625,M,MEDELLIN,Colombia,['BLU'],['BRO'],1.9,95.0,"FRE, ENG, SPA",,ACCESO CARNAL VIOLENTO,Colombia,
2005/30404,GUSTAVO ANIBAL,GIRALDO QUINCHIA,1968/02/17,CO,https://ws-public.interpol.int/notices/v1/red/2005-30404/images/61640779,https://ws-public.interpol.int/notices/v1/red/2005-30404/images,https://ws-public.interpol.int/notices/v1/red/2005-30404,M,BOGOTA /CUNDINAMARCA,Colombia,['BRO'],['BRO'],1.7,0.0,SPA,,"Ley 599 de 2000- CÓDIGO PENAL COLOMBIANO -TÍTULO II-DELITOS CONTRA PERSONAS Y BIENES PROTEGIDOS POR EL DERECHO INTERNACIONAL HUMANITARIO-CAPÍTULO UNICO

•	Artículo 162 del Código Penal Colombiano, Reclutamiento ilícito, incurrirá en prisión de seis (6) a diez (10) años y multa de seiscientos (600) a mil (1.000) salarios mínimos legales mensuales vigentes

TÍTULO XVIII.
DE LOS DELITOS CONTRA EL REGIMEN CONSTITUCIONAL Y LEGAL
CAPÍTULO ÚNICO.
DE LA REBELIÓN, SEDICIÓN Y ASONADA
Artículo 467. Rebelión.",Colombia,
2009/6714,HERNEY,GALLEGOS TOBARRES,1963/09/30,CO,https://ws-public.interpol.int/notices/v1/red/2009-6714/images/54126281,https://ws-public.interpol.int/notices/v1/red/2009-6714/images,https://ws-public.interpol.int/notices/v1/red/2009-6714,M,"NEIRA, CALDAS",Colombia,['BRO'],['BRO'],1.78,63.5,"ENG, SPA",GALLEGOS TOBARRES may have a moustache,"1) Conspiracy to possess with intent to distribute 5 kilograms or more of cocaine. 
2) Possession with intent to distribute 5 kilograms or more of cocaine. 
3) Distribution of 5 kilograms or more of cocaine.",United States of America,
2008/17711,ADRIANA HERLINDA ARANGO,JARAMILLO,1965/09/09,CO,https://ws-public.interpol.int/notices/v1/red/2008-17711/images/59769164,https://ws-public.interpol.int/notices/v1/red/2008-17711/images,https://ws-public.interpol.int/notices/v1/red/2008-17711,F,,Colombia,['BRO'],['BRO'],0.0,0.0,"SPA, ENG","Surgical scar on abdomen and breasts.
JARAMILLO’s hair color is sometimes reported as red/brown.
","1) Aggravated manslaughter, 1st degree 
2) Practicing medicine without a license, 3rd degree",United States of America,
2007/31100,JESUS GERARDO,SALAZAR,1981/10/06,"CO, VE",https://ws-public.interpol.int/notices/v1/red/2007-31100/images/61216512,https://ws-public.interpol.int/notices/v1/red/2007-31100/images,https://ws-public.interpol.int/notices/v1/red/2007-31100,M,Zulia,Venezuela,['BRO'],['BLA'],1.775,74.5,"ENG, SPA","Tattoos:  ""SALAZAR"" in large old English style letters across chest;  letter ""J"" in old English style lettering with an unknown design on the inside of the left forearm;  letter ""J"" in old English style lettering on the outside of the right lower leg;  letter ""F"" in old English block lettering on the outside of the left lower leg;  A cross on a chain (i.e. a rosary) on the left middle finger;  letters ""LK"" in old English style lettering on the web of the left hand;  ""FLACO"" in script on the left wrist;  Forks down gang sign on the left side of the lower abdomen and dots on the left wrist bone and each knuckle of the left hand",Murder (1 Count),United States of America,
