entity_id,forename,name,date_of_birth,nationalities,thumbnail,images,self_link,sex_id,place_of_birth,country_of_birth,eyes_colors_id,hairs_id,height,weight,languages_spoken_ids,distinguishing_marks,arrest_charge,arrest_issuing_country,arrest_charge_translation
2025/58259,WISSAM,ZAAZOUI,1981/09/24,FR,https://ws-public.interpol.int/notices/v1/red/2025-58259/images/63584851,https://ws-public.interpol.int/notices/v1/red/2025-58259/images,https://ws-public.interpol.int/notices/v1/red/2025-58259,M,Montbéliard,France,['BRO'],['BLA'],1.71,,FRE,Corpulence normale,"-	ASSASSINAT
-	PARTICIPATION A UNE ASSOCIATION DE MALFAITEURS EN VUE DE LA PREPARATION D'UN CRIME",France,
2025/58115,MORAD,AGGOUN,1972/06/21,FR,https://ws-public.interpol.int/notices/v1/red/2025-58115/images/63584210,https://ws-public.interpol.int/notices/v1/red/2025-58115/images,https://ws-public.interpol.int/notices/v1/red/2025-58115,M,GIVORS,France,,,1.75,,FRE,,"- VIOL
- AGRESSIONS SEXUELLES
- HARCELEMENT SEXUEL",France,
2025/56835,ELYAZID,AHAMADA,2004/11/04,FR,https://ws-public.interpol.int/notices/v1/red/2025-56835/images/63579230,https://ws-public.interpol.int/notices/v1/red/2025-56835/images,https://ws-public.interpol.int/notices/v1/red/2025-56835,M,MAMOUDZOU/MAYOTTE,France,,,0.0,0.0,FRE,,"- MEURTRE EN BANDE ORGANISÉE (Victime : Djalal CHAABI) 

- PARTICIPATION A UNE ASSOCIATION DE MALFAITEURS EN VUE DE LA PRÉPARATION D'UN CRIME 

- PARTICIPATION A UNE ASSOCIATION DE MALFAITEURS EN VUE DE LA PRÉPARATION DE DELITS PUNIS DE 10 ANS D'EMPRISONNEMENT 

- TRANSPORT SANS MOTIF LEGITIME DE MATERIELS DE GUERRE, ARMES, MUNITIONS OU DE LEURS ELEMENTS DE CATEGORIE A PAR AU MOINS DEUX PERSONNES 

- TRANSPORT SANS MOTIF LEGITIME D'ARMES, MUNITIONS OU DE LEURS ELEMENTS DE CATEGORIE B PAR AU MOINS DEUX PERSONNES 

- ACQUISITION NON AUTORISEE EN RÉUNION D'ARMES, MUNITIONS OU ÉLÉMENTS DE CATEGORIE A

- DETENTION NON AUTORISEE EN RÉUNION D'ARMES, MUNITIONS OU ÉLÉMENTS DE CATEGORIE A 

- ACQUISITION NON AUTORISEE EN RÉUNION D'ARMES, MUNITIONS OU ÉLÉMENTS DE CATEGORIE B 

- DETENTION NON AUTORISEE EN RÉUNION D'ARMES, MUNITIONS OU ÉLÉMENTS DE CATEGORIE B",France,
2021/40287,ERIC,TORNER,1962/08/30,FR,https://ws-public.interpol.int/notices/v1/red/2021-40287/images/63517302,https://ws-public.interpol.int/notices/v1/red/2021-40287/images,https://ws-public.interpol.int/notices/v1/red/2021-40287,M,Paris 75008,France,,,,,FRE,,"- ESCROQUERIE A LA TVA EN BANDE ORGANISEE 
- BLANCHIMENT AGGRAVE (COMMIS EN BANDE ORGANISEE D’ESCROQUERIE) D ESCROQUERIE COMMIS EN BANDE ORGANISEE
- FAUX : ALTERATION FRAUDULEUSE DE LA VERITE DANS UN ECRIT
- USAGE DE FAUX EN ECRITURE
- OBTENTION FRAUDULEUSE DE DOCUMENT ADMINISTRATIF CONSTATANT UN DROIT, UNE IDENTITE OU UNE QUALITE OU ACCORDANT UNE AUTORISATION
- CORRUPTION ACTIVE D’AGENT PUBLIC ETRANGER",France,
2025/24848,ABDELKADER,BENOMAR,1989/01/17,FR,https://ws-public.interpol.int/notices/v1/red/2025-24848/images/63423968,https://ws-public.interpol.int/notices/v1/red/2025-24848/images,https://ws-public.interpol.int/notices/v1/red/2025-24848,M,PONTOISE,France,,,,,FRE,,"1/Escroquerie réalisée en bande organisée
2/Blanchiment aggravé : concours en bande organisée à une opération de placement, dissimulation ou conversion du produit d'un délit
3/Participation à association de malfaiteurs en vue de la préparation d'un délit puni de 10 ans d'emprisonnement
4/Faux : altération frauduleuse de la vérité dans un écrit
5/Usage de faux en écriture",France,
2025/17675,ABDELLAH,NADOUR,2002/12/18,FR,https://ws-public.interpol.int/notices/v1/red/2025-17675/images/63395322,https://ws-public.interpol.int/notices/v1/red/2025-17675/images,https://ws-public.interpol.int/notices/v1/red/2025-17675,M,Saint-Chamond (Loire),France,['BLA'],['BLA'],1.94,,,"Pointure 44, barbe noire, cheveux raides de couleur noire et courts",*Meurtre,France,
2025/9385,MOHAMED,GHARBI,1989/05/19,FR,https://ws-public.interpol.int/notices/v1/red/2025-9385/images/63364574,https://ws-public.interpol.int/notices/v1/red/2025-9385/images,https://ws-public.interpol.int/notices/v1/red/2025-9385,M,NIMES,France,,,0.0,0.0,,,VOL EN BANDE ORGANISEE AVEC ARME,France,
2025/3060,ALEXANDRE JOAQUIM,DIAS,1989/01/25,FR,https://ws-public.interpol.int/notices/v1/red/2025-3060/images/63338137,https://ws-public.interpol.int/notices/v1/red/2025-3060/images,https://ws-public.interpol.int/notices/v1/red/2025-3060,M,PARIS 17E,France,,,1.79,0.0,,,"*Participation à association de malfaiteurs en vue de la préparation d’un délit puni d’au moins 5 ans  d’emprisonnement
*Complicité d’arrestation, enlèvement, séquestration ou détention arbitraire suivi de libération avant le 7ème jours",France,
2025/1473,CARLOS,GHOSN BICHARA,1954/03/09,"BR, LB, FR",https://ws-public.interpol.int/notices/v1/red/2025-1473/images/63334288,https://ws-public.interpol.int/notices/v1/red/2025-1473/images,https://ws-public.interpol.int/notices/v1/red/2025-1473,M,,,,,,,"ARA, FRE, POR, ENG, SPA",,Violation of Companies Act Article 960(1) and (iii),Japan,
2024/91192,ANTOINE FREDERIC,DEVULDER,1965/08/07,FR,https://ws-public.interpol.int/notices/v1/red/2024-91192/images/63319316,https://ws-public.interpol.int/notices/v1/red/2024-91192/images,https://ws-public.interpol.int/notices/v1/red/2024-91192,M,Lille,France,,,,,FRE,,"- VIOL COMMIS PAR UNE PERSONNE ETANT OU AYANT ETE CONJOINT, CONCUBIN OU PARTENAIRE LIE A LA VICTIME PAR UN PACTE CIVIL DE SOLIDARITE
- VIOLENCES SUIVIES D'INCAPACITE N'EXCEDANT PAS 8 JOURS PAR UNE PERSONNE ETANT OU AYANT ETE CONJOINT, CONCUBIN OU PARTENAIRE LIE A LA VICTIME PAR UN PACTE CIVIL DE SOLIDARITE",France,
2024/88939,THIBAULT,SABOURIN,1996/04/11,FR,https://ws-public.interpol.int/notices/v1/red/2024-88939/images/63311278,https://ws-public.interpol.int/notices/v1/red/2024-88939/images,https://ws-public.interpol.int/notices/v1/red/2024-88939,M,Chatenay Malabry,France,,,,,,,"- DESTRUCTION EN BANDE ORGANISÉE DU BIEN D'AUTRUI PAR UN MOYEN DANGEREUX POUR LES PERSONNES 
- ARRESTATION, ENLÈVEMENT, SÉQUESTRATION OU DÉTENTION ARBITRAIRE D'OTAGE POUR FACILITER UN CRIME OU UN DÉLIT, COMMIS EN BANDE ORGANISÉE 
- MENACE DE MORT MATÉRIALISÉE PAR ÉCRIT, IMAGE OU AUTRE OBJET 
- VIOLENCE COMMISE EN RÉUNION SANS INCAPACITÉ",France,
2024/88696,NAEL,KHADRAOUI,1996/10/29,FR,https://ws-public.interpol.int/notices/v1/red/2024-88696/images/63310254,https://ws-public.interpol.int/notices/v1/red/2024-88696/images,https://ws-public.interpol.int/notices/v1/red/2024-88696,M,PARIS 13EME,France,,,,,,,"﻿- MENACE DE MORT MATERIALISEE PAR ECRIT, IMAGE OU AUTRE OBJET
- TENTATIVE ARRESTATION, ENLEVEMENT, SEQUESTRATION OU DETENTION ARBITRAIRE D'OTAGE POUR FACILITER UN CRIME OU UN DELIT, COMMIS EN BANDE ORGANISEE
- DESTRUCTION EN BANDE ORGANISEE DU BIEN D'AUTRUI PAR UN MOYEN DANGEREUX POUR LES PERSONNES
- VIOLENCE COMMISE EN REUNION SANS INCAPACITE",France,
2024/72307,HAMIN,HAOUAM,1986/02/10,FR,https://ws-public.interpol.int/notices/v1/red/2024-72307/images/63517433,https://ws-public.interpol.int/notices/v1/red/2024-72307/images,https://ws-public.interpol.int/notices/v1/red/2024-72307,M,NIMES,France,,['OTHD'],1.72,0.0,,,"· TRANSPORT NON AUTORISE DE STUPEFIANTS EN RECIDIVE 
· DETENTION NON AUTORISEE DE STUPEFIANTS EN RECIDIVE 
· OFFRE OU CESSION NON AUTORISEE DE STUPEFIANTS EN RECIDIVE 
· ACQUISITION NON AUTORISEE DE STUPEFIANTS EN RECIDIVE
· PARTICIPATION A ASSOCIATION DE MALFAITEURS EN VUE DE LA PREPARATION D'UN DELIT PUNI DE 10 ANS D'EMPRISONNEMENT EN RECIDIVE",France,
2024/61180,ADRIEN,KABAWOU,1990/10/28,FR,https://ws-public.interpol.int/notices/v1/red/2024-61180/images/63200262,https://ws-public.interpol.int/notices/v1/red/2024-61180/images,https://ws-public.interpol.int/notices/v1/red/2024-61180,M,PARIS,France,,,0.0,0.0,FRE,,"- ACQUISITION NON AUTORISÉE DE STUPÉFIANTS, 
- DETENTION NON AUTORISEE DE STUPEFIANTS, 
- OFFRE OU CESSION NON AUTORISEE DE STUPEFIANTS,
- IMPORTATION NON AUTORISEE DE STUPEFIANTS – TRAFIC
- TRANSPORT NON AUTORISE DE STUPEFIANTS,
- BLANCHIMENT : CONCOURS À UNE OPERATION DE PLACEMENT, DISSIMULATION OU CONVERSION DU PRODUIT D’UN DELIT DE TRAFIC DE STUPEFIANTS",France,
2024/34021,MOHAMED,AABBAS,1981/11/18,FR,https://ws-public.interpol.int/notices/v1/red/2024-34021/images/63094475,https://ws-public.interpol.int/notices/v1/red/2024-34021/images,https://ws-public.interpol.int/notices/v1/red/2024-34021,M,Dreux (28),France,,,,,FRE,,"*Arrestation, enlèvement, séquestration ou détention arbitraire suivie de mort",France,
2023/76039,BADISS MOHAMED AMIDE,BAJJOU,2000/12/15,FR,https://ws-public.interpol.int/notices/v1/red/2023-76039/images/63052923,https://ws-public.interpol.int/notices/v1/red/2023-76039/images,https://ws-public.interpol.int/notices/v1/red/2023-76039,M,LE CHESNAY,France,['GRE'],,1.8,,,"GAUCHER
","• Extorsion en bande organisée
• Arrestation, enlèvement, séquestration ou détention arbitraire d'otage pour obtenir l'exécution d'un ordre ou d'une condition, commis en bande organisée 
• Violences aggravées par deux circonstances suivies d'incapacité supérieure à 8 jours",France,
2024/19162,WISSEM,CHIBOUNI,2005/01/29,FR,https://ws-public.interpol.int/notices/v1/red/2024-19162/images/63026979,https://ws-public.interpol.int/notices/v1/red/2024-19162/images,https://ws-public.interpol.int/notices/v1/red/2024-19162,M,THONON-LES-BAINS,France,,,0.0,0.0,FRE,,*Tentative de meurtre,France,
2024/19150,ACHREF,BELGUIDOUM,2005/04/03,FR,https://ws-public.interpol.int/notices/v1/red/2024-19150/images/63027004,https://ws-public.interpol.int/notices/v1/red/2024-19150/images,https://ws-public.interpol.int/notices/v1/red/2024-19150,M,Bougaa,Algeria,,,,,FRE,,Tentative de meurtre,France,
2024/3851,RACHID,MAAROUK,1968/03/21,FR,https://ws-public.interpol.int/notices/v1/red/2024-3851/images/62965391,https://ws-public.interpol.int/notices/v1/red/2024-3851/images,https://ws-public.interpol.int/notices/v1/red/2024-3851,M,Lyon 2ème,France,,,1.72,,FRE,,"*Vol avec arme
*Arrestation, enlèvement, séquestration ou détention arbitraire d’otage pour faciliter un crime ou un délit, suivi de libération avant 7 jours",France,
2016/17669,YANIV,MIZRAHI,1976/09/03,"FR, IL",https://ws-public.interpol.int/notices/v1/red/2016-17669/images/62329728,https://ws-public.interpol.int/notices/v1/red/2016-17669/images,https://ws-public.interpol.int/notices/v1/red/2016-17669,M,BEER YAKOV,Israel,,,0.0,0.0,,,-ESCROQUERIE EN BANDE ORGANISEE,France,
2023/83692,MEHDI MIMOUN,MAROC,1994/12/28,FR,https://ws-public.interpol.int/notices/v1/red/2023-83692/images/62939884,https://ws-public.interpol.int/notices/v1/red/2023-83692/images,https://ws-public.interpol.int/notices/v1/red/2023-83692,M,Angers,France,,,,,FRE,,"• BLANCHIMENT AGGRAVE: CONCOURS EN BANDE ORGANISÉE A UNE OPÉRATION DE PLACEMENT, DISSIMULATION OU CONVERSION DU PRODUIT D'UN DÉLIT
• RECEL EN BANDE ORGANISÉE DE BIEN PROVENANT D'UN DÉLIT 
• ABUS DE CONFIANCE COMMIS EN BANDE ORGANISÉE
• ESCROQUERIE RÉALISÉE EN BANDE ORGANISÉE 
• FAUX: ALTÉRATION. FRAUDULEUSE DE LA VÉRITÉ DANS UN ÉCRIT
• USAGE DE FAUX EN ÉCRITURE
• EXÉCUTION EN BANDE ORGANISÉE D'UN TRAVAIL DISSIMULE",France,
2023/81320,BOUBAKAR,MAGASSA,2000/08/17,FR,https://ws-public.interpol.int/notices/v1/red/2023-81320/images/62930861,https://ws-public.interpol.int/notices/v1/red/2023-81320/images,https://ws-public.interpol.int/notices/v1/red/2023-81320,M,IVRY SUR SEINE,France,,,,,,,"- TENTATIVES DE MEURTRE EN BANDE ORGANISÉE, 
- ASSOCIATION DE MALFAITEURS CRIMINELLE.",France,
2012/294610,ADERFI KARIM,OUALI,1976/05/21,"FR, DZ",https://ws-public.interpol.int/notices/v1/red/2012-294610/images/56838934,https://ws-public.interpol.int/notices/v1/red/2012-294610/images,https://ws-public.interpol.int/notices/v1/red/2012-294610,M,PARIS- 17ÈME,France,,,,,"ENG, FRE",tatouage sur la cuisse (cf photo),*Crime – Assassinat,France,
2023/51126,YASSINE,DGHOUGHI,1997/11/28,FR,https://ws-public.interpol.int/notices/v1/red/2023-51126/images/62819604,https://ws-public.interpol.int/notices/v1/red/2023-51126/images,https://ws-public.interpol.int/notices/v1/red/2023-51126,M,VERNON,France,,,,,FRE,,"* VOL EN BANDE ORGANISÉE AVEC ARME 
* ARRESTATION, ENLÈVEMENT, SÉQUESTRATION OU DÉTENTION ARBITRAIRE COMMIS EN BANDE ORGANISÉE",France,
2011/36373,BADIS,MAZOUNI,1968/01/21,"DZ, US, FR",https://ws-public.interpol.int/notices/v1/red/2011-36373/images/58154795,https://ws-public.interpol.int/notices/v1/red/2011-36373/images,https://ws-public.interpol.int/notices/v1/red/2011-36373,M,BROGER,United States of America,,,,,,,"- ESCROQUERIE RÉALISÉE EN BANDE ORGANISÉE 
- BLANCHIMENT EN BANDE ORGANISÉE",France,
2023/47049,ABDERRAHMANE,BOUCHACHI,1997/04/22,FR,https://ws-public.interpol.int/notices/v1/red/2023-47049/images/62803694,https://ws-public.interpol.int/notices/v1/red/2023-47049/images,https://ws-public.interpol.int/notices/v1/red/2023-47049,M,ZERALDA,Algeria,,,,,"ARA, FRE",,"- OBTENU OU TENTÉ D'OBTENIR PAR VIOLENCES, MENACES DE VIOLENCES OU CONTRAINTE, LA REMISE DE FONDS, DE VALEURS, OU D'UN BIEN QUELCONQUE, AVEC USAGE OU MENACE D'UNE ARME",France,
2022/9907,ABDELKADER,BOUGUETTAIA,1987/06/29,"DZ, FR",https://ws-public.interpol.int/notices/v1/red/2022-9907/images/62770701,https://ws-public.interpol.int/notices/v1/red/2022-9907/images,https://ws-public.interpol.int/notices/v1/red/2022-9907,M,LE HAVRE,France,,,0.0,0.0,FRE,,"- PARTICIPATION A ASSOCIATION DE MALFAITEURS EN VUE DE LA PRÉPARATION D'UN DÉLIT PUNI DE 10 ANS D'EMPRISONNEMENT EN RÉCIDIVE 
- COMPLICITÉ DE TENTATIVE DE DÉTENTION NON AUTORISÉE DE STUPÉFIANTS EN RÉCIDIVE
- COMPLICITÉ DE TENTATIVE D'IMPORTATION NON AUTORISÉE DE STUPÉFIANTS EN RÉCIDIVE
- TENTATIVE D'IMPORTATION EN CONTREBANDE ET EN BANDE ORGANISÉE DE MARCHANDISE· PROHIBÉE EN RÉCIDIVE
- COMPLICITÉ DE TENTATIVE DE TRANSPORT NON AUTORISE DE STUPÉFIANTS EN RÉCIDIVE 
- COMPLICITÉ DE TENTATIVE D'OFFRE OU CESSION NON AUTORISÉE DE STUPÉFIANTS EN RÉCIDIVE 
- COMPLICITÉ DE TENTATIVE D'ACQUISITION NON AUTORISÉE DE STUPÉFIANTS EN RÉCIDIVE
- TENTATIVE DE DÉTENTION DE MARCHANDISE DANGEREUSE POUR LA SANTÉ PUBLIQUE (STUPÉFIANT) SANS DOCUMENT JUSTIFICATIF RÉGULIER : FAIT REPUTE IMPORTATION EN CONTREBANDE EN RÉCIDIVE
- TENTATIVE DE TRANSPORT DE MARCHANDISE DANGEREUSE POUR LA SANTÉ PUBLIQUE (STUPÉFIANT) SANS DOCUMENT JUSTIFICATIF RÉGULIER : FAIT REPUTE IMPORTATION EN CONTREBANDE EN RÉCIDIVE",France,
2023/33132,KAZIM,GENC,1984/02/20,FR,https://ws-public.interpol.int/notices/v1/red/2023-33132/images/62751813,https://ws-public.interpol.int/notices/v1/red/2023-33132/images,https://ws-public.interpol.int/notices/v1/red/2023-33132,M,Lille,France,,,,,"FRE, TUR",,"- ASSASSINAT 
- DESTRUCTION DU BIEN D'AUTRUI PAR SUBSTANCE EXPLOSIVE, INCENDIAIRE OU TOUT AUTRE MOYEN DANGEREUX POUR LES PERSONNES.",France,
2023/30656,RIAD TOUFIK,SALAME,1950/07/17,"FR, LB",https://ws-public.interpol.int/notices/v1/red/2023-30656/images/62741907,https://ws-public.interpol.int/notices/v1/red/2023-30656/images,https://ws-public.interpol.int/notices/v1/red/2023-30656,M,Antelias,Lebanon,,,,,"ENG, ARA, FRE",,"- Association de malfaiteurs en vue de commettre des délits punis de 10 ans d'emprisonnement. 
- Blanchiment en bande organisée.
- Blanchiment de fraude fiscale aggravée",France,
2023/28245,GEORGES,LOTFI,1940/11/05,"FR, LB",https://ws-public.interpol.int/notices/v1/red/2023-28245/images/62732989,https://ws-public.interpol.int/notices/v1/red/2023-28245/images,https://ws-public.interpol.int/notices/v1/red/2023-28245,M,Beirut,Lebanon,,['GRY'],,,,,"1) Criminal Possession of Stolen Property in the First Degree 
2) Criminal Possession of Stolen Property in the Second Degree (14 counts)
3) Criminal Possession of Stolen Property in the Third Degree (9 counts)",United States of America,
2021/22788,KYLLIAN,RIGGIO,1997/03/02,FR,https://ws-public.interpol.int/notices/v1/red/2021-22788/images/62063603,https://ws-public.interpol.int/notices/v1/red/2021-22788/images,https://ws-public.interpol.int/notices/v1/red/2021-22788,M,Thionville,France,,,1.85,,FRE,,"*Transport de stupéfiants
*Détention de stupéfiants
*Offre ou cession de stupéfiants
*Acquisition de stupéfiants
*Importation de produits",France,
2016/64507,PATRICK GÉRARD MARDOCHE,HALIMI,1965/07/06,FR,https://ws-public.interpol.int/notices/v1/red/2016-64507/images/60198231,https://ws-public.interpol.int/notices/v1/red/2016-64507/images,https://ws-public.interpol.int/notices/v1/red/2016-64507,M,Lyon 2°,France,,,1.79,,FRE,"Chevelure clairsemée, calvitie sur le haut du front","-Escroquerie réalisée en bande organisée en récidive
-Blanchiment aggravé : concours à une opération de placement, dissimulation ou conversion du produit d’un crime ou d’un délit 
- Prise du nom d’un tiers",France,
2022/62254,ANDERSON,OSIAS,1987/01/06,FR,https://ws-public.interpol.int/notices/v1/red/2022-62254/images/62549290,https://ws-public.interpol.int/notices/v1/red/2022-62254/images,https://ws-public.interpol.int/notices/v1/red/2022-62254,M,SEVRES,France,,,0.0,0.0,,,"- TRANSPORT NON AUTORISE DE STUPEFIANTS -  DETENTION NON· AUTORISE· DE STUPEFIANTS - OFFRE OU CESSION NON AUTORISEE.DE STUPEFIANTS - ACQUISITION NON AUTORISEE DE STUPEFIANTS - IMPORTATION NON AUTORISEE DE STUPÉFIANTS-TRAFIC -  PARTICPATION A ASSOCIATION DE MALFAITEURS .EN VUE DE LA PREPARATION 'D'UN DELIT PUNI DE 10, ANS D'EMPRISONNEMENT EN RECEDIVE - - BLANCIDMENT, 'CONCOURS A "", UNE . OPERATION· DE PL~CEMENT, DISSIMULATION OU CONVERSION DU PRODUIT D'UN DELIT DE TRAFIC DE STUPEFIANTS EN RECIDIVE",France,
2022/58298,AZIZ,HADOUCHE,1989/05/10,FR,https://ws-public.interpol.int/notices/v1/red/2022-58298/images/62534886,https://ws-public.interpol.int/notices/v1/red/2022-58298/images,https://ws-public.interpol.int/notices/v1/red/2022-58298,M,Mont Saint Martin,France,,,,,FRE,,"- Offre ou cession non autorisée de stupéfiants
- Acquisition non autorisée de stupéfiants
- Détention non autorisée de stupéfiants
- Usage illicite de stupéfiants
- Détention non autorisée d'arme, munition ou élément essentiel de catégorie B",France,
2018/92635,MICHAEL,HAIK,1972/12/27,FR,https://ws-public.interpol.int/notices/v1/red/2018-92635/images/62528045,https://ws-public.interpol.int/notices/v1/red/2018-92635/images,https://ws-public.interpol.int/notices/v1/red/2018-92635,M,PARIS,France,,,,,,,- ESCROQUERIE EN BANDE ORGANISEE,France,
2022/55147,GEORGES,JUNIOR FARES BEJJANI,1990/09/14,"FR, LB",https://ws-public.interpol.int/notices/v1/red/2022-55147/images/62648941,https://ws-public.interpol.int/notices/v1/red/2022-55147/images,https://ws-public.interpol.int/notices/v1/red/2022-55147,M,Beit Chabab,Lebanon,,,,,,,Drug trafficking,Brazil,
2022/30281,TAMARA,MALENIC,1975/04/23,FR,https://ws-public.interpol.int/notices/v1/red/2022-30281/images/62435803,https://ws-public.interpol.int/notices/v1/red/2022-30281/images,https://ws-public.interpol.int/notices/v1/red/2022-30281,F,PARIS 19EME,France,,,,,FRE,,"- SOUSTRACTION D'ENFANT PAR ASCENDANT
- NON REPRESENTATION D'ENFANT",France,
2022/25491,BAKOUTOUBO,DIABY,1996/12/06,FR,https://ws-public.interpol.int/notices/v1/red/2022-25491/images/62419514,https://ws-public.interpol.int/notices/v1/red/2022-25491/images,https://ws-public.interpol.int/notices/v1/red/2022-25491,M,MONTREUIL (SEINE-SAINT-DENIS),France,['BLA'],['BLA'],1.77,0.0,FRE,,Meurtre,France,
2016/63330,JOSEPH,SELLEM,1980/10/22,"FR, IL",https://ws-public.interpol.int/notices/v1/red/2016-63330/images/60194173,https://ws-public.interpol.int/notices/v1/red/2016-63330/images,https://ws-public.interpol.int/notices/v1/red/2016-63330,M,Montreuil,France,,,,,,,"- Escroquerie en bande organisée 
- Blanchiment en bande organisée d'escroquerie en bande organisée",France,
2022/19416,OUACEF,RAIS,1995/05/21,FR,https://ws-public.interpol.int/notices/v1/red/2022-19416/images/62398033,https://ws-public.interpol.int/notices/v1/red/2022-19416/images,https://ws-public.interpol.int/notices/v1/red/2022-19416,M,NANTUA,France,,,,,FRE,,"- Transport non autorisé de stupéfiants en récidive légale 
- Détention non autorisée de stupéfiants en récidive légale 
- Offre ou cession non autorisée de stupéfiants en récidive légale
- Acquisition non autorisée de stupéfiants en récidive légale 
- Importation non autorisée de stupéfiants en récidive légale 
- Exportation non autorisée de stupéfiants en récidive légale 
- Participation à une association de malfaiteurs en vue de la préparation d'un délit puni de dix ans d'emprisonnement en récidive légale",France,
2019/127889,GABRIEL,COHEN,1958/11/21,"IL, FR",https://ws-public.interpol.int/notices/v1/red/2019-127889/images/61661347,https://ws-public.interpol.int/notices/v1/red/2019-127889/images,https://ws-public.interpol.int/notices/v1/red/2019-127889,M,CASABLANCA,Morocco,,,0.0,0.0,FRE,,- Association de malfaiteurs en vue de la préparation d'un délit puni de 10 ans d'emprisonnement,France,
2021/29126,SOPHIANE,HAMBLI,1975/06/07,FR,https://ws-public.interpol.int/notices/v1/red/2021-29126/images/62126624,https://ws-public.interpol.int/notices/v1/red/2021-29126/images,https://ws-public.interpol.int/notices/v1/red/2021-29126,M,MULHOUSE,France,,,0.0,0.0,FRE,,"1/ IMPORTATION ET EXPORTATION EN BANDE ORGANISEE DE STUPEFIANTS: crime 
2/ IMPORTATION, TRANSPORT, DETENTION , EN CONTREBANDE DE MARCHANDISES PROHIBEES DANGEREUSES POUR LA SANTE (STUPEFIANTS) : délit 
3/ DETENTION, TRANSPORT, ACQUISITION, OFFRE OU CESSION DE STUPEFIANTS: délit 
4/ BLANCHIMENT DE STUPEFIANTS: délit 
5/ ENLEVEMENT ET SEQUESTRATION SANS LIBERATION VOLONTAIRE COMMIS EN BANDE ORGANISEE: crime 
6/ VIOLENCES VOLONTAIRES AYANT ENTRAINE UNE INCAPACITE TOTALE DE TRAVAIL INFERIEURE OU EGALE A 8 JOURS COMMISES EN REUNION, AVEC PREMEDIATION, PAR UNE PERSONNE DISSIMULANT SON VISAGE: délit 
7/ VOL AVEC VIOLENCES EN REUNION AYANT ENTRAINE UNE INCAPACITE TOTALE DE TRAVAIL INFERIEURE OU EGALE A 8 JOURS: délit 
8/ ASSOCIATION DE MALFAITEURS: délit",France,
2014/25129,EDDIE OLIVIER,ABITTAN,1965/11/08,FR,https://ws-public.interpol.int/notices/v1/red/2014-25129/images/59495523,https://ws-public.interpol.int/notices/v1/red/2014-25129/images,https://ws-public.interpol.int/notices/v1/red/2014-25129,M,PARIS,France,,,0.0,0.0,,,"- ESCROQUERIE EN BANDE ORGANISÉE

- BLANCHIMENT EN BANDE ORGANISÉE",France,
2019/103493,FABRICE FÉLIX STÉPHANE,TOUIL,1976/05/20,"FR, IL",https://ws-public.interpol.int/notices/v1/red/2019-103493/images/61575697,https://ws-public.interpol.int/notices/v1/red/2019-103493/images,https://ws-public.interpol.int/notices/v1/red/2019-103493,M,Paris 19ème,France,,,,,FRE,,*Corruption active : proposition ou fourniture d’avantage à une personne dépositaire de l’autorité publique,France,
2017/190756,CYRIL,ASTRUC,1973/05/03,"IL, FR",https://ws-public.interpol.int/notices/v1/red/2017-190756/images/61131291,https://ws-public.interpol.int/notices/v1/red/2017-190756/images,https://ws-public.interpol.int/notices/v1/red/2017-190756,M,MANTES LA JOLIE (78),France,,,0.0,0.0,,,"ESCROQUERIE EN BANDE ORGANISÉE ­ PARTICIPATION A ASSOCIATION DE MALFAITEURS EN VUE
DE LA PRÉPARATION D'UN DÉLIT PUNI D'AU MOINS 5 ANS D'EMPRISONNEMENT",France,
2019/73069,SERGEY,SELYUNIN,1966/11/13,"RU, FR",https://ws-public.interpol.int/notices/v1/red/2019-73069/images/61485846,https://ws-public.interpol.int/notices/v1/red/2019-73069/images,https://ws-public.interpol.int/notices/v1/red/2019-73069,M,CHAIKOVSKIY TOWN/PERM REGION,Russia,['BROH'],['OTHD'],1.85,85.0,"RUS, FRE",,public appeals for the performance of extremist activity committed with the use of the mass media,Russia,
2017/273473,KHALID,ESSABER,1980/04/07,FR,https://ws-public.interpol.int/notices/v1/red/2017-273473/images/60877848,https://ws-public.interpol.int/notices/v1/red/2017-273473/images,https://ws-public.interpol.int/notices/v1/red/2017-273473,M,BESANCON,France,,,0.0,0.0,,,"1/ ARRESTATION, ENLÈVEMENT, SÉQUESTRATION OU DÉTENTION ARBITRAIRE D'OTAGE ET LIBÉRATION AVANT 7 JOURS SANS EXÉCUTION DE CONDITION EN RÉCIDIVE, 
2/ ASSOCIATION DE MALFAITEURS EN VUE DE COMMETTRE UN OU PLUSIEURS DÉLITS PUNIS DE 10 ANS D'EMPRISONNEMENT EN RÉCIDIVE.",France,
2017/17383,HICHAM,EL OUAFI,1988/03/09,"FR, MA",https://ws-public.interpol.int/notices/v1/red/2017-17383/images/60334759,https://ws-public.interpol.int/notices/v1/red/2017-17383/images,https://ws-public.interpol.int/notices/v1/red/2017-17383,M,RENNES,France,,,0.0,0.0,,,TENTATIVE ASSASSINAT,France,
2016/71159,MOHAMED,AKRA,1962/12/17,"LB, FR",https://ws-public.interpol.int/notices/v1/red/2016-71159/images/60219530,https://ws-public.interpol.int/notices/v1/red/2016-71159/images,https://ws-public.interpol.int/notices/v1/red/2016-71159,M,,Kuwait,,,0.0,0.0,,,"TRAFFICKING IN HIGH RISK DRUGS, ATTEMPT TO INTERNATIONAL TRAFFICK OF HIGH RISK DRUGS",Romania,
2015/27118,FABIEN,CLAIN,1978/01/30,FR,https://ws-public.interpol.int/notices/v1/red/2015-27118/images/59780149,https://ws-public.interpol.int/notices/v1/red/2015-27118/images,https://ws-public.interpol.int/notices/v1/red/2015-27118,M,TOULOUSE (31),France,,,0.0,0.0,,,"-PARTICIPATION A UNE ASSOCIATION DE MALFAITEURS EN VUE DE LA PREPARATION D’ACTES DE TERRORISME AYANT POUR OBJET LA PREPARATION D'UN OU PLUSIEURS CRIMES D'ATTEINTES AUX PERSONNES VISES AU 1° DE L'ARTICLE 421-1 DU CODE PEN AL EN ETAT DE RECIDIVE LEGALE 
PROVOCATION DIRECTE A COMMETTRE DES ACTES DE TERRORISME EN UTILISANT UN SERVICE DE COMMUNICATION AU PUBLIC EN LIGNE",France,
2015/80235,DIDIER SEXTIUS,ROUX,1970/10/01,FR,https://ws-public.interpol.int/notices/v1/red/2015-80235/images/59953299,https://ws-public.interpol.int/notices/v1/red/2015-80235/images,https://ws-public.interpol.int/notices/v1/red/2015-80235,M,,,['BRO'],['BRO'],1.78,70.0,"ENG, FRE",,"SEXUAL ASSAULT, SEXUAL INTERFERENCE and INVITATION TO SEXUAL TOUCHING UNDER 16 YEARS OF AGE",Canada,
2010/3010,AHMAD,ABOUSAMRA,1981/09/19,"US, FR, SY",https://ws-public.interpol.int/notices/v1/red/2010-3010/images/54299828,https://ws-public.interpol.int/notices/v1/red/2010-3010/images,https://ws-public.interpol.int/notices/v1/red/2010-3010,M,VILLEURBANNE,France,['BROH'],['BRO'],1.8,77.0,"ARA, ENG",ABOUSAMRA MAY HAVE A MUSTACHE AND BEARD.,"1) CONSPIRACY TO PROVIDE MATERIAL SUPPORT TO TERRORISTS 
2) PROVIDING AND ATTEMPTING TO PROVIDE MATERIAL SUPPORT TO TERRORISTS 
3) CONSPIRACY TO KILL IN A FOREIGN COUNTRY 
4) CONSPIRACY TO MAKE FALSE STATEMENTS 
5) FALSE STATEMENTS INVOLVING A TERRORISM OFFENSE
6) FALSE STATEMENTS (2 COUNTS)
7) FALSE WRITTEN STATEMENTS",United States of America,
