entity_id,forename,name,date_of_birth,nationalities,thumbnail,images,self_link,sex_id,place_of_birth,country_of_birth,eyes_colors_id,hairs_id,height,weight,languages_spoken_ids,distinguishing_marks,arrest_charge,arrest_issuing_country,arrest_charge_translation
2020/5534,MAHAMAT NOURADINE,ADAM,1969,"CF, SD",https://ws-public.interpol.int/notices/v1/red/2020-5534/images/61698317,https://ws-public.interpol.int/notices/v1/red/2020-5534/images,https://ws-public.interpol.int/notices/v1/red/2020-5534,M,NDELE,Central African Republic,['BRO'],['HAIB'],1.8,70.0,"ENG, ARA",Appears to have a balding or closely shaven head. Often wears glasses. May be sporting a goatee beard or similar.,"-imprisonment or other severe deprivation of physical liberty (Crime Against Humanity)
-torture (Crime Against Humanity)
-persecution  (Crime Against Humanity)
-enforced disappearance  (Crime Against Humanity)
-other inhumane acts  (Crime Against Humanity)
-torture and cruel treatment (War Crimes)",914,
2017/168434,ABDALLAH,BANDA ABAKAER NOURAIN,1963,SD,https://ws-public.interpol.int/notices/v1/red/2017-168434/images/60911158,https://ws-public.interpol.int/notices/v1/red/2017-168434/images,https://ws-public.interpol.int/notices/v1/red/2017-168434,M,"WAI, DAR KOBE, NORTH DARFUR",Sudan,,,0.0,0.0,,,"Three counts of war crimes – Murder, intentionally directing attacks against personnel, installations, materials, units and vehicles involved in a peacekeeping mission, pillaging.",914,
2016/46275,WAIL,AWAD,1972/07/03,"PL, SD",https://ws-public.interpol.int/notices/v1/red/2016-46275/images/60133207,https://ws-public.interpol.int/notices/v1/red/2016-46275/images,https://ws-public.interpol.int/notices/v1/red/2016-46275,M,ASUAN,Sudan,,,0.0,0.0,"POL, ENG, ARA",,"participation in terrorist organisation ""Islamic State of Iraq and the Levant"" (ISIS). 
illegal possession of firearm
punishable threat
",Poland,
2010/13584,AHMED NUMAN ISAAC,RAHMA,1978/01/01,SD,https://ws-public.interpol.int/notices/v1/red/2010-13584/images/54352047,https://ws-public.interpol.int/notices/v1/red/2010-13584/images,https://ws-public.interpol.int/notices/v1/red/2010-13584,M,OMDURMAN,Sudan,['BRO'],['BLA'],1.75,0.0,"ENG, DAN",,HOMICIDE AND INDECOROUS TREATMENT OF CORPSES.,Denmark,
2007/55758,MOHAMED,AHMED,1960/02/20,"US, SD",https://ws-public.interpol.int/notices/v1/red/2007-55758/images/61147218,https://ws-public.interpol.int/notices/v1/red/2007-55758/images,https://ws-public.interpol.int/notices/v1/red/2007-55758,M,Omdurman,Sudan,['BRO'],['BLA'],1.775,94.5,"ARA, ENG",,"1) Assault 1st Degree (2 counts) ; 
2) Assault 2nd Degree (5 counts) ; 
3) Endangering the Welfare of a Child (2 counts)",United States of America,
