entity_id,forename,name,date_of_birth,nationalities,thumbnail,images,self_link,sex_id,place_of_birth,country_of_birth,eyes_colors_id,hairs_id,height,weight,languages_spoken_ids,distinguishing_marks,arrest_charge,arrest_issuing_country,arrest_charge_translation
2025/36450,ALVARO OSIRIS,ACOSTA BUSTILLO,1978/02/01,"GT, HN",https://ws-public.interpol.int/notices/v1/red/2025-36450/images/63520463,https://ws-public.interpol.int/notices/v1/red/2025-36450/images,https://ws-public.interpol.int/notices/v1/red/2025-36450,M,"Goascoran,  Valle",Honduras,['BRO'],,1.7,86.0,SPA,"CICATRICES DE CORTADA EN LA FRENTE, UNA OPERACION EN EL ESTOMAGO, TATUAJES: UNA LAGRIMA EN EL OJO IZQUIERDO, EN EL ESTOMAGO UNA MANO, EN LA ESPALDA DICE M 13 S Y NY","- Asesinato 
- Tenencia Ilegal de Armas de Fuego Bélicas o de Uso Exclusivo del ejercito de Guatemala o de las fuerzas de seguridad y orden público del Estado, Explosivos, Armas químicas, biológicas, atómicas, trampas bélicas y armas experimentales.",Guatemala,
2023/83529,ELIAS,PACHECHO MADRID,1982/05/31,HN,https://ws-public.interpol.int/notices/v1/red/2023-83529/images/62939365,https://ws-public.interpol.int/notices/v1/red/2023-83529/images,https://ws-public.interpol.int/notices/v1/red/2023-83529,M,,Honduras,['BROD'],['BLA'],,73.0,"SPA, ENG",,Murder,Belize,
2012/292833,HECTOR ORLANDO,GUILLEN ROSALES,1984/08/23,HN,https://ws-public.interpol.int/notices/v1/red/2012-292833/images/56820115,https://ws-public.interpol.int/notices/v1/red/2012-292833/images,https://ws-public.interpol.int/notices/v1/red/2012-292833,M,TEGUCIGALPA,Honduras,,,0.0,0.0,SPA,,EVASION,Honduras,
2020/11715,ALEXANDER,MENDOZA,1982/01/21,HN,https://ws-public.interpol.int/notices/v1/red/2020-11715/images/61721220,https://ws-public.interpol.int/notices/v1/red/2020-11715/images,https://ws-public.interpol.int/notices/v1/red/2020-11715,M,SAN PEDRO SULA / CORTES,,['BRO'],['BLA'],0.0,0.0,,,"ASOCIACIÓN ILICITA, EVASIÓN, ASESINATO, TENENCIA ILEGAL DE ARMAS DE FUEGO DE USO PROHIBIDO Y USO COMERCIAL.",Honduras,
2010/5887,WILSON ARMANDO ,MONTOYA BANEGAS ,1982/02/01,HN,https://ws-public.interpol.int/notices/v1/red/2010-5887/images/54313873,https://ws-public.interpol.int/notices/v1/red/2010-5887/images,https://ws-public.interpol.int/notices/v1/red/2010-5887,M,OLANCHO ,Honduras,,,0.0,0.0,SPA,,HOMICIDIO,Honduras,
2013/63508,WILSON RENE,LOPEZ PADILLA,1980/05/22,HN,https://ws-public.interpol.int/notices/v1/red/2013-63508/images/59347602,https://ws-public.interpol.int/notices/v1/red/2013-63508/images,https://ws-public.interpol.int/notices/v1/red/2013-63508,M,,,,,0.0,0.0,SPA,,ASESINATO,Honduras,
2018/30329,AMILCAR NORMADO,BETANCOURTH MEJIA,1992/02/01,HN,https://ws-public.interpol.int/notices/v1/red/2018-30329/images/61004867,https://ws-public.interpol.int/notices/v1/red/2018-30329/images,https://ws-public.interpol.int/notices/v1/red/2018-30329,M,,,,,,,,,Homicidio y Uso Indebido de Arma de Fuego tipo Comercial,Honduras,
2014/78346,LUIS MIGUEL,MURILLO-ROSALES,1988/12/28,HN,https://ws-public.interpol.int/notices/v1/red/2014-78346/images/59684366,https://ws-public.interpol.int/notices/v1/red/2014-78346/images,https://ws-public.interpol.int/notices/v1/red/2014-78346,M,,Honduras,['BRO'],['BRO'],1.7,54.0,"SPA, ENG",MURILLO-ROSALES has a scar on lower back.,"1) Murder, 1st degree 
2) Armed Criminal Action",United States of America,
2014/43161,DIVIS,ORDONEZ,1986/06/06,HN,https://ws-public.interpol.int/notices/v1/red/2014-43161/images/59563084,https://ws-public.interpol.int/notices/v1/red/2014-43161/images,https://ws-public.interpol.int/notices/v1/red/2014-43161,M,LA CEBA,Honduras,['BRO'],['BRO'],1.75,77.0,ENG,"ORDONEZ may have brown or black hair, weigh between 64 and 82 kilograms, and has tattoos on his left forearm, right shoulder, and right leg.",Murder,United States of America,
2013/72506,DARLIN,FAJARDO,1970/07/18,HN,https://ws-public.interpol.int/notices/v1/red/2013-72506/images/59385219,https://ws-public.interpol.int/notices/v1/red/2013-72506/images,https://ws-public.interpol.int/notices/v1/red/2013-72506,M,"TRINIDAD, SANTA BARBARA",Honduras,['GRE'],['BLA'],1.7,73.0,SPA,FAJARDO may have black or brown hair.,Murder in the second degree,United States of America,
2013/63520,ERICK ADALID,SALGADO VELASQUEZ,1991/06/01,HN,https://ws-public.interpol.int/notices/v1/red/2013-63520/images/59347627,https://ws-public.interpol.int/notices/v1/red/2013-63520/images,https://ws-public.interpol.int/notices/v1/red/2013-63520,M,,,,,0.0,0.0,SPA,,ASESINATO,Honduras,
2013/10937,WALTER,CRUZ,1991/12/24,HN,https://ws-public.interpol.int/notices/v1/red/2013-10937/images/58304897,https://ws-public.interpol.int/notices/v1/red/2013-10937/images,https://ws-public.interpol.int/notices/v1/red/2013-10937,M,,Honduras,['BRO'],['BLA'],1.65,66.0,"SPA, ENG",CRUZ may have brown or black eyes and has a tattoo on his right forearm of the name Rosa.,1) Assault in the second degree 2) Gang assault in the first degree3) Assault in the first degree4) Attempted murder in the second degree5) Murder in the second degree,United States of America,
2012/325914,VICTOR,RIOS,1986/01/27,HN,https://ws-public.interpol.int/notices/v1/red/2012-325914/images/57798935,https://ws-public.interpol.int/notices/v1/red/2012-325914/images,https://ws-public.interpol.int/notices/v1/red/2012-325914,M,,Honduras,['BRO'],['BRO'],1.63,68.0,"ENG, SPA",RIOS may have a scar from a knife wound across chest (unknown size or exact location).,"1) Murder in second degree with intent to cause death
2) Murder in second degree under circumstances evincing a depraved indifference to human life
3) Tampering with physical evidence",United States of America,
2012/317037,DIXON,MEJIA,1968/06/02,HN,https://ws-public.interpol.int/notices/v1/red/2012-317037/images/57436637,https://ws-public.interpol.int/notices/v1/red/2012-317037/images,https://ws-public.interpol.int/notices/v1/red/2012-317037,M,,Honduras,['BRO'],['BLA'],1.83,104.0,"SPA, ENG","MEJIA is between 180 and 183 centimeters tall, and weighs between 91 and 104 kilograms.","Conspiracy to deliver firearms to a common carrier without required notification, and to export firearms outside the U.S.",United States of America,
2012/316997,MARIO,MEJIA,1976/12/04,HN,https://ws-public.interpol.int/notices/v1/red/2012-316997/images/57436375,https://ws-public.interpol.int/notices/v1/red/2012-316997/images,https://ws-public.interpol.int/notices/v1/red/2012-316997,M,,Honduras,['BRO'],['BLA'],1.85,113.0,"SPA, ENG",MEJIA may weigh between 100 and 113 kilograms.,"1) Conspiracy to deliver firearms to a common carrier without required notification, and to export firearms outside the U.S. 
2) Delivering firearms to a common carrier without required notification for transportation and  shipment outside the U.S. (2 counts) 
3) Exporting firearms outside the U.S. (2 counts)",United States of America,
2012/322130,MANUEL,MORENO,1970/12/12,HN,https://ws-public.interpol.int/notices/v1/red/2012-322130/images/57436895,https://ws-public.interpol.int/notices/v1/red/2012-322130/images,https://ws-public.interpol.int/notices/v1/red/2012-322130,M,,Honduras,['BRO'],['BRO'],1.7,84.0,"SPA, ENG",,Murder in the Second Degree,United States of America,
2010/13216,ANTONIO,RUIZ VARELA,1985/12/01,HN,https://ws-public.interpol.int/notices/v1/red/2010-13216/images/57376479,https://ws-public.interpol.int/notices/v1/red/2010-13216/images,https://ws-public.interpol.int/notices/v1/red/2010-13216,M,"JUTICALPA, OLANCHO",Honduras,['BRO'],['BLA'],1.68,77.0,SPA,"RUIZ-VARELA may be between 165 and 183 centimeters tall, and may weigh between 77 and 84 kilograms.","1) Conspiracy to possess unregistered firearms
2) Possessing and receiving firearms and ammunition as an illegal alien",United States of America,
2010/9252,BERNY MAYEL,FIGUEROA,1978/05/21,HN,https://ws-public.interpol.int/notices/v1/red/2010-9252/images/54331465,https://ws-public.interpol.int/notices/v1/red/2010-9252/images,https://ws-public.interpol.int/notices/v1/red/2010-9252,F,Tegucigalpa,Honduras,['BRO'],['BLA'],1.65,61.0,SPA,"Figueroa has a tattoos on her left hip, right hip, and on her back, which is of a dolphin.",Capital Murder,United States of America,
2009/25008,KEVIN C.,ANDERSON,1982/12/20,HN,https://ws-public.interpol.int/notices/v1/red/2009-25008/images/54209839,https://ws-public.interpol.int/notices/v1/red/2009-25008/images,https://ws-public.interpol.int/notices/v1/red/2009-25008,M,OLANCHO,Honduras,['BRO'],['BLA'],1.725,93.5,"SPA, ENG","ANDERSON has a tattoo on his right hand of initials, a tattoo of words on his right leg, tattoos of names on his right leg, a tattoo of a picture on his right arm, and a tattoo of names on his left arm. ANDERSON is also missing some of his upper teeth.",Murder in the second degree,United States of America,
2008/30571,JULIO CESAR,GUEVARA,1971/12/07,HN,https://ws-public.interpol.int/notices/v1/red/2008-30571/images/53981919,https://ws-public.interpol.int/notices/v1/red/2008-30571/images,https://ws-public.interpol.int/notices/v1/red/2008-30571,M,,Honduras,['BRO'],['BLA'],1.675,72.5,"ENG, SPA",,1) Attempted Murder (1 count); 2) False Imprisonment with force and violence (1 count); 3) Torture (1 count); 4) Assault with a firearm (1 count),United States of America,
2008/11513,DANIEL E,RAMOS,1968/05/20,HN,,https://ws-public.interpol.int/notices/v1/red/2008-11513/images,https://ws-public.interpol.int/notices/v1/red/2008-11513,M,,Honduras,['BRO'],['BLA'],1.705,63.5,"ENG, SPA",,1) First degree murder (1 count); 2) Robbery with a firearm (1 count),United States of America,
2008/8582,CARLOS HOSTILIO,SABONGE,1969/08/12,HN,https://ws-public.interpol.int/notices/v1/red/2008-8582/images/61131899,https://ws-public.interpol.int/notices/v1/red/2008-8582/images,https://ws-public.interpol.int/notices/v1/red/2008-8582,M,"SAN FRANCISCO DE BECERRA, JUTICALPA",Honduras,['BRO'],['BLA'],1.775,99.5,"SPA, ENG",Pock marked face,1st degree murder (1 count),United States of America,
2007/28416,ALEXIS,FLORES,1975/07/18,HN,https://ws-public.interpol.int/notices/v1/red/2007-28416/images/61216768,https://ws-public.interpol.int/notices/v1/red/2007-28416/images,https://ws-public.interpol.int/notices/v1/red/2007-28416,M,,Honduras,['BRO'],['BLA'],1.625,58.5,"ENG, SPA",Scars on forehead and right cheek,"(1) Murder (1 count);
(2) Kidnapping (1 count);
(3) Unlawful restraint (1 count);
(4) Interference-child (1 count);
(5) False imprisonment (1 count);
(6) Indecent assault (1 count)",United States of America,
2007/29926,MANUEL ENRIQUE,JACO (JR),1980/06/22,"HN, US",https://ws-public.interpol.int/notices/v1/red/2007-29926/images/61219381,https://ws-public.interpol.int/notices/v1/red/2007-29926/images,https://ws-public.interpol.int/notices/v1/red/2007-29926,M,,Honduras,['BRO'],['BRO'],1.725,82.5,"SPA, ENG","numerous tattoos;  abdomen, chest, back, shoulder",Murder,United States of America,
2006/43395,OSMAN,ALFREDO ADIAS,1975/10/08,HN,https://ws-public.interpol.int/notices/v1/red/2006-43395/images/61287928,https://ws-public.interpol.int/notices/v1/red/2006-43395/images,https://ws-public.interpol.int/notices/v1/red/2006-43395,M,,Honduras,['BRO'],['BLA'],1.675,65.5,SPA,Scar on left eye,"(1) Attempted aggravated murder (4 counts);  
(2) Rape in the first degree (3 counts);
(3) Unlawful sexual penetration in the first degree (3 counts)",United States of America,
2006/24678,FABIO LEONARDO,MEZA ACOSTA,1963/01/20,"HN, US",https://ws-public.interpol.int/notices/v1/red/2006-24678/images/61376121,https://ws-public.interpol.int/notices/v1/red/2006-24678/images,https://ws-public.interpol.int/notices/v1/red/2006-24678,M,,Honduras,['BRO'],['BLA'],1.725,76.5,"SPA, ENG",,Murder,United States of America,
2005/28032,MARK CHIELL,PINNACE,1967/05/12,HN,https://ws-public.interpol.int/notices/v1/red/2005-28032/images/61475654,https://ws-public.interpol.int/notices/v1/red/2005-28032/images,https://ws-public.interpol.int/notices/v1/red/2005-28032,M,,Honduras,['BRO'],['BLA'],1.755,67.5,"SPA, ENG",pierced left and right ear;  scar on head;  two gold capped upper front teeth,Murder,United States of America,
