entity_id,forename,name,date_of_birth,nationalities,thumbnail,images,self_link,sex_id,place_of_birth,country_of_birth,eyes_colors_id,hairs_id,height,weight,languages_spoken_ids,distinguishing_marks,arrest_charge,arrest_issuing_country,arrest_charge_translation
2021/3667,FELIX,OMOREGIE,1977/10/22,NG,https://ws-public.interpol.int/notices/v1/red/2021-3667/images/61996100,https://ws-public.interpol.int/notices/v1/red/2021-3667/images,https://ws-public.interpol.int/notices/v1/red/2021-3667,M,,,,,0.0,0,,,Sexual exploitation or exploitation of prostitution of minors over 16 years of age // Sexual exploitation or exploitation of prostitution of another person // Leader of a criminal organisation // Human trafficking for the purpose of prostitution or other forms of sexual exploitation,Belgium,
2018/102928,JESSICA ESOHE,EDOSOMWAN,1993/07/02,NG,https://ws-public.interpol.int/notices/v1/red/2018-102928/images/61233926,https://ws-public.interpol.int/notices/v1/red/2018-102928/images,https://ws-public.interpol.int/notices/v1/red/2018-102928,F,BÉNIN CITY,Nigeria,,,0.0,0,,,"- PROXÉNÉTISME AGGRAVE: PLURALITÉ DE VICTIMES
- TRAITE D’ÊTRES HUMAINS COMMISE A L’ÉGARD DE PLUSIEURS PERSONNES
- BLANCHIMENT AGGRAVE : CONCOURS EN BANDE ORGANISÉE A UNE OPÉRATION DE PLACEMENT, DISSIMULATION OU CONVERSION DU PRODUIT D'UN DÉLIT",France,
2020/49463,BONIFACE UCHE,EGBUE,1964/03/07,NG,https://ws-public.interpol.int/notices/v1/red/2020-49463/images/61858692,https://ws-public.interpol.int/notices/v1/red/2020-49463/images,https://ws-public.interpol.int/notices/v1/red/2020-49463,M,AHOADA,Nigeria,,,0.0,0,"ENG, SPA, POR",,Contrabando,Argentina,
2020/13389,JUDE,UZOMA ENEH,1973/08/11,NG,https://ws-public.interpol.int/notices/v1/red/2020-13389/images/61727838,https://ws-public.interpol.int/notices/v1/red/2020-13389/images,https://ws-public.interpol.int/notices/v1/red/2020-13389,M,,Nigeria,,,0.0,0,"ENG, POR",,International Drug Trafficking,Brazil,
2018/2422,FESTUS CHINEDU,EZEUNARA,1985/05/29,NG,,https://ws-public.interpol.int/notices/v1/red/2018-2422/images,https://ws-public.interpol.int/notices/v1/red/2018-2422,M,,,,,0.0,0,,,"1) Delito de Tráfico de sustancias estupefacientes prohibidas en la modalidad de transporte,
2) agravado por la participación en grupo criminal organizado.",Uruguay,
2017/7440,BENEDICT,OKORO,1967/05/01,NG,https://ws-public.interpol.int/notices/v1/red/2017-7440/images/60298974,https://ws-public.interpol.int/notices/v1/red/2017-7440/images,https://ws-public.interpol.int/notices/v1/red/2017-7440,M,,Nigeria,['BLA'],['BLA'],1.75,104,"FRE, ENG, SPA",,CRIMEN ORGANIZADO,Nicaragua,
2016/78505,MALAHI IKECHUCWU,OBIDIOZOR,1979/06/30,"AO, NG",https://ws-public.interpol.int/notices/v1/red/2016-78505/images/60243377,https://ws-public.interpol.int/notices/v1/red/2016-78505/images,https://ws-public.interpol.int/notices/v1/red/2016-78505,M,,,,,0.0,0,"ENG, POR",,"kidnapping, roberry and ilegal possession of firearms",Angola,
2016/78799,NWOKORIE ALCACHI,STANLEY,1972/01/09,"AO, NG",https://ws-public.interpol.int/notices/v1/red/2016-78799/images/60244280,https://ws-public.interpol.int/notices/v1/red/2016-78799/images,https://ws-public.interpol.int/notices/v1/red/2016-78799,M,,,,,0.0,0,"POR, ENG",,"kidnapping, roberry and ilegal possession of firearms.",Angola,
2016/78540,AKACHI,VITUS,1984/06/13,"AO, NG",https://ws-public.interpol.int/notices/v1/red/2016-78540/images/60243457,https://ws-public.interpol.int/notices/v1/red/2016-78540/images,https://ws-public.interpol.int/notices/v1/red/2016-78540,M,,,,,0.0,0,"POR, ENG",,"Kidnapping, roberry and ilegal possession of firearms",Angola,
2015/24916,MARY,EZE,1973/04/01,NG,,https://ws-public.interpol.int/notices/v1/red/2015-24916/images,https://ws-public.interpol.int/notices/v1/red/2015-24916,F,,Nigeria,,,0.0,0,ENG,,traffic in human beings,Denmark,
2015/13681,BOUHARI,SALIF,1971/09/04,"NE, NG",https://ws-public.interpol.int/notices/v1/red/2015-13681/images/59733765,https://ws-public.interpol.int/notices/v1/red/2015-13681/images,https://ws-public.interpol.int/notices/v1/red/2015-13681,M,ZINDER,Niger,,,0.0,0,ENG,,drug smuggling,China,
2015/4893,BUTCHANG TIMLOH,NKEM,1988/11/25,NG,https://ws-public.interpol.int/notices/v1/red/2015-4893/images/59705035,https://ws-public.interpol.int/notices/v1/red/2015-4893/images,https://ws-public.interpol.int/notices/v1/red/2015-4893,M,LIBREVILLE-GABON,Nigeria,['BRO'],['BLA'],1.8,77,ENG,,Sexual Assault,Canada,
2011/50742,DA COSTA FRANKLE AUSTINE,COSTA,1963,NG,https://ws-public.interpol.int/notices/v1/red/2011-50742/images/55942229,https://ws-public.interpol.int/notices/v1/red/2011-50742/images,https://ws-public.interpol.int/notices/v1/red/2011-50742,M,,Nigeria,,['BLA'],1.85,0,NIC,"A cut mark on near right eye-brow, Scar mark near right cheek.","Criminal Conspiracy; Having possession of document knowing it to be forged and intending to use it as genuine; Forgery of valuable security, will etc; Forgery for purpose of cheating.",India,
2011/50822,FESTUS,OKROMI,1965/06/26,NG,https://ws-public.interpol.int/notices/v1/red/2011-50822/images/55944689,https://ws-public.interpol.int/notices/v1/red/2011-50822/images,https://ws-public.interpol.int/notices/v1/red/2011-50822,M,,Nigeria,['BLA'],['BLA'],1.7,0,ENG,A cut on the left temple.,Criminal Conspiracy and Cheating,India,
