entity_id,forename,name,date_of_birth,nationalities,thumbnail,images,self_link,sex_id,place_of_birth,country_of_birth,eyes_colors_id,hairs_id,height,weight,languages_spoken_ids,distinguishing_marks,arrest_charge,arrest_issuing_country,arrest_charge_translation
2024/84370,STEVE WELLINGTON,ORTIZ,1999/10/24,BZ,https://ws-public.interpol.int/notices/v1/red/2024-84370/images/63294184,https://ws-public.interpol.int/notices/v1/red/2024-84370/images,https://ws-public.interpol.int/notices/v1/red/2024-84370,M,Dangriga Town,Belize,['BROD'],['BRO'],,,ENG,,Murder,Belize,
2024/59520,BERNARD NEWHRUE,TALBERT,1974/05/02,BZ,https://ws-public.interpol.int/notices/v1/red/2024-59520/images/63193368,https://ws-public.interpol.int/notices/v1/red/2024-59520/images,https://ws-public.interpol.int/notices/v1/red/2024-59520,M,Belize City,Belize,['BROD'],['HAIB'],,,"SPA, ENG",,Murder,Belize,
2024/59240,EDRIC ALEXANDER,CRUZ,1975/12/09,BZ,https://ws-public.interpol.int/notices/v1/red/2024-59240/images/63192357,https://ws-public.interpol.int/notices/v1/red/2024-59240/images,https://ws-public.interpol.int/notices/v1/red/2024-59240,M,San Ignacio,Belize,['BROD'],['HAIB'],0.31,82.0,"ENG, SPA",,Rape,Belize,
2024/49817,BRADY,TILLETT,1997/02/26,BZ,https://ws-public.interpol.int/notices/v1/red/2024-49817/images/63150837,https://ws-public.interpol.int/notices/v1/red/2024-49817/images,https://ws-public.interpol.int/notices/v1/red/2024-49817,M,,Belize,['BROD'],['BLA'],,,ENG,,Intentionally and unlawfully committed an aggraveted assault with a dangerous instrument to wit: a firearm.,Belize,
2024/52748,ORLANDO,JONES,1968/10/18,BZ,https://ws-public.interpol.int/notices/v1/red/2024-52748/images/63163742,https://ws-public.interpol.int/notices/v1/red/2024-52748/images,https://ws-public.interpol.int/notices/v1/red/2024-52748,M,orangw Walk,Belize,['BROD'],['GRYG'],1.6,69.0,"ENG, SPA",,Sexual Assault,Belize,
2024/51120,MALCOM,MYERS,1993/10/13,BZ,https://ws-public.interpol.int/notices/v1/red/2024-51120/images/63157745,https://ws-public.interpol.int/notices/v1/red/2024-51120/images,https://ws-public.interpol.int/notices/v1/red/2024-51120,M,BELIZE,Belize,['BLA'],['BLA'],,,ENG,,24[1],Belize,
2024/49853,AKEEM,RICHARDS,1993/12/20,BZ,https://ws-public.interpol.int/notices/v1/red/2024-49853/images/63150990,https://ws-public.interpol.int/notices/v1/red/2024-49853/images,https://ws-public.interpol.int/notices/v1/red/2024-49853,M,,Belize,['BLA'],['BLA'],,,ENG,,MURDER,Belize,
2024/35614,ELLIS,MEIGHAN,1992/09/05,BZ,https://ws-public.interpol.int/notices/v1/red/2024-35614/images/63092087,https://ws-public.interpol.int/notices/v1/red/2024-35614/images,https://ws-public.interpol.int/notices/v1/red/2024-35614,M,Belize City,Belize,['BROD'],['BLA'],,,ENG,,Murder,Belize,
2024/10341,TAYLER ANTHONY,SMITH,1999/08/19,BZ,https://ws-public.interpol.int/notices/v1/red/2024-10341/images/62992734,https://ws-public.interpol.int/notices/v1/red/2024-10341/images,https://ws-public.interpol.int/notices/v1/red/2024-10341,M,Belize City,Belize,['BROD'],['BLA'],1.8,,"ENG, SPA",,Murder,Belize,
2023/82084,JEFFREY,FERGUSON,1987/02/10,BZ,https://ws-public.interpol.int/notices/v1/red/2023-82084/images/62933764,https://ws-public.interpol.int/notices/v1/red/2023-82084/images,https://ws-public.interpol.int/notices/v1/red/2023-82084,M,Belize City,Belize,['BROD'],['BLA'],,,ENG,,Murder,Belize,
2023/73614,RAUL,GUZMAN,1958/09/01,BZ,https://ws-public.interpol.int/notices/v1/red/2023-73614/images/62903248,https://ws-public.interpol.int/notices/v1/red/2023-73614/images,https://ws-public.interpol.int/notices/v1/red/2023-73614,M,Stann Creek,Belize,['BROL'],['BLA'],1.66,65.0,"SPA, ENG",,Rape,Belize,
2023/64732,FIBRIEL,SAVALA,1997/09/23,BZ,https://ws-public.interpol.int/notices/v1/red/2023-64732/images/62870291,https://ws-public.interpol.int/notices/v1/red/2023-64732/images,https://ws-public.interpol.int/notices/v1/red/2023-64732,M,"PUNTA GORDA TOWN, TOLEDO DISTRICT",Belize,['BROD'],['BLA'],1.73,140.0,"ENG, SPA",,Murder,Belize,
2021/39015,ALTON ALWIN,CONORQUIE,1995/10/21,BZ,https://ws-public.interpol.int/notices/v1/red/2021-39015/images/62169791,https://ws-public.interpol.int/notices/v1/red/2021-39015/images,https://ws-public.interpol.int/notices/v1/red/2021-39015,M,ORANGE WALK TOWN,Belize,['BROD'],['BLA'],1.57,73.0,ENG,Tatto on Left arm,Murder,Belize,
2018/87293,JOHN ALBERT,HENRY JR.,1982/06/04,BZ,https://ws-public.interpol.int/notices/v1/red/2018-87293/images/61218764,https://ws-public.interpol.int/notices/v1/red/2018-87293/images,https://ws-public.interpol.int/notices/v1/red/2018-87293,M,BELIZE,Belize,['BRO'],['BLA'],1.7,0.0,ENG,NONE,MURDER,Belize,
2015/79638,JAIME LEONEL,RIVAS,1987/11/11,BZ,https://ws-public.interpol.int/notices/v1/red/2015-79638/images/59951309,https://ws-public.interpol.int/notices/v1/red/2015-79638/images,https://ws-public.interpol.int/notices/v1/red/2015-79638,M,SAN IGNACIO TOWN,Belize,['BRO'],['BLA'],1.52,73.0,"SPA, ENG",,Murder,Belize,
