entity_id,forename,name,date_of_birth,nationalities,thumbnail,images,self_link,sex_id,place_of_birth,country_of_birth,eyes_colors_id,hairs_id,height,weight,languages_spoken_ids,distinguishing_marks,arrest_charge,arrest_issuing_country,arrest_charge_translation
2024/36564,SAMI,CAKMAK,1982/05/26,TR,https://ws-public.interpol.int/notices/v1/red/2024-36564/images/63096556,https://ws-public.interpol.int/notices/v1/red/2024-36564/images,https://ws-public.interpol.int/notices/v1/red/2024-36564,M,,TÜRKIYE,,,,,,,"-	MEURTRE 
-	VOL 
-	ESCROQUERIE",France,
2024/24056,YAKUP,AKBULUT,1984/05/05,TR,https://ws-public.interpol.int/notices/v1/red/2024-24056/images/63046410,https://ws-public.interpol.int/notices/v1/red/2024-24056/images,https://ws-public.interpol.int/notices/v1/red/2024-24056,M,,TÜRKIYE,,,,,,,Aggravated fraud,Georgia,
2024/24048,DENIZ,BEDIR,1979/05/16,TR,https://ws-public.interpol.int/notices/v1/red/2024-24048/images/63046364,https://ws-public.interpol.int/notices/v1/red/2024-24048/images,https://ws-public.interpol.int/notices/v1/red/2024-24048,M,,TÜRKIYE,,,,,,,Aggravated fraud,Georgia,
2022/63179,ISMAIL,ABDO,1990/06/03,"SE, TR",https://ws-public.interpol.int/notices/v1/red/2022-63179/images/62552569,https://ws-public.interpol.int/notices/v1/red/2022-63179/images,https://ws-public.interpol.int/notices/v1/red/2022-63179,M,Uppsala,Sweden,,,1.73,,"ENG, SWE",,"Attempted gross narcotics offence, Exceptionally gross narcotics offence and exceptionally gross narcotics smuggling, Gross narcotics offence, or, in the alternative, aiding the offence",Sweden,
2019/111808,MAKHACH,ALIEV,1982/07/02,"TR, RU",https://ws-public.interpol.int/notices/v1/red/2019-111808/images/61601903,https://ws-public.interpol.int/notices/v1/red/2019-111808/images,https://ws-public.interpol.int/notices/v1/red/2019-111808,M,Kizilyurt town of Dagestan Republic,Russia,,,,,"RUS, ENG",,Swindling on an especially large scale,Russia,
2018/95683,ERGIN,OZDEMIR,1967/02/18,TR,https://ws-public.interpol.int/notices/v1/red/2018-95683/images/61213267,https://ws-public.interpol.int/notices/v1/red/2018-95683/images,https://ws-public.interpol.int/notices/v1/red/2018-95683,M,"GEKSUN, KAHRAMANMARAS DISTRICT",TÜRKIYE,,,0.0,0.0,TUR,,Participation in an illegal armed formation,Russia,
2015/19759,AYDAN BEKIR,HASAN,1969/07/28,"BG, TR",https://ws-public.interpol.int/notices/v1/red/2015-19759/images/59753964,https://ws-public.interpol.int/notices/v1/red/2015-19759/images,https://ws-public.interpol.int/notices/v1/red/2015-19759,M,RADNEVO,Bulgaria,,,,,"TUR, BUL",,1) offence agaist the custom regime; 2) offence against the national health and the environment,Bulgaria,
2017/6697,REDZHEP SHABAN,MURAD,1962/01/26,"BG, TR",https://ws-public.interpol.int/notices/v1/red/2017-6697/images/60296013,https://ws-public.interpol.int/notices/v1/red/2017-6697/images,https://ws-public.interpol.int/notices/v1/red/2017-6697,M,district Oreshnica,Bulgaria,,,,,"TUR, BUL",,Drugs traffic,Bulgaria,
2017/174365,UNAL,OEZTURK,1979/01/15,"TR, DK",https://ws-public.interpol.int/notices/v1/red/2017-174365/images/60679158,https://ws-public.interpol.int/notices/v1/red/2017-174365/images,https://ws-public.interpol.int/notices/v1/red/2017-174365,M,FREDERICIA,Denmark,['BLU'],,0.0,187.0,"TUR, DAN",,"1) Attempted arson according to Danish Penal Code Section 181, subs. 3, cf. subs 1, cf. section 21 g and 23.
2) Extortion according to Danish Penal Code Section 281, subs. 1, no. 1.
3-5) Drug trafficking according to Danish Penal Code Section 191, subsection 1, 1. paragraph, and subs. 2, cf. subs. 1.",Denmark,
2017/190742,AHMET ISMAIL,KABLAN,1975/04/03,TR,https://ws-public.interpol.int/notices/v1/red/2017-190742/images/60718724,https://ws-public.interpol.int/notices/v1/red/2017-190742/images,https://ws-public.interpol.int/notices/v1/red/2017-190742,M,,TÜRKIYE,,,0.0,0.0,,,Aggravated Murder,Brazil,
2016/52252,FARUK,BEKTAS,1956/02/02,TR,https://ws-public.interpol.int/notices/v1/red/2016-52252/images/60159525,https://ws-public.interpol.int/notices/v1/red/2016-52252/images,https://ws-public.interpol.int/notices/v1/red/2016-52252,M,ERIK,TÜRKIYE,,,0.0,0.0,"GER, TUR",,Driving a motor vehicle in violation of the traffic rules and causing death to one or more persons,Bulgaria,
2010/24171,OZCAN,MAHMUT,1974/11/23,TR,,https://ws-public.interpol.int/notices/v1/red/2010-24171/images,https://ws-public.interpol.int/notices/v1/red/2010-24171,M,UCELLI / DUZALTEPE,,,,0.0,0.0,TUR,,illicit trafficking in narcotic drugs and psychotropic substances,Bulgaria,
2014/46981,VEDAT,VURGUN,1962/09/01,"NL, TR",https://ws-public.interpol.int/notices/v1/red/2014-46981/images/59576201,https://ws-public.interpol.int/notices/v1/red/2014-46981/images,https://ws-public.interpol.int/notices/v1/red/2014-46981,M,IGDIR,TÜRKIYE,,,0.0,0.0,TUR,,CRIMINAL ASSCIATION/ORGANISATION/GROUP,Romania,
2016/9035,ENIZ,CENGEL,1965/09/20,TR,https://ws-public.interpol.int/notices/v1/red/2016-9035/images/60006825,https://ws-public.interpol.int/notices/v1/red/2016-9035/images,https://ws-public.interpol.int/notices/v1/red/2016-9035,M,,TÜRKIYE,,,0.0,0.0,TUR,,"1) causing death to nine persons  due to a negligent fulfillment of a profession; 2) Inflicting on eleven persons average bodily harms, due to a careless practicing of a profession",Bulgaria,
2015/81109,YUSUF ERCIN,SONMEZ,1957/06/30,"TR, IL",https://ws-public.interpol.int/notices/v1/red/2015-81109/images/59956471,https://ws-public.interpol.int/notices/v1/red/2015-81109/images,https://ws-public.interpol.int/notices/v1/red/2015-81109,M,,TÜRKIYE,,,0.0,0.0,,,"INTENTIONAL INFLICTION OF GRAVE INJURIES, HUMAN TRAFFICKING",Russia,
2015/55306,NIKOLA MILADINOV,ASENOV,1977/06/20,"TR, BG",https://ws-public.interpol.int/notices/v1/red/2015-55306/images/59870572,https://ws-public.interpol.int/notices/v1/red/2015-55306/images,https://ws-public.interpol.int/notices/v1/red/2015-55306,M,SHUMEN,Bulgaria,,,0.0,0.0,"BUL, TUR",,1) debauchery; 2) robbery,Bulgaria,
2014/58231,CENGIZ,AKIN,1981/04/08,"NL, TR",https://ws-public.interpol.int/notices/v1/red/2014-58231/images/59729197,https://ws-public.interpol.int/notices/v1/red/2014-58231/images,https://ws-public.interpol.int/notices/v1/red/2014-58231,M,ROTTERDAM,Netherlands,,,0.0,0.0,,,"Homicide, aggravated assault, possession of a firearm and ammunition",Netherlands,
2015/6192,RASIT,TUNCER,1982/11/01,"NL, TR",https://ws-public.interpol.int/notices/v1/red/2015-6192/images/59709984,https://ws-public.interpol.int/notices/v1/red/2015-6192/images,https://ws-public.interpol.int/notices/v1/red/2015-6192,M,,Netherlands,,,,,,Scar underneath his eye.,4 offences of Illicit trafficking in narcotic drugs and psychotropic substances according to violation of section 191 subsection 2 cf subsection 1 number 2 of the Danish Penal Code,Denmark,
2014/67166,KRASIMIR TODOROV,MIHAYLOV,1963/01/26,"BG, TR",https://ws-public.interpol.int/notices/v1/red/2014-67166/images/59647148,https://ws-public.interpol.int/notices/v1/red/2014-67166/images,https://ws-public.interpol.int/notices/v1/red/2014-67166,M,SEKULOVO,Bulgaria,,,0.0,0.0,"BUL, TUR",,Violation of the traffic rules and causing the death of another,Bulgaria,
2014/43094,TUNCAY,ER,1969/02/02,TR,https://ws-public.interpol.int/notices/v1/red/2014-43094/images/59562824,https://ws-public.interpol.int/notices/v1/red/2014-43094/images,https://ws-public.interpol.int/notices/v1/red/2014-43094,M,MUS,TÜRKIYE,,,0.0,0.0,TUR,,CONSTITUTION OF A CRIMINAL ORGANIZED GROUP AND TRAFFIC IN DRUGS,Romania,
2014/20917,METIN,SAHIN,1960/05/05,TR,https://ws-public.interpol.int/notices/v1/red/2014-20917/images/59476783,https://ws-public.interpol.int/notices/v1/red/2014-20917/images,https://ws-public.interpol.int/notices/v1/red/2014-20917,M,CHORUM,TÜRKIYE,['BLA'],,0.0,0.0,"TUR, BUL",,FORNICATION,Bulgaria,
2012/348027,YACUP,OZCOBAN,1955/02/01,TR,https://ws-public.interpol.int/notices/v1/red/2012-348027/images/57962415,https://ws-public.interpol.int/notices/v1/red/2012-348027/images,https://ws-public.interpol.int/notices/v1/red/2012-348027,M,MALATYA,TÜRKIYE,,,0.0,0.0,TUR,,TRAFFICKING IN DRUGS; SMUGGLING,Romania,
2012/338407,MEHMET,KARAKAS,1955/04/13,TR,,https://ws-public.interpol.int/notices/v1/red/2012-338407/images,https://ws-public.interpol.int/notices/v1/red/2012-338407,M,,TÜRKIYE,['BRO'],['BLA'],1.75,83.0,,,TRAFFICKING OF NARCOTICS AND AGGRAVATED SMUGGLING,Romania,
2009/40603,MURAD,HANIF,1983/12/23,TR,https://ws-public.interpol.int/notices/v1/red/2009-40603/images/54267371,https://ws-public.interpol.int/notices/v1/red/2009-40603/images,https://ws-public.interpol.int/notices/v1/red/2009-40603,M,,TÜRKIYE,['BRO'],['BLA'],1.78,73.0,"ARA, ENG, TUR",,"1) RAPE OF AN UNCONSCIOUS VICTIM (2 COUNTS)
2) INVOLUNTARY DEVIATE SEXUAL INTERCOURSE WITH AN UNCONSCIOUS VICTIM (1 COUNT)
3) SEXUAL ASSAULT (2 COUNTS)
4) INDECENT ASSAULT WITH AN UNCONSCIOUS VICTIM (2 COUNTS)
5) INDECENT ASSAULT WITHOUT VICTIM CONSENT (2 COUNTS)

",United States of America,
2007/44158,AL GURHAN,GURKAN,1970/04/12,"US, TR",https://ws-public.interpol.int/notices/v1/red/2007-44158/images/61167822,https://ws-public.interpol.int/notices/v1/red/2007-44158/images,https://ws-public.interpol.int/notices/v1/red/2007-44158,M,Ankara,TÜRKIYE,['BRO'],['BRO'],1.775,76.05,ENG,,"1) Distribution of one kilogram or more of heroin, and 500 grams of mixtures containing cocaine and marijuana (1 Count); 
2) Possession with intent to distribute approximately 10 pounds of marijuana (1 Count); 
3) Possession of a firearm in furtherance of a drug trafficking crime (1 Count)",United States of America,
