entity_id,forename,name,date_of_birth,nationalities,thumbnail,images,self_link,sex_id,place_of_birth,country_of_birth,eyes_colors_id,hairs_id,height,weight,languages_spoken_ids,distinguishing_marks,arrest_charge,arrest_issuing_country,arrest_charge_translation
2021/42532,MOUSTAPHA,EL MANSOURI,1969/11/09,ES,https://ws-public.interpol.int/notices/v1/red/2021-42532/images/63120124,https://ws-public.interpol.int/notices/v1/red/2021-42532/images,https://ws-public.interpol.int/notices/v1/red/2021-42532,M,BENI OULICHEK,Morocco,,,0.0,0.0,,,". ESCROQUERIE 
. ABUS DES BIENS OU DU CRÉDIT D'UNE SARL PAR UN GÉRANT A DES FINS PERSONNELLES .",France,
2015/29594,JOSE LUIS,FOLGUERAS ALVAREZ,1951/06/28,ES,https://ws-public.interpol.int/notices/v1/red/2015-29594/images/60284748,https://ws-public.interpol.int/notices/v1/red/2015-29594/images,https://ws-public.interpol.int/notices/v1/red/2015-29594,M,Gijon,Spain,,,,,SPA,,"- DÉTENTION, TRANSPORT DE PRODUITS STUPÉFIANTS 
- TENTATIVE D'IMPORTATION DE STUPEFIANTS
- PARTICIPATION À UNE ASSOCIATION DE MALFAITEURS EN VUE DE LA PREPARATION D'UN DÉLIT PUNI DE 10 ANS D'EMPRISONNEMENT",France,
2020/27853,JUAN,MARIN CARDENAS,1953/01/15,ES,https://ws-public.interpol.int/notices/v1/red/2020-27853/images/63425864,https://ws-public.interpol.int/notices/v1/red/2020-27853/images,https://ws-public.interpol.int/notices/v1/red/2020-27853,M,,Spain,,,,,SPA,,Extortion,Brazil,
2017/196452,JOSE,GOMEZ TORNERO,1950/12/03,ES,https://ws-public.interpol.int/notices/v1/red/2017-196452/images/62949248,https://ws-public.interpol.int/notices/v1/red/2017-196452/images,https://ws-public.interpol.int/notices/v1/red/2017-196452,M,,,,,,,,,"TRAFICO DE ESTUPEFACIENTES EN LA MODALIDAD DE TRANSPORTE, COMERCIALIZACION Y ALMACENAMIENTO DE ESTUPEFACIENTES",Argentina,
2017/196440,ALVARO,CASCALES  ZARZUELO,1980/05/04,ES,,https://ws-public.interpol.int/notices/v1/red/2017-196440/images,https://ws-public.interpol.int/notices/v1/red/2017-196440,M,ALICANTE,Spain,,,,,SPA,,"TRASNPORTE, COMERCIALIZACION Y ALMACENAMIENTO DE ESTUPEFACIENTES",Argentina,
2014/33517,ANDRES FELIPE,ALZATE PARRA,1972/06/20,"CO, ES",https://ws-public.interpol.int/notices/v1/red/2014-33517/images/59528016,https://ws-public.interpol.int/notices/v1/red/2014-33517/images,https://ws-public.interpol.int/notices/v1/red/2014-33517,M,MEDELLIN,Colombia,,,0.0,0.0,,a scarf on his right side,"participation in a criminal organisation, forgery of administrative documents and trafficking
therein",Poland,
2012/307783,JOHNATAN VICTOR,HERRERA,1990/10/08,"ES, VE",https://ws-public.interpol.int/notices/v1/red/2012-307783/images/57013696,https://ws-public.interpol.int/notices/v1/red/2012-307783/images,https://ws-public.interpol.int/notices/v1/red/2012-307783,M,Madrid,Spain,['BRO'],['BRO'],1.85,75.0,"SPA, ENG",HERRERA may wear corrective lenses.,Sexual Assault of a Child Under 17 Years of Age,United States of America,
1993/9069,ANTONIO,ANGLES MARTINS,1966/07/25,ES,https://ws-public.interpol.int/notices/v1/red/1993-9069/images/52378379,https://ws-public.interpol.int/notices/v1/red/1993-9069/images,https://ws-public.interpol.int/notices/v1/red/1993-9069,M,SAO PAULO,Brazil,['BLU'],,1.75,0.0,"SPA, POR",Tatuajes: Brazo derecho: esqueleto con guadañas; brazo izquierdo: «Amor de madre”; antebrazo izquierdo: mujer china vestida y con sombrilla. Tiene un quiste sebáceo en la garganta sobre la nuez. Desconfiado. Toma ROHIPNOL para combatir la adicción a las drogas. ,"delitos rapto, violación, asesinato, inhumación de cadáver y tenencia ilícita de armas.",Spain,
