entity_id,forename,name,date_of_birth,nationalities,thumbnail,images,self_link,sex_id,place_of_birth,country_of_birth,eyes_colors_id,hairs_id,height,weight,languages_spoken_ids,distinguishing_marks,arrest_charge,arrest_issuing_country,arrest_charge_translation
2019/124612,HASAN,OKUTAN,1989/04/26,DK,https://ws-public.interpol.int/notices/v1/red/2019-124612/images/61649055,https://ws-public.interpol.int/notices/v1/red/2019-124612/images,https://ws-public.interpol.int/notices/v1/red/2019-124612,M,Copenhagen,Denmark,,,1.82,,"ENG, TUR, DAN","5 cm. star-shaped scar on left shoulder after operation.
2 cm. long scar on the right side of the body from knife stab",Murder,Denmark,
2017/174365,UNAL,OEZTURK,1979/01/15,"TR, DK",https://ws-public.interpol.int/notices/v1/red/2017-174365/images/60679158,https://ws-public.interpol.int/notices/v1/red/2017-174365/images,https://ws-public.interpol.int/notices/v1/red/2017-174365,M,FREDERICIA,Denmark,['BLU'],,0.0,187.0,"TUR, DAN",,"1) Attempted arson according to Danish Penal Code Section 181, subs. 3, cf. subs 1, cf. section 21 g and 23.
2) Extortion according to Danish Penal Code Section 281, subs. 1, no. 1.
3-5) Drug trafficking according to Danish Penal Code Section 191, subsection 1, 1. paragraph, and subs. 2, cf. subs. 1.",Denmark,
2016/49661,KRISTIAN,SOERENSEN,1954/02/25,DK,https://ws-public.interpol.int/notices/v1/red/2016-49661/images/60146760,https://ws-public.interpol.int/notices/v1/red/2016-49661/images,https://ws-public.interpol.int/notices/v1/red/2016-49661,M,,Denmark,,,,,,,•sexual exploitation of children and child pornography,Denmark,
2012/11227,FRANK SEYED MOHAMMAD SADEGH,HESKJAER,1957/01/05,DK,https://ws-public.interpol.int/notices/v1/red/2012-11227/images/62252232,https://ws-public.interpol.int/notices/v1/red/2012-11227/images,https://ws-public.interpol.int/notices/v1/red/2012-11227,M,,Iran,,,1.82,,,,"1) Rape by sexual intercourse and other sexual relation other than sexual intercourse of a minor under 12 years (stepdaughter) 
2) Sexual relation other than sexual intercourse with a minor under 15 years (stepdaughter) 
3) sexual relation other than sexual intercourse with a minor under 18 years (stepdaughter) 
4) Rape by sexual intercourse and other sexual relation other than sexual intercourse with a minor under 12 years (daughter)",Denmark,
2011/40111,MOHAMAD WALID,HAMADEH,1991/01/07,DK,https://ws-public.interpol.int/notices/v1/red/2011-40111/images/55610067,https://ws-public.interpol.int/notices/v1/red/2011-40111/images,https://ws-public.interpol.int/notices/v1/red/2011-40111,M,LUNDTOFTE,Denmark,['BRO'],['BLA'],1.75,,DAN,"Small scar above his right eyebrow. Tatto on his left hand with his name: ""Mohamad"".
on the right hand with the text BROTHAS.
Commen for both tattoos is that they are situated between the thumb and the point fingers.",Homicide,Denmark,
