entity_id,forename,name,date_of_birth,nationalities,thumbnail,images,self_link,sex_id,place_of_birth,country_of_birth,eyes_colors_id,hairs_id,height,weight,languages_spoken_ids,distinguishing_marks,arrest_charge,arrest_issuing_country,arrest_charge_translation
2025/26904,ALEXANDER,MEISNER,1963/11/23,DE,https://ws-public.interpol.int/notices/v1/red/2025-26904/images/63433501,https://ws-public.interpol.int/notices/v1/red/2025-26904/images,https://ws-public.interpol.int/notices/v1/red/2025-26904,M,NOWOKUSMINKA,Kazakhstan,['BLU'],['BRO'],1.74,74.0,,,murder,Germany,
2021/11762,MANSOUR ISMAIL,MANSOUR ISMAIL,1995/11/12,DE,https://ws-public.interpol.int/notices/v1/red/2021-11762/images/62025006,https://ws-public.interpol.int/notices/v1/red/2021-11762/images,https://ws-public.interpol.int/notices/v1/red/2021-11762,M,EL MOKATAA,Egypt,['BRO'],['BLA'],1.76,,,,"Incitement to jointly committed murder and incitement to jointly attempted murder
penally coinciding with jointly causing bodily harm by dangerous means",Germany,
2021/652,IHAAB,EL RAWI,1993/09/30,DE,https://ws-public.interpol.int/notices/v1/red/2021-652/images/61986526,https://ws-public.interpol.int/notices/v1/red/2021-652/images,https://ws-public.interpol.int/notices/v1/red/2021-652,M,HAMBURG,Germany,['BRO'],['BLA'],1.88,,,,Attempted voluntary manslaughter coinciding with dangerous bodily harm and violation of the weapons act,Germany,
2020/66903,NORMANN VOLKER,FRANZ,1970/01/30,DE,https://ws-public.interpol.int/notices/v1/red/2020-66903/images/61919249,https://ws-public.interpol.int/notices/v1/red/2020-66903/images,https://ws-public.interpol.int/notices/v1/red/2020-66903,M,NEHEIM-HÜSTEN JETZT ARNSBERG,Germany,['BRO'],,1.77,0.0,,,"211, 311 German penal code",Germany,
1994/12066,BURKHARD,GARWEG,1968/09/01,DE,https://ws-public.interpol.int/notices/v1/red/1994-12066/images/61797556,https://ws-public.interpol.int/notices/v1/red/1994-12066/images,https://ws-public.interpol.int/notices/v1/red/1994-12066,M,BONN,Germany,['BLU'],,1.8,,GER,arch-shaped upper lip,"Murder, Robbery, Aggravated Robbery, dangerous bodily injury, Extortionate kidnapping",Germany,
1991/15958,ERNST VOLKER WILHELM,STAUB,1954/10/30,DE,https://ws-public.interpol.int/notices/v1/red/1991-15958/images/61797507,https://ws-public.interpol.int/notices/v1/red/1991-15958/images,https://ws-public.interpol.int/notices/v1/red/1991-15958,M,HAMBURG,Germany,['GRY'],,1.83,,"ENG, GER, FRE, SPA","Scar on left shoulder blade, scar and mole on back ","Murder, Robbery, Aggravated Robbery, dangerous bodily injury, Extortionate kidnapping",Germany,
2020/9611,RUJA,IGNATOVA,1980/05/30,DE,https://ws-public.interpol.int/notices/v1/red/2020-9611/images/61713422,https://ws-public.interpol.int/notices/v1/red/2020-9611/images,https://ws-public.interpol.int/notices/v1/red/2020-9611,F,RUSSE,Bulgaria,['BRO'],['OTHD'],0.0,0.0,,,"Jointly committed especially serious case of fraud, money laundering",Germany,
2016/64278,JULIE ELIZABETH,RAVEL,1954/04/21,"DE, GY",https://ws-public.interpol.int/notices/v1/red/2016-64278/images/63553840,https://ws-public.interpol.int/notices/v1/red/2016-64278/images,https://ws-public.interpol.int/notices/v1/red/2016-64278,F,BURGUFFELN,Germany,,,0.0,0.0,,,PRESUNTO HOMICIDIO.,Uruguay,
2013/8430,ANDREAS,DEWOR,1966/11/29,DE,https://ws-public.interpol.int/notices/v1/red/2013-8430/images/59367537,https://ws-public.interpol.int/notices/v1/red/2013-8430/images,https://ws-public.interpol.int/notices/v1/red/2013-8430,M,ALTENKIRCHEN,Germany,['BLU'],['BRO'],1.88,136.0,"GER, ENG",DEWOR may weigh between 100 and 136 kilograms.,Transportation with Intent to Engage in Criminal Sexual Activity,United States of America,
1998/33143,JURGEN ANDREAS,ZELL,1960/04/12,DE,https://ws-public.interpol.int/notices/v1/red/1998-33143/images/58166428,https://ws-public.interpol.int/notices/v1/red/1998-33143/images,https://ws-public.interpol.int/notices/v1/red/1998-33143,M,,,,,0.0,0.0,,,"Criminal conspiracy, Kidnapping, subjecting the minor children to unnatural lust causing grievous hurt, taking minor children to subject them to unlawful and immoral purposes for satisfying unnatural lust, carnal intercourse against the order of nature.",India,
2011/48945,SALMAN,BAKIEV,1977/11/13,"KZ, DE",,https://ws-public.interpol.int/notices/v1/red/2011-48945/images,https://ws-public.interpol.int/notices/v1/red/2011-48945,M,ALMATY REGION,Kazakhstan,,,0.0,0.0,"RUS, CHE",,murder,Kazakhstan,
2010/1482,IVAN,LAUTENSHLEGER,1959/08/25,"RU, DE",https://ws-public.interpol.int/notices/v1/red/2010-1482/images/54291882,https://ws-public.interpol.int/notices/v1/red/2010-1482/images,https://ws-public.interpol.int/notices/v1/red/2010-1482,M,EKATERINOSLAVKA,Russia,['OTHD'],,1.8,0.0,"GER, RUS",,ILLEGAL TRANSPORTATION OF NARCOTIC DRUGS ,Russia,
2005/51654,HELMUTH WOLFGANG,DR SCHUSTER,1954/03/08,DE,,https://ws-public.interpol.int/notices/v1/red/2005-51654/images,https://ws-public.interpol.int/notices/v1/red/2005-51654,M,,,,,,,"ENG, GER",,Criminal conspiracy;  misappropriation;  breach of trust;  cheating,India,
2005/17230,JURGEN,REISENER,1956/06/18,DE,https://ws-public.interpol.int/notices/v1/red/2005-17230/images/61507760,https://ws-public.interpol.int/notices/v1/red/2005-17230/images,https://ws-public.interpol.int/notices/v1/red/2005-17230,M,Düsseldorf,Germany,['BRO'],['BLA'],1.8,,,LONG HAIR,Possession of narcotic drugs,India,
2001/41909,SAID,BAHAJI,1975/07/15,"DE, MA",https://ws-public.interpol.int/notices/v1/red/2001-41909/images/52695036,https://ws-public.interpol.int/notices/v1/red/2001-41909/images,https://ws-public.interpol.int/notices/v1/red/2001-41909,M,HASELUNNE,Germany,['BRO'],['BLA'],1.88,0.0,GER,,membership of a terrorist organization coinciding with aiding and abetting murder in at least 246 cases coinciding with dangerous interference with air traffic coinciding with attack on air traffic in penal accumulation with membership of a terrorist organization abroad,Germany,
1972/538,ANGELA,LUTHER,1940/04/23,DE,https://ws-public.interpol.int/notices/v1/red/1972-538/images/53063555,https://ws-public.interpol.int/notices/v1/red/1972-538/images,https://ws-public.interpol.int/notices/v1/red/1972-538,F,BERLIN,Germany,['BLU'],,1.77,,"ENG, GER",,"murder, attempted murder, causing an explosion",Germany,
