entity_id,forename,name,date_of_birth,nationalities,thumbnail,images,self_link,sex_id,place_of_birth,country_of_birth,eyes_colors_id,hairs_id,height,weight,languages_spoken_ids,distinguishing_marks,arrest_charge,arrest_issuing_country,arrest_charge_translation
2024/52074,NASSER OMAR IBRAHIM,ATTALLA,1960/11/29,EG,https://ws-public.interpol.int/notices/v1/red/2024-52074/images/63160580,https://ws-public.interpol.int/notices/v1/red/2024-52074/images,https://ws-public.interpol.int/notices/v1/red/2024-52074,M,GHARBIA,Egypt,,,,,,,Meurtre par conjoint,France,
2014/26942,ATIA EZ ELREGAL AHMED,MEKY,1992/01/15,EG,https://ws-public.interpol.int/notices/v1/red/2014-26942/images/61201908,https://ws-public.interpol.int/notices/v1/red/2014-26942/images,https://ws-public.interpol.int/notices/v1/red/2014-26942,M,Gharbia,Egypt,,,,,ARA,,Attempted murder,Sweden,
2009/41082,KHALED,KHALIFA,1989/11/06,EG,https://ws-public.interpol.int/notices/v1/red/2009-41082/images/54269448,https://ws-public.interpol.int/notices/v1/red/2009-41082/images,https://ws-public.interpol.int/notices/v1/red/2009-41082,M,,Egypt,['BRO'],['BLA'],1.78,88.0,"ARA, ENG",,POSSESSION OF CHILD PORNOGRAPHY (2 COUNTS),United States of America,
2008/18907,MOHAMED HESHAM,YOUSSEF,1961/12/18,"US, EG",https://ws-public.interpol.int/notices/v1/red/2008-18907/images/53940891,https://ws-public.interpol.int/notices/v1/red/2008-18907/images,https://ws-public.interpol.int/notices/v1/red/2008-18907,M,CAIRO,Egypt,['BRO'],['BLA'],1.78,81.0,"ENG, ARA",,"1) Material support to terrorists (1 count) 
2) Conspiracy to provide material support to terrorists (1 count) 
3) Conspiracy to murder, kidnap or injure persons in a foreign country (1count)",United States of America,
2001/14733,SAIF AL,ADEL,1960/01/01,EG,https://ws-public.interpol.int/notices/v1/red/2001-14733/images/52628868,https://ws-public.interpol.int/notices/v1/red/2001-14733/images,https://ws-public.interpol.int/notices/v1/red/2001-14733,M,,Egypt,"['BLA', 'OTHD']",['BLA'],1.705,77.5,ARA,,"(1) Conspiracy to kill United States nationals; (2) Conspiracy to murder, kidnap and maim at places outside the United States; (3) Conspiracy to murder; (4) Conspiracy to destroy buildings and property of the United States; (5) Conspiracy to attack national defence utilities
",United States of America,
2001/14403,ABDULLAH AHMED,ABDULLAH,1963/01/01,"YE, EG",https://ws-public.interpol.int/notices/v1/red/2001-14403/images/52628822,https://ws-public.interpol.int/notices/v1/red/2001-14403/images,https://ws-public.interpol.int/notices/v1/red/2001-14403,M,,Egypt,['BLA'],"['GRY', 'BLA']",1.72,77.0,ARA,Scar on right side of lower lip,"(1) Conspiracy to kill United States nationals; (2) Conspiracy to murder, kidnap and maim at places outside the United States; (3) Conspiracy to murder; (4) Conspiracy to use weapons of mass destruction against nationals of the United States; (5) Conspiracy to destroy buildings and property of the United States; (6) Conspiracy to attack national defense utilities; (7) Bombing of United States facilities resulting in death; (8) Use and attempted use of weapons of mass destruction against nationals of the United States; (9) Murder of individuals white attacking federal facilities
",United States of America,
1999/41826,SAYED AGAMY MOHALHAL,MOAWAD,1964/12/25,EG,https://ws-public.interpol.int/notices/v1/red/1999-41826/images/60764986,https://ws-public.interpol.int/notices/v1/red/1999-41826/images,https://ws-public.interpol.int/notices/v1/red/1999-41826,M,القاهرة,Egypt,['BLA'],['BLA'],0.0,0.0,ARA,,انتماء الى عصبة مجرمين، اعمال ارهاب، استخدام اسلحة ومتفجرات خلافا للقانون للقيام بأعمال كسر وخلع وتدمير، جرائم قتل,Egypt,"Criminal conspiracy, acts of terrorism, illegal use of firearms and explosives for the purposes of burglary and destruction, murder."
