entity_id,forename,name,date_of_birth,nationalities,thumbnail,images,self_link,sex_id,place_of_birth,country_of_birth,eyes_colors_id,hairs_id,height,weight,languages_spoken_ids,distinguishing_marks,arrest_charge,arrest_issuing_country,arrest_charge_translation
2023/15383,GERMÁN,ARGÜELLO BENÍTEZ,1976/10/11,PY,https://ws-public.interpol.int/notices/v1/red/2023-15383/images/62683950,https://ws-public.interpol.int/notices/v1/red/2023-15383/images,https://ws-public.interpol.int/notices/v1/red/2023-15383,M,,,,,,,SPA,,"ABUSO SEXUAL CON ACCESO CARNAL AGRAVADO POR EL VÍNCULO, POR TRATARSE DEL ENCARGADO DE LA GUARDA Y POR LA CONVIVENCIA PREEXISTENTE CON UN MENOR DE 18 AÑOS DE EDAD.",Argentina,
2022/69753,RODRIGO EMILIO,MONTALVA AGÜERO,1982/05/10,PY,https://ws-public.interpol.int/notices/v1/red/2022-69753/images/62574388,https://ws-public.interpol.int/notices/v1/red/2022-69753/images,https://ws-public.interpol.int/notices/v1/red/2022-69753,M,CIUDAD DE ASUNCION,Paraguay,,,0.0,0.0,"SPA, ENG",,TRAFICO ILICITO DE ESTUPEFACIENTES. ASOCIACION CRIMINAL. LAVADO DE DINERO.,Paraguay,
2022/20679,TOBIAS DANIEL,NARVAEZ,1999/06/18,PY,https://ws-public.interpol.int/notices/v1/red/2022-20679/images/62401821,https://ws-public.interpol.int/notices/v1/red/2022-20679/images,https://ws-public.interpol.int/notices/v1/red/2022-20679,M,CIUDAD DE LOMA PYTA,Paraguay,,,,,"SPA, GRN",,"TRAFICO ILICITO DE ESTUPEFACIENTES Y DROGAS PELIGROSA, ASOCIACION CRIMINAL Y LAVADO
DE DINERO",Paraguay,
2022/20541,ROQUE FELIX,ESTIGARRIBIA OJEDA,1996/04/08,PY,https://ws-public.interpol.int/notices/v1/red/2022-20541/images/62401359,https://ws-public.interpol.int/notices/v1/red/2022-20541/images,https://ws-public.interpol.int/notices/v1/red/2022-20541,M,CIUDAD DE ASUNCIÓN,Paraguay,,,0.0,0.0,"GRN, SPA",,"TRAFICO ILÍCITO DE ESTUPEFACIENTES Y DROGAS PELIGROSA, ASOCIACIÓN CRIMINAL Y LAVADO
DE DINERO",Paraguay,
2022/20601,JORGE ANTONIO,GIMENEZ BOGADO,1986/03/13,PY,https://ws-public.interpol.int/notices/v1/red/2022-20601/images/62401525,https://ws-public.interpol.int/notices/v1/red/2022-20601/images,https://ws-public.interpol.int/notices/v1/red/2022-20601,M,CIUDAD DE ASUNCIÓN,Paraguay,,,,,"SPA, GRN",,"TRAFICO ILICITO DE ESTUPEFACIENTES Y DROGAS PELIGROSA, ASOCIACION CRIMINAL Y LAVADO
DE DINERO",Paraguay,
2022/5241,MOISES EZEQUIEL,BAEZ BOGADO,1993/03/27,PY,https://ws-public.interpol.int/notices/v1/red/2022-5241/images/62348551,https://ws-public.interpol.int/notices/v1/red/2022-5241/images,https://ws-public.interpol.int/notices/v1/red/2022-5241,M,Ciudad del Este,Paraguay,,,,,SPA,,ROBO AGRVADO POR EL USO DE ARMA DE FUEGO EN CONCURSO REAL CON HOMICIDIO CRIMINIS CAUSAE,Argentina,
2021/80011,PABLO ALBERTO,MARTINEZ GROESSINGER,1982/08/07,PY,https://ws-public.interpol.int/notices/v1/red/2021-80011/images/62315428,https://ws-public.interpol.int/notices/v1/red/2021-80011/images,https://ws-public.interpol.int/notices/v1/red/2021-80011,M,PEDRO JUAN CABALLERO,Paraguay,,,,,SPA,,"HECHO PUNIBLE DE LAVADO DE DINERO
HECHO PUNIBLE DE ASOCIACION CRIMINAL",Paraguay,
2021/72650,ALBERTO,DUARTE GAUTO,1977/11/21,PY,https://ws-public.interpol.int/notices/v1/red/2021-72650/images/62289447,https://ws-public.interpol.int/notices/v1/red/2021-72650/images,https://ws-public.interpol.int/notices/v1/red/2021-72650,M,,Paraguay,,,,,SPA,,"ABUSO SEXUAL GRAVEMENTE ULTRAJANTE AGRAVADO POR LA CALIDAD DE GUARDADOR DEL SUJETO ACTIVO, REITERADO EN UN NÚMERO INDETERMINADO DE OCASIONES",Argentina,
2021/62114,ADOLFO JAVIER,MENDOZA CASTILLO,1982/12/04,PY,https://ws-public.interpol.int/notices/v1/red/2021-62114/images/62254376,https://ws-public.interpol.int/notices/v1/red/2021-62114/images,https://ws-public.interpol.int/notices/v1/red/2021-62114,M,,Paraguay,,,,,SPA,,"ABUSO SEXUAL AGRAVADO POR SER CON ACCESO CARNAL, EN GRADO DE TENTATIVA EN CONCURSO REAL CON ABUSO SEXUAL GRAVEMENTE ULTRAJANTE, AMBOS TAMBIÉN AGRAVADOS POR EL VÍNCULO.",Argentina,
2021/58240,ROLANDO ENRIQUE,MARTINEZ ZEBALLO,1997/04/11,PY,https://ws-public.interpol.int/notices/v1/red/2021-58240/images/62242227,https://ws-public.interpol.int/notices/v1/red/2021-58240/images,https://ws-public.interpol.int/notices/v1/red/2021-58240,M,,Paraguay,,,,,,,"TRIPLE HOMICIDIO AGRAVADO POR EL USO DE ARMA DE FUEGO Y TENTATIVA DE HOMICIDIO CALIFICADO POR EL USO DE ARMA DE FUEGO, DOS HECHOS EN CONCURSO REAL",Argentina,
2021/58219,EDGAR,SAMUDIO SAMUDIO,2000/02/04,PY,https://ws-public.interpol.int/notices/v1/red/2021-58219/images/62242166,https://ws-public.interpol.int/notices/v1/red/2021-58219/images,https://ws-public.interpol.int/notices/v1/red/2021-58219,M,,Paraguay,,,,,,,"TRIPLE HOMICIDIO AGRAVADO POR EL USO DE ARMA DE FUEGO Y TENTATIVA DE HOMICIDIO CALIFICADO POR EL USO DE ARMA DE FUEGO, DOS HECHOS EN CONCURSO REAL",Argentina,
2021/46260,NEMECIO,PAIVA DUARTE,1971/12/19,PY,https://ws-public.interpol.int/notices/v1/red/2021-46260/images/62197530,https://ws-public.interpol.int/notices/v1/red/2021-46260/images,https://ws-public.interpol.int/notices/v1/red/2021-46260,M,,Paraguay,,,0.0,0.0,SPA,,"ABUSO SEXUAL CON ACCESO CARNAL AGRAVADO POR SER EL ENCARGADO DE LA GUARDA Y POR APROVECHAR LA CONVIVENCIA PREEXISTENTE CON UN MENOR DE 18 AÑOS -REITERADOS-, ABUSO SEXUAL EN CONCURSO REAL CON ABUSO SEXUAL CON ACCESO CARNAL EN GRADO DE TENTATIVA Y ABUSO SEXUAL, TODOS ELLOS CONCURSANDO REALMENTE ENTRE SÍ.",Argentina,
2021/41639,EMIGDIO,ESPINOLA,1957/08/05,PY,https://ws-public.interpol.int/notices/v1/red/2021-41639/images/62230996,https://ws-public.interpol.int/notices/v1/red/2021-41639/images,https://ws-public.interpol.int/notices/v1/red/2021-41639,M,Fernando de la Mora,Paraguay,,,,,,,ABUSO SEXUAL AGRAVADO POR HABERSE APROVECHADO EL AUTOR DE LA SITUACIÓN DE CONVIVENCIA PREEXISTENTE CON LA VÍCTIMA,Argentina,
2021/40626,EVER ANTONIO,COLMAN AYALA,1995/06/13,PY,https://ws-public.interpol.int/notices/v1/red/2021-40626/images/62177216,https://ws-public.interpol.int/notices/v1/red/2021-40626/images,https://ws-public.interpol.int/notices/v1/red/2021-40626,M,,Paraguay,,,,,SPA,,HOMICIDIO AGRAVADO POR EL USO DE ARMA DE FUEGO,Argentina,
2021/32753,RODOLFO,PALACIO RAMIREZ,1967/04/17,PY,https://ws-public.interpol.int/notices/v1/red/2021-32753/images/62142853,https://ws-public.interpol.int/notices/v1/red/2021-32753/images,https://ws-public.interpol.int/notices/v1/red/2021-32753,M,General Artigas,Paraguay,,,,,SPA,,ABUSO SEXUAL CON ACCESO CARNAL EN CONCURSO IDEAL CON CORRUPCIÓN DE MENORES,Argentina,
2021/29398,CARLOS CESAR,ZARZA VILLALBA,1992/12/23,PY,https://ws-public.interpol.int/notices/v1/red/2021-29398/images/62127668,https://ws-public.interpol.int/notices/v1/red/2021-29398/images,https://ws-public.interpol.int/notices/v1/red/2021-29398,M,,Paraguay,,,0.0,0.0,,,HOMICIDIO AGRAVADO POR SU COMISIÓN MEDIANTE EL EMPLEO DE UN ARMA DE FUEGO Y CON EL CONCURSO PREMEDITADO DE DOS O MAS PERSONAS,Argentina,
2021/28342,RAMON,SANDOVAL RUIZ,1963/08/16,PY,https://ws-public.interpol.int/notices/v1/red/2021-28342/images/62123517,https://ws-public.interpol.int/notices/v1/red/2021-28342/images,https://ws-public.interpol.int/notices/v1/red/2021-28342,M,,Paraguay,,,,,SPA,"Alto, tez trigueña",HOMICIDIO SIMPLE,Argentina,
2021/26599,LORENZO,SILVA RODRIGUEZ,1990/12/15,PY,,https://ws-public.interpol.int/notices/v1/red/2021-26599/images,https://ws-public.interpol.int/notices/v1/red/2021-26599,M,YHÚ,Paraguay,,,0.0,0.0,SPA,,HOMICIDIO AGRAVADO EN TENTATIVA,Argentina,
2021/23452,ADRIAN GUSTAVO,ESCOBAR PERALTA,1988/02/04,PY,https://ws-public.interpol.int/notices/v1/red/2021-23452/images/62066592,https://ws-public.interpol.int/notices/v1/red/2021-23452/images,https://ws-public.interpol.int/notices/v1/red/2021-23452,M,Capitán Meza,Paraguay,,,,,SPA,,Infracción Ley Federal N° 23.737 sobre Estupefaciente.,Argentina,
2021/23473,SILVERIO,OLMEDO MUNOZ,1968/06/20,PY,https://ws-public.interpol.int/notices/v1/red/2021-23473/images/62071013,https://ws-public.interpol.int/notices/v1/red/2021-23473/images,https://ws-public.interpol.int/notices/v1/red/2021-23473,M,YBYCUI,Paraguay,,,0.0,0.0,,,HOMICIDIO AGRAVADO POR EL VINCULO Y POR PERPETRARSE POR UN HOMBRE CONTRA UNA MUJER Y MEDIANDO VIOLENCIA DE GENERO,Argentina,
2015/81566,EVER OCTAVOS,PAREDES ALVAREZ,1979/03/15,PY,https://ws-public.interpol.int/notices/v1/red/2015-81566/images/59958005,https://ws-public.interpol.int/notices/v1/red/2015-81566/images,https://ws-public.interpol.int/notices/v1/red/2015-81566,M,SANTIAGO ESTANISLAO,Paraguay,,,0.0,0.0,"SPA, GRN",,"ABUSO SEXUAL GRAVEMENTE ULTRAJANTE, DOBLEMENTE CALIFICADO POR HABER SIDO COMETIDO POR UN ENCARGADO DE LA GUARDA Y CONTRA UN MENOR DE 18 AÑOS DE EDAD EN APROVECHAMIENTO DE LA CONVIVENCIA PREEXISTENTE, EN CONCURSO IDEAL CON LA FIGURA DE PROMOCIÓN DE LA CORRUPCIÓN DE MENORES DE 18 AÑOS DE EDAD AGRAVADA POR RESULTAR CONVIVIENTE.",Argentina,
2021/12942,ANICIO,ROTELA PEREIRA,1985/06/26,PY,https://ws-public.interpol.int/notices/v1/red/2021-12942/images/62029437,https://ws-public.interpol.int/notices/v1/red/2021-12942/images,https://ws-public.interpol.int/notices/v1/red/2021-12942,M,General Artigas,Paraguay,,,,,,,ABUSO SEXUAL AGRAVADO,Argentina,
2021/11727,RICARDO,PEÑA GONZALEZ,1976/05/01,PY,,https://ws-public.interpol.int/notices/v1/red/2021-11727/images,https://ws-public.interpol.int/notices/v1/red/2021-11727,M,COLONIA INDEPENDENCIA,Paraguay,,,0.0,0.0,,,HOMICIDIO EN OCASIÓN DE ROBO Y HOMICIDIO DOBLEMENTE CALIFICADO POR ENSAÑAMIENTO Y CRIMINIS CAUSA EN CONCURSO REAL,Argentina,
2021/12724,WALTER HERNAN,RUIZ DIAZ CRISTALDO,1974/07/29,PY,https://ws-public.interpol.int/notices/v1/red/2021-12724/images/62028314,https://ws-public.interpol.int/notices/v1/red/2021-12724/images,https://ws-public.interpol.int/notices/v1/red/2021-12724,M,Presidente Franco,Paraguay,['BRO'],['BRO'],1.6,,SPA,,ABUSO SEXUAL CON ACCESO CARNAL,Argentina,
2021/10346,DIEGO DAVID,GAMARRA GIMENEZ,2000/07/17,PY,,https://ws-public.interpol.int/notices/v1/red/2021-10346/images,https://ws-public.interpol.int/notices/v1/red/2021-10346,M,San Rafael del Paraná,Paraguay,,,,,SPA,,HOMICIDIO AGRAVADO POR EL USO DE ARMA DE FUEGO,Argentina,
2021/6818,HUGO JAVIER,MATTO ALONSO,1992/10/28,PY,https://ws-public.interpol.int/notices/v1/red/2021-6818/images/62007397,https://ws-public.interpol.int/notices/v1/red/2021-6818/images,https://ws-public.interpol.int/notices/v1/red/2021-6818,M,,Paraguay,,,0.0,0.0,SPA,,"LESIONES LEVES DOBLEMENTE AGRAVADAS POR MANTENER UNA RELACIÓN DE PAREJA Y POR MEDIAR VIOLENCIA DE GÉNERO, LESIONES LEVES, AMENAZAS SIMPLES, VIOLACIÓN DE DOMICILIO, Y DAÑOS REITERADOS,TODOS EN CONCURSO REAL ENTRE SÍ.",Argentina,
2020/85474,EMANUEL,AVALOS CHAPALO,1993/03/03,PY,,https://ws-public.interpol.int/notices/v1/red/2020-85474/images,https://ws-public.interpol.int/notices/v1/red/2020-85474,M,,Paraguay,,,,,,,CONTRABANDO DE IMPORTACIÓN DE ESTUPEFACIENTES AGRAVADO Y TRÁFICO DE ESTUPEFACIENTES AGRAVADO MODALIDAD TRANSPORTE LOS QUE CONCURREN IDEALMENTE.,Argentina,
2020/80884,SONIA ELIZABETH,CHAVEZ,1985/05/09,PY,,https://ws-public.interpol.int/notices/v1/red/2020-80884/images,https://ws-public.interpol.int/notices/v1/red/2020-80884,F,ITACURUBI DEL ROSARIO,Paraguay,,,0.0,0.0,SPA,,TRAFICO DE PERSONAS CON FINES DE EXPLOTACION SEXUAL,Argentina,
2020/60305,ISAIAS,CHAPARRO ZARACHO,1988/05/21,PY,https://ws-public.interpol.int/notices/v1/red/2020-60305/images/61896972,https://ws-public.interpol.int/notices/v1/red/2020-60305/images,https://ws-public.interpol.int/notices/v1/red/2020-60305,M,,Paraguay,,,0.0,0.0,SPA,,HOMICIDIO CULPOSO AGRAVADO POR LA CONDUCCION NEGLIGENTE Y ANTIRREGLAMENTARIA DE UN VEHICULO AUTOMOTOR,Argentina,
2020/54126,JULIO CESAR,AYALA CORONEL,1985/11/23,PY,https://ws-public.interpol.int/notices/v1/red/2020-54126/images/61932920,https://ws-public.interpol.int/notices/v1/red/2020-54126/images,https://ws-public.interpol.int/notices/v1/red/2020-54126,M,,Paraguay,,,0.0,0.0,SPA,,ABUSO SEXUAL CON ACCESO CARNAL,Argentina,
2020/54120,REINALDO RAMÓN,PERALTA GONZALEZ,1992/07/18,PY,,https://ws-public.interpol.int/notices/v1/red/2020-54120/images,https://ws-public.interpol.int/notices/v1/red/2020-54120,M,Villarrica,Paraguay,,,,,SPA,,"AMENAZAS COACTIVAS, LESIONES LEVES AGRAVADAS POR EL VÍNCULO Y ABUSO SEXUAL CON ACCESO CARNAL QUE CONCURRE DE MANERA IDEAL CON EL DELITO DE PRIVACIÓN ILEGITIMA DE LA LIBERTAD",Argentina,
2020/37251,MIGUEL,GONZALEZ GONZALEZ,1961/09/01,PY,,https://ws-public.interpol.int/notices/v1/red/2020-37251/images,https://ws-public.interpol.int/notices/v1/red/2020-37251,M,Encarnación,Paraguay,,,,,SPA,,"Contrabando calificado por tratarse de estupefacientes destinados inequívocamente a ser comercializado, agravado por el número de personas intervinientes y por el empleo de un medio de transporte aéreo en vuelo no autorizado, en concurso real con el delito de transporte de estupefacientes, en grado de tentativa.",Argentina,
2019/124014,OSCAR OSVALDO,BENITEZ BENITEZ,1996/03/01,PY,https://ws-public.interpol.int/notices/v1/red/2019-124014/images/61649670,https://ws-public.interpol.int/notices/v1/red/2019-124014/images,https://ws-public.interpol.int/notices/v1/red/2019-124014,M,,Paraguay,,,,,SPA,,ROBO,Argentina,
2019/105264,TERENCIO CANDIDO,ARRUA,1980/10/03,PY,https://ws-public.interpol.int/notices/v1/red/2019-105264/images/61581708,https://ws-public.interpol.int/notices/v1/red/2019-105264/images,https://ws-public.interpol.int/notices/v1/red/2019-105264,M,,Paraguay,,,,,SPA,,Abuso sexual agravado y por haber cometido contra una menor de 18 años aprovechándose de la convivencia preexistente y en calidad de guardador,Argentina,
2019/100313,MELANIO,BOLAÑO ROTELA,1986/09/24,PY,https://ws-public.interpol.int/notices/v1/red/2019-100313/images/61565275,https://ws-public.interpol.int/notices/v1/red/2019-100313/images,https://ws-public.interpol.int/notices/v1/red/2019-100313,M,,Paraguay,,,,,SPA,,"ABUSO SEXUAL GRAVEMENTE ULTRAJANTE REITERADO, AGRAVADO POR HABER SIDO COMETIDO CONTRA UNA MENOR DE DIECIOCHO AÑOS DE EDAD, Y APROVECHANDO LA SITUACIÓN DE CONVIVENCIA PREEXISTENTE CON LA MISMA, EN CONCURSO IDEAL CON EL DE CORRUPCIÓN DE MENORES AGRAVADO.",Argentina,
2019/95682,ELIAS,ACOSTA ACOSTA,1993/04/15,PY,https://ws-public.interpol.int/notices/v1/red/2019-95682/images/61550726,https://ws-public.interpol.int/notices/v1/red/2019-95682/images,https://ws-public.interpol.int/notices/v1/red/2019-95682,M,,Paraguay,,,,,SPA,,HOMICIDIO AGRAVADO POR CONCURSO PREMEDITADO DE DOS O MÁS PERSONAS,Argentina,
2019/80896,AVELINO,BENITEZ,1985/05/30,PY,https://ws-public.interpol.int/notices/v1/red/2019-80896/images/61507648,https://ws-public.interpol.int/notices/v1/red/2019-80896/images,https://ws-public.interpol.int/notices/v1/red/2019-80896,M,"SANTA ROSA, CONCEPCIÓN",Paraguay,,,0.0,0.0,SPA,,"ABUSO SEXUAL CON ACCESO CARNAL AGRAVADO POR LA CALIDAD DE ASCENDIENTE DEL IMPUTADO Y LA SITUACIÓN DE CONVIVENCIA EXISTENTE REITERADO EN CUATRO OPORTUNIDADES EN CONCURSO REAL ENTRE SÍ, LAS QUE A SU VEZ CONCURSAN IDEALMENTE CON EL DELITO DE CORRUPCIÓN DE MENORES CON MULTIPLICIDAD DE VICTIMAS, AGRAVADA POR LA CALIDAD DE ASCENDIENTE Y CONVIVIENTE DEL IMPUTADO.",Argentina,
2019/79828,ELVIO DARIO,ALMIRON GARAY,1994/04/15,PY,https://ws-public.interpol.int/notices/v1/red/2019-79828/images/61504591,https://ws-public.interpol.int/notices/v1/red/2019-79828/images,https://ws-public.interpol.int/notices/v1/red/2019-79828,M,,Paraguay,,,,,SPA,,Tráfico de estupefacientes en modalidad de acopio agravado,Argentina,
2019/78702,EVER LUIS,SAUCEDO NUÑEZ,1979/03/17,PY,https://ws-public.interpol.int/notices/v1/red/2019-78702/images/61501695,https://ws-public.interpol.int/notices/v1/red/2019-78702/images,https://ws-public.interpol.int/notices/v1/red/2019-78702,M,,Paraguay,,,,,SPA,,HOMICIDIO CULPOSO AGRAVADO POR SU REALIZACIÓN MEDIANDO EXCESO DE VELOCIDAD Y CON CULPA TEMERARIA.,Argentina,
2019/74343,NELSON,PAIVA SANCHEZ,1986/02/02,PY,https://ws-public.interpol.int/notices/v1/red/2019-74343/images/61490018,https://ws-public.interpol.int/notices/v1/red/2019-74343/images,https://ws-public.interpol.int/notices/v1/red/2019-74343,M,,Paraguay,,,,,SPA,,ABUSO SEXUAL CON ACCESO CARNAL EN CONCURSO REAL CON PRIVACIÓN ILEGITIMA DE LA LIBERTAD,Argentina,
2019/68100,ARMANDO FIDEL,GIMENEZ BAEZ,1987/12/13,PY,https://ws-public.interpol.int/notices/v1/red/2019-68100/images/61468814,https://ws-public.interpol.int/notices/v1/red/2019-68100/images,https://ws-public.interpol.int/notices/v1/red/2019-68100,M,ALTO VERA,Paraguay,,,,,SPA,,COMERCIO DE ESTUPEFACIENTES,Argentina,
2019/63694,ALCIDES,OJEDA ALVARENGA,1979/10/06,PY,https://ws-public.interpol.int/notices/v1/red/2019-63694/images/61453622,https://ws-public.interpol.int/notices/v1/red/2019-63694/images,https://ws-public.interpol.int/notices/v1/red/2019-63694,M,,Paraguay,,,,,SPA,,"ABUSO SEXUAL CON ACCESO CARNAL AGRAVADO POR LA SITUACIÓN DE CONVIVENCIA PREEXISTENTE, POR HABER SIDO COMETIDO POR DOS O MAS PERSONAS Y CON ARMAS",Argentina,
2019/62988,ARIEL FERNANDO,MOLINAS BAEZ,1996/04/10,PY,https://ws-public.interpol.int/notices/v1/red/2019-62988/images/61451330,https://ws-public.interpol.int/notices/v1/red/2019-62988/images,https://ws-public.interpol.int/notices/v1/red/2019-62988,M,Ciudad del Este,Paraguay,,,,,,Usa Anteojos.,TENENCIA DE ESTUPEFACIENTES CON FINES DE COMERCIALIZACIÓN EN LA MODALIDAD DE TRANSPORTE.,Argentina,
2019/52193,ELVIO,DUARTE,1977/12/26,PY,https://ws-public.interpol.int/notices/v1/red/2019-52193/images/61417350,https://ws-public.interpol.int/notices/v1/red/2019-52193/images,https://ws-public.interpol.int/notices/v1/red/2019-52193,M,,Paraguay,,,0.0,0.0,SPA,,Abuso sexual con acceso carnal en grado de tentativa.,Argentina,
2019/45916,DERLIS,SOSA RIVERO,1989/04/07,PY,https://ws-public.interpol.int/notices/v1/red/2019-45916/images/61400549,https://ws-public.interpol.int/notices/v1/red/2019-45916/images,https://ws-public.interpol.int/notices/v1/red/2019-45916,M,,Paraguay,,,,,SPA,,HOMICIDIO SIMPLE,Argentina,
2019/28613,CRISTINA,NUÑEZ DE ROTELA,1965/12/15,PY,https://ws-public.interpol.int/notices/v1/red/2019-28613/images/61473949,https://ws-public.interpol.int/notices/v1/red/2019-28613/images,https://ws-public.interpol.int/notices/v1/red/2019-28613,F,,Paraguay,,,,,SPA,,CONTRABANDO DE IMPORTACIÓN CONSUMADO EN CONCURSO IDEAL CON EL INTENTO DE EXPORTACIÓN DE SUSTANCIA ESTUPEFACIENTE DESTINADA A SU COMERCIALIZACIÓN.,Argentina,
2019/22496,JUAN ARNALDO,FRANCO NUÑEZ,1969/09/18,PY,https://ws-public.interpol.int/notices/v1/red/2019-22496/images/61297018,https://ws-public.interpol.int/notices/v1/red/2019-22496/images,https://ws-public.interpol.int/notices/v1/red/2019-22496,M,"San Juan, Nepomuceno",Paraguay,,,,,SPA,,TRANSPORTE Y ALMACENAMIENTO DE ESTUPEFACIENTE AGRAVADO,Argentina,
2019/22063,CARLOS RAMON,BENITEZ PAIVA,1960/12/03,PY,https://ws-public.interpol.int/notices/v1/red/2019-22063/images/61295794,https://ws-public.interpol.int/notices/v1/red/2019-22063/images,https://ws-public.interpol.int/notices/v1/red/2019-22063,M,,,,,,,SPA,,"ABUSO SEXUAL GRAVEMENTE ULTRAJANTE -REITERADO EN MÚLTIPLES OPORTUNIDADES- AGARAVADO POR LA CALIDAD DEL AUTOR ENCARGADO DE LA GUARDA DEL MENOR Y POR SER COMETIDO CONTRA MENOR DE 18 AÑOS APROVECHANDO LA SITUACIÓN DE CONVIVENCIA PREEXISTENTE CON EL MISMO; ABUSO SEXUAL CON ACCESO CARNAL-REITERADO EN MÚLTIPLES OPORTUNIDADES-EN CONCURSO REAL ENTRE SI, Y A SU VEZ AMBOS DELITOS EN CONCURSO IDEAL CON CORRUPCIÓN DE MENORES AGRAVADA POR SER LA VICTIMA MENOR DE  13 AÑOS DE EDAD.",Argentina,
2018/98337,SERGIO RAMON,BENITEZ IRALA,1980/09/17,PY,https://ws-public.interpol.int/notices/v1/red/2018-98337/images/61221519,https://ws-public.interpol.int/notices/v1/red/2018-98337/images,https://ws-public.interpol.int/notices/v1/red/2018-98337,M,,Paraguay,,,0.0,0.0,SPA,,ABUSO SEXUAL DOBLEMENTE AGRAVADO POR APROVECHAR LA CONVIVENCIA PREEXISTENTE CON UN MENOR DE 18 AÑOS DE EDAD Y POR LA CALIDAD DE GUARDADOR DEL MISMO,Argentina,
2018/97111,JUAN DE LA CRUZ,GODOY AQUINO,1976/05/03,PY,https://ws-public.interpol.int/notices/v1/red/2018-97111/images/61217689,https://ws-public.interpol.int/notices/v1/red/2018-97111/images,https://ws-public.interpol.int/notices/v1/red/2018-97111,M,,Paraguay,,,,,SPA,,ABUSO SEXUAL CON ACCESO CARNAL AGRAVADO POR EL VINCULO,Argentina,
2018/90378,BERNARDO,COLMAN ARGUELLO,1988/08/20,PY,https://ws-public.interpol.int/notices/v1/red/2018-90378/images/61197374,https://ws-public.interpol.int/notices/v1/red/2018-90378/images,https://ws-public.interpol.int/notices/v1/red/2018-90378,M,,Paraguay,,,,,SPA,,HOMICIDIO SIMPLE EN GRADO DE TENTATIVA,Argentina,
2018/52644,ALBERTO,CABRERA,1972/01/26,PY,https://ws-public.interpol.int/notices/v1/red/2018-52644/images/61495742,https://ws-public.interpol.int/notices/v1/red/2018-52644/images,https://ws-public.interpol.int/notices/v1/red/2018-52644,M,,Paraguay,,,,,SPA,,HOMICIDIO,Argentina,
2018/46522,LIVIO CESAR,INSFRAN VAZQUEZ,1953/07/13,PY,https://ws-public.interpol.int/notices/v1/red/2018-46522/images/61058065,https://ws-public.interpol.int/notices/v1/red/2018-46522/images,https://ws-public.interpol.int/notices/v1/red/2018-46522,M,,Paraguay,,,,,,,International Drug Trafficking,Brazil,
2018/33615,CELESTINO,CASSERA VAZQUEZ,1973/04/06,PY,https://ws-public.interpol.int/notices/v1/red/2018-33615/images/61475106,https://ws-public.interpol.int/notices/v1/red/2018-33615/images,https://ws-public.interpol.int/notices/v1/red/2018-33615,M,Asunción,Paraguay,,,,,,,CORRUPCIÓN DE MENORES AGRAVADA POR LA EDAD Y LA CONVIVENCIA PREEXISTENTE CON EL MENOR EN CONCURSO IDEAL CON ABUSO SEXUAL CON ACCESO CARNAL AGRAVADO POR LA EDAD Y LA CONVIVENCIA PREEXISTENTE CON EL MENOR -REITERADO  EN AL MENOS DOS OPORTUNIDADES- Y ABUSO SEXUAL GRAVEMENTE ULTRAJANTE AGRAVADO POR LA EDAD Y LA CONVIVENCIA PREEXISTENTE EN CONCURSO REAL ENTRE SÍ.,Argentina,
2018/19943,HECTOR VIDAL,FLEITAS,1987/08/19,PY,https://ws-public.interpol.int/notices/v1/red/2018-19943/images/60978974,https://ws-public.interpol.int/notices/v1/red/2018-19943/images,https://ws-public.interpol.int/notices/v1/red/2018-19943,M,,Paraguay,,,0.0,0.0,,,"ABUSO SEXUAL DE UN MENOR DE 13 AÑOS DE EDAD, AGRAVADO POR HABER CONFIGURADO EN LA VICTIMA, POR LAS CIRCUNSTANCIAS DE REALIZACIÓN Y DURACIÓN EN EL TIEMPO, UN SOMETIMIENTO GRAVEMENTE ULTRAJANTE Y POR LA SITUACIÓN DE CONVIVENCIA PREEXISTENTE CON LA VÍCTIMA EN CONCURSO IDEAL CON CORRUPCIÓN DE MENORES AGRAVADA DE UNA MENOR DE 13 AÑOS DE EDAD Y POR CONVIVENCIA PREEXISTENTE.",Argentina,
2018/14898,GUSTAVO ASUNCIÓN,ENCINA FERREIRA,1980/08/15,PY,https://ws-public.interpol.int/notices/v1/red/2018-14898/images/60961963,https://ws-public.interpol.int/notices/v1/red/2018-14898/images,https://ws-public.interpol.int/notices/v1/red/2018-14898,M,CAAGUAZÚ,Paraguay,,,,,,,"ABUSO SEXUAL SIMPLE AGRAVADO POR HABER SIDO COMETIDO POR ASCENDIENTE, CONTRA UN MENOR DE DIECIOCHO AÑOS DE EDAD APROVECHANDO LA SITUACIÓN DE CONVIVENCIA PREEXISTENTE (HECHO  I) EN CONCURSO REAL CON ABUSO SEXUAL CON ACCESO CARNAL AGRAVADO POR HABER SIDO COMETIDO POR ASCENDIENTE, CONTRA UN MENOR DE DIECIOCHO AÑOS DE EDAD APROVECHANDO LA SITUACIÓN DE CONVIVENCIA PREEXISTENTES (HECHO II), EN CONCURSO IDEAL CON CORRUPCIÓN DE MENORES AGRAVADA POR LA CALIDAD DE ASCENDIENTE DEL SUJETO ACTIVO.",Argentina,
2017/277970,SILVIA CAROLINA,LOPEZ CABRERA,1997/08/17,PY,,https://ws-public.interpol.int/notices/v1/red/2017-277970/images,https://ws-public.interpol.int/notices/v1/red/2017-277970,F,Hohenau,Paraguay,,,,,,,HOMICIDIO CALIFICADO POR EL VINCULO,Argentina,
2017/221394,ANIBAL,NUÑEZ BRISUELA,1988/09/15,"PY, AR",https://ws-public.interpol.int/notices/v1/red/2017-221394/images/60787131,https://ws-public.interpol.int/notices/v1/red/2017-221394/images,https://ws-public.interpol.int/notices/v1/red/2017-221394,M,,Paraguay,,,,,SPA,,HOMICIDIO DOBLEMENTE CALIFICADO.,Argentina,
2017/186855,EDGAR,QUIÑONEZ MEZA,1975/08/02,PY,,https://ws-public.interpol.int/notices/v1/red/2017-186855/images,https://ws-public.interpol.int/notices/v1/red/2017-186855,M,,Paraguay,,,,,"GRN, SPA",,CONTRABANDO DE ESTUPEFACIENTES AGRAVADO CON FINES DE COMERCIALIZACION AGRAVADO POR EL NUMERO DE PERSONAS INTERVINIENTES EN EL HUCHO Y POR EL MEDIO UTILIZADO - AERONAVE PARA EL TRASLADO DEL ESTUPEFACIENTE.,Argentina,
2017/170142,JUAN ALFREDO,GARCIA JIMENEZ,1988/01/25,PY,,https://ws-public.interpol.int/notices/v1/red/2017-170142/images,https://ws-public.interpol.int/notices/v1/red/2017-170142,M,PASO DE PATRIA,Paraguay,,,,,"SPA, GRN",,TRAFICO DE ESTUPEFACIENTES,Argentina,
2017/134891,MANUEL,BAZAN DAVALOS,1983/09/15,PY,https://ws-public.interpol.int/notices/v1/red/2017-134891/images/60576697,https://ws-public.interpol.int/notices/v1/red/2017-134891/images,https://ws-public.interpol.int/notices/v1/red/2017-134891,M,,Paraguay,,,,,,,ABUSO SEXUAL CON ACCESO CARNAL AGRAVADO POR COMETERSE CONTRA UNA MENOR DE 18 AÑOS DE EDAD APROVECHANDO LA SITUACIÓN DE CONVIVENCIA PREEXISTENTE CON LA MISMA Y POR EL USO DE ARMAS REITERADOS.,Argentina,
2017/14861,EMILIANO,FRANCO,1970/01/05,PY,,https://ws-public.interpol.int/notices/v1/red/2017-14861/images,https://ws-public.interpol.int/notices/v1/red/2017-14861,M,GENERAL ARTIGAS,Paraguay,,,,,,,TRATA DE PERSONAS MENORES DE 18 AÑOS,Argentina,
2016/5032,OSCAR,RUIZ BRITEZ,1980/06/06,PY,,https://ws-public.interpol.int/notices/v1/red/2016-5032/images,https://ws-public.interpol.int/notices/v1/red/2016-5032,M,,Paraguay,,,0.0,0.0,SPA,,Transporte de estupefacientes,Argentina,
2015/78329,DOMINGO EVARISTO,ARIAS MONTIEL,1987/05/05,PY,https://ws-public.interpol.int/notices/v1/red/2015-78329/images/61707414,https://ws-public.interpol.int/notices/v1/red/2015-78329/images,https://ws-public.interpol.int/notices/v1/red/2015-78329,M,,Paraguay,,,,,"GRN, SPA",,Homicidio Agravado por el vínculo,Argentina,
2014/53625,WALTER RAUL,RIOS AMARILLA,1976/09/28,PY,https://ws-public.interpol.int/notices/v1/red/2014-53625/images/59632462,https://ws-public.interpol.int/notices/v1/red/2014-53625/images,https://ws-public.interpol.int/notices/v1/red/2014-53625,M,,Paraguay,,,0.0,0.0,SPA,,TENENCIA Y TRAFICO DE ESTUPEFACIENTES,Argentina,
2013/36196,GUSTAVO ARSENIO,FERNÀNDEZ,1975/03/25,PY,,https://ws-public.interpol.int/notices/v1/red/2013-36196/images,https://ws-public.interpol.int/notices/v1/red/2013-36196,M,MBOCAYATY,Paraguay,,,,,SPA,,"TRÁFICO DE DROGAS
Importar o exportar, remitir, preparar, producir, fabricar, comprar, vender, exponer para la venta, ofrecer, ofrecer gratuitamente, tener en depósito, transportar, traer consigo, guardar, prescribir, administrar o entregar, de todos modos para el consumo de sustancias estupefacientes o que determinen la dependencia física o mental, sin autorización o en violación de determinación legal o reglamentaria

ASSOCIAÇÃO PARA O TRÁFICO DE DROGAS
Asociarse dos o más personas con la finalidade de practicar delito de trafico de drogas",Brazil,
2012/317628,ALFREDO,ORTELLADO,1974/06/17,PY,,https://ws-public.interpol.int/notices/v1/red/2012-317628/images,https://ws-public.interpol.int/notices/v1/red/2012-317628,M,,Paraguay,,,,,,,Tráfico Internacional de drogas y associación para fines de práctica o no del delito,Brazil,
2008/34783,JORGE LUIS,MARTINEZ CABALLERO,1986/08/02,PY,https://ws-public.interpol.int/notices/v1/red/2008-34783/images/57682001,https://ws-public.interpol.int/notices/v1/red/2008-34783/images,https://ws-public.interpol.int/notices/v1/red/2008-34783,M,Lima,Paraguay,,,,,SPA,,Homicidio simple,Argentina,
