entity_id,forename,name,date_of_birth,nationalities,thumbnail,images,self_link,sex_id,place_of_birth,country_of_birth,eyes_colors_id,hairs_id,height,weight,languages_spoken_ids,distinguishing_marks,arrest_charge,arrest_issuing_country,arrest_charge_translation
2025/58926,RAYAN JONAS,BALLIVIAN MALDONADO,1992/09/21,BO,https://ws-public.interpol.int/notices/v1/red/2025-58926/images/63588068,https://ws-public.interpol.int/notices/v1/red/2025-58926/images,https://ws-public.interpol.int/notices/v1/red/2025-58926,M,,,,,,,SPA,,ABUSO SEXUAL,Bolivia,
2025/46119,GROVER,CHARACAYO RODRIGUES,1996/01/25,BO,https://ws-public.interpol.int/notices/v1/red/2025-46119/images/63536841,https://ws-public.interpol.int/notices/v1/red/2025-46119/images,https://ws-public.interpol.int/notices/v1/red/2025-46119,M,,,,,,,SPA,,FEMINICIDIO,Bolivia,
2025/43875,FRANCISCO,SERRATH RIVERO,1993/09/05,BO,,https://ws-public.interpol.int/notices/v1/red/2025-43875/images,https://ws-public.interpol.int/notices/v1/red/2025-43875,M,BOLIVIA,Bolivia,,,,,,,"Delito de tráfico ilícito de estupefacientes en la modalidad de importación, en calidad de autor",Uruguay,
2025/37233,ANGEL RODRIGO,VELASQUEZ TAPIA,1994/10/02,BO,https://ws-public.interpol.int/notices/v1/red/2025-37233/images/63501928,https://ws-public.interpol.int/notices/v1/red/2025-37233/images,https://ws-public.interpol.int/notices/v1/red/2025-37233,M,,,,,,,SPA,,ASESINATO,Bolivia,
2025/37237,JOSE ALEJANDRO,TOCONAS CALLISAYA,1995/03/11,BO,https://ws-public.interpol.int/notices/v1/red/2025-37237/images/63501937,https://ws-public.interpol.int/notices/v1/red/2025-37237/images,https://ws-public.interpol.int/notices/v1/red/2025-37237,M,,,,,,,SPA,,ASESINATO,Bolivia,
2025/34500,ARMANDO,HUATA HUANCA,1985/06/21,BO,https://ws-public.interpol.int/notices/v1/red/2025-34500/images/63490597,https://ws-public.interpol.int/notices/v1/red/2025-34500/images,https://ws-public.interpol.int/notices/v1/red/2025-34500,M,La Paz,Bolivia,,,,,SPA,,ABUSO SEXUAL,Bolivia,
2025/29573,SERAPIO,ULO ALI,1962/08/18,BO,https://ws-public.interpol.int/notices/v1/red/2025-29573/images/63444244,https://ws-public.interpol.int/notices/v1/red/2025-29573/images,https://ws-public.interpol.int/notices/v1/red/2025-29573,M,LA PAZ,Bolivia,,,,,SPA,,VIOLENCIA FAMILIAR O DOMESTICA,Bolivia,
2025/29577,ALEJANDRO RENE,NINA QUISBERT,1992/02/14,BO,https://ws-public.interpol.int/notices/v1/red/2025-29577/images/63444252,https://ws-public.interpol.int/notices/v1/red/2025-29577/images,https://ws-public.interpol.int/notices/v1/red/2025-29577,M,LA PAZ,Bolivia,,,,,SPA,,"VIOLACIÓN DE INFANTE, NIÑO, NIÑA Y ADOLESCENTE",Bolivia,
2025/2124,JOSE LUIS,RIVERA RIVERA,1980/04/04,BO,https://ws-public.interpol.int/notices/v1/red/2025-2124/images/63333988,https://ws-public.interpol.int/notices/v1/red/2025-2124/images,https://ws-public.interpol.int/notices/v1/red/2025-2124,M,LA PAZ,Bolivia,,,,,SPA,,ASESINATO,Bolivia,
2024/48311,JUAN,FARFAN HUALLPA,1989/02/08,BO,https://ws-public.interpol.int/notices/v1/red/2024-48311/images/63144725,https://ws-public.interpol.int/notices/v1/red/2024-48311/images,https://ws-public.interpol.int/notices/v1/red/2024-48311,M,La Paz,Bolivia,,,,,SPA,,VIOLACION,Bolivia,
2024/17273,HÉCTOR EDUARDO,CASTILLO,1971/05/29,"AR, BO",https://ws-public.interpol.int/notices/v1/red/2024-17273/images/63020082,https://ws-public.interpol.int/notices/v1/red/2024-17273/images,https://ws-public.interpol.int/notices/v1/red/2024-17273,M,Jujuy,Argentina,,,,,SPA,,VIOLACION,Bolivia,
2024/12115,WILMA,TAPIA ESCALERA,1987/03/21,BO,https://ws-public.interpol.int/notices/v1/red/2024-12115/images/63000052,https://ws-public.interpol.int/notices/v1/red/2024-12115/images,https://ws-public.interpol.int/notices/v1/red/2024-12115,F,SANTA CRUZ DE LA SIERRA,Bolivia,,,,,SPA,,Tráfico de Estupefacientes,Brazil,
2023/75288,RICHARD,MAMANILLO PACO,2001/01/22,BO,https://ws-public.interpol.int/notices/v1/red/2023-75288/images/62908762,https://ws-public.interpol.int/notices/v1/red/2023-75288/images,https://ws-public.interpol.int/notices/v1/red/2023-75288,M,POTOSI,Bolivia,,,,,SPA,,VIOLACION,Bolivia,
2023/64418,JONATHAN MOISES,PUMA CHURA,2002/08/03,BO,https://ws-public.interpol.int/notices/v1/red/2023-64418/images/62869158,https://ws-public.interpol.int/notices/v1/red/2023-64418/images,https://ws-public.interpol.int/notices/v1/red/2023-64418,M,GRAM CHACO-YACUIBA - TARIJA,Bolivia,,,,,SPA,,Asesinato,Bolivia,
2023/64414,PETER,RIVAS BEJARANO,1989/12/18,BO,https://ws-public.interpol.int/notices/v1/red/2023-64414/images/62869148,https://ws-public.interpol.int/notices/v1/red/2023-64414/images,https://ws-public.interpol.int/notices/v1/red/2023-64414,M,GRAM CHACO-YACUIBA - TARIJA,Bolivia,,,,,SPA,,Asesinato,Bolivia,
2023/64410,JUAN,RODAS MENDOZA,1996/08/19,BO,https://ws-public.interpol.int/notices/v1/red/2023-64410/images/62869135,https://ws-public.interpol.int/notices/v1/red/2023-64410/images,https://ws-public.interpol.int/notices/v1/red/2023-64410,M,Pueblo Nuevo - Gran Chaco - Tarija,Bolivia,,,,,SPA,,Asesinato,Bolivia,
2023/64406,DEIBY ALEXANDER,TORREJON VERA,1992/07/04,BO,https://ws-public.interpol.int/notices/v1/red/2023-64406/images/62869127,https://ws-public.interpol.int/notices/v1/red/2023-64406/images,https://ws-public.interpol.int/notices/v1/red/2023-64406,M,GRAM CHACO-YACUIBA - TARIJA,Bolivia,,,,,SPA,,Asesinato,Bolivia,
2023/62415,VICTOR,MITA CHOQUE,2002/12/05,BO,https://ws-public.interpol.int/notices/v1/red/2023-62415/images/62862296,https://ws-public.interpol.int/notices/v1/red/2023-62415/images,https://ws-public.interpol.int/notices/v1/red/2023-62415,M,POTOSI,Bolivia,,,,,SPA,,Violacion,Bolivia,
2023/56952,JUAN PEDRO,HURTADO SUAREZ,1989/08/15,BO,https://ws-public.interpol.int/notices/v1/red/2023-56952/images/62841352,https://ws-public.interpol.int/notices/v1/red/2023-56952/images,https://ws-public.interpol.int/notices/v1/red/2023-56952,M,Beni,Bolivia,,,,,SPA,,ASESINATO,Bolivia,
2023/57678,PEDRO,SANCHEZ MORALES,1986/11/29,BO,https://ws-public.interpol.int/notices/v1/red/2023-57678/images/62843974,https://ws-public.interpol.int/notices/v1/red/2023-57678/images,https://ws-public.interpol.int/notices/v1/red/2023-57678,M,POTOSI,Bolivia,,,,,SPA,,ART.308 BIS (VIOLACION)DEL CODIGO PENAL BOLIVIANO,Bolivia,
2023/56656,EFRAIN,SILLERO BERNABE,1996/08/14,BO,https://ws-public.interpol.int/notices/v1/red/2023-56656/images/62840463,https://ws-public.interpol.int/notices/v1/red/2023-56656/images,https://ws-public.interpol.int/notices/v1/red/2023-56656,M,POTOSI,Bolivia,,,,,SPA,,ART. 308(VIOLACION) DEL CODIGO PENAL BOLIVIANO,Bolivia,
2023/55277,JUAN,PORTO MARQUEZ,1979/04/01,BO,https://ws-public.interpol.int/notices/v1/red/2023-55277/images/62835346,https://ws-public.interpol.int/notices/v1/red/2023-55277/images,https://ws-public.interpol.int/notices/v1/red/2023-55277,M,Pando - Prov. Nicolas Suarez,Bolivia,,,,,SPA,,FEMINICIDIO,Bolivia,
2023/52940,MILER,MALLQUI TICONA,1994/09/01,BO,https://ws-public.interpol.int/notices/v1/red/2023-52940/images/62826563,https://ws-public.interpol.int/notices/v1/red/2023-52940/images,https://ws-public.interpol.int/notices/v1/red/2023-52940,M,LA PAZ,Bolivia,,,,,SPA,,FEMINICIDIO,Bolivia,
2023/52950,VLADIMIR,MAMANI,1994/11/14,BO,https://ws-public.interpol.int/notices/v1/red/2023-52950/images/62826585,https://ws-public.interpol.int/notices/v1/red/2023-52950/images,https://ws-public.interpol.int/notices/v1/red/2023-52950,M,LA PAZ,Bolivia,,,,,SPA,,FEMINICIDIO,Bolivia,
2023/44256,JHONNY,ZEGARRA QUISPE,1985/09/19,BO,https://ws-public.interpol.int/notices/v1/red/2023-44256/images/62793515,https://ws-public.interpol.int/notices/v1/red/2023-44256/images,https://ws-public.interpol.int/notices/v1/red/2023-44256,M,Cochabamba,Bolivia,,,,,SPA,,TRAFICO DE SUSTANCIAS CONTROLADAS,Bolivia,
2023/44324,GUALBERTO,SOTO CORDOVA,1973/07/12,BO,https://ws-public.interpol.int/notices/v1/red/2023-44324/images/62793770,https://ws-public.interpol.int/notices/v1/red/2023-44324/images,https://ws-public.interpol.int/notices/v1/red/2023-44324,M,Santa Cruz,Bolivia,,,,,SPA,,TRAFICO DE SUSTANCIAS CONTROLADAS,Bolivia,
2023/48829,HERNAN,LLAVE MAMANI,1984/12/20,BO,https://ws-public.interpol.int/notices/v1/red/2023-48829/images/62810890,https://ws-public.interpol.int/notices/v1/red/2023-48829/images,https://ws-public.interpol.int/notices/v1/red/2023-48829,M,POTOSI,Bolivia,,,,,"ENG, SPA",,VIOLACION,Bolivia,
2023/48875,REINA,LUNA CALIZAYA,1989/01/06,BO,https://ws-public.interpol.int/notices/v1/red/2023-48875/images/62811033,https://ws-public.interpol.int/notices/v1/red/2023-48875/images,https://ws-public.interpol.int/notices/v1/red/2023-48875,F,POTOSI,Bolivia,,,,,SPA,,VIOLACION,Bolivia,
2023/33468,ELOHIN DAVIS,LIMA LIZARRAGA,1986/02/28,BO,https://ws-public.interpol.int/notices/v1/red/2023-33468/images/62751839,https://ws-public.interpol.int/notices/v1/red/2023-33468/images,https://ws-public.interpol.int/notices/v1/red/2023-33468,M,LA PAZ,Bolivia,,,,,SPA,,HOMICIDIO,Bolivia,
2023/33607,ROSALY,BERNABE MAMANI,1994/05/20,BO,https://ws-public.interpol.int/notices/v1/red/2023-33607/images/62752405,https://ws-public.interpol.int/notices/v1/red/2023-33607/images,https://ws-public.interpol.int/notices/v1/red/2023-33607,F,LA PAZ,Bolivia,,,,,SPA,,HOMICIDIO,Bolivia,
2023/44328,ROBERTO CARLOS,CHIRI ROMERO,1985/11/10,BO,https://ws-public.interpol.int/notices/v1/red/2023-44328/images/62793777,https://ws-public.interpol.int/notices/v1/red/2023-44328/images,https://ws-public.interpol.int/notices/v1/red/2023-44328,M,POTOSI,Bolivia,,,,,SPA,,VIOLACION,Bolivia,
2022/62346,DANIEL PATRICIO,GOROSITO PEREZ,1983/03/22,BO,https://ws-public.interpol.int/notices/v1/red/2022-62346/images/62549612,https://ws-public.interpol.int/notices/v1/red/2022-62346/images,https://ws-public.interpol.int/notices/v1/red/2022-62346,M,Santa Cruz,Bolivia,,,,,SPA,,ASESINATO,Bolivia,
2023/41263,EDWIN ALFREDO,ESPINOZA CONDORI,1989/11/17,BO,https://ws-public.interpol.int/notices/v1/red/2023-41263/images/62783309,https://ws-public.interpol.int/notices/v1/red/2023-41263/images,https://ws-public.interpol.int/notices/v1/red/2023-41263,M,JOSE MARIA LINARES - POTOSI,Bolivia,,,,,SPA,,VIOLACION - DELITOS SEXUALES,Bolivia,
2023/38276,AURELIO,IBARRA MARTINEZ,1956/06/16,BO,https://ws-public.interpol.int/notices/v1/red/2023-38276/images/62771408,https://ws-public.interpol.int/notices/v1/red/2023-38276/images,https://ws-public.interpol.int/notices/v1/red/2023-38276,M,Localidad Vitichi-Nor Chicas-Potosi,Bolivia,,,,,SPA,,violacion,Bolivia,
2023/38318,JOSE ABDON,MENDOZA BELTRAN,1980/01/10,BO,https://ws-public.interpol.int/notices/v1/red/2023-38318/images/62771599,https://ws-public.interpol.int/notices/v1/red/2023-38318/images,https://ws-public.interpol.int/notices/v1/red/2023-38318,M,LA PAZ,Bolivia,,,,,SPA,,Lesiones con resultado de muerte homicidio o asesinato,Bolivia,
2023/33104,ROVERTO,MENACHO CUSIPUMA,1985/12/21,BO,https://ws-public.interpol.int/notices/v1/red/2023-33104/images/62750688,https://ws-public.interpol.int/notices/v1/red/2023-33104/images,https://ws-public.interpol.int/notices/v1/red/2023-33104,M,POTOSI,Bolivia,,,,,SPA,,VIOLACION Y DELITOS SEXUALES.,Bolivia,
2023/31094,JUAN,ANDIA CALLA,1985/05/02,BO,https://ws-public.interpol.int/notices/v1/red/2023-31094/images/62743193,https://ws-public.interpol.int/notices/v1/red/2023-31094/images,https://ws-public.interpol.int/notices/v1/red/2023-31094,M,Potosi,Bolivia,,,,,SPA,,Infanticidio,Bolivia,
2023/31006,EDGAR,GUTIERREZ QUISPE,1990/06/15,BO,https://ws-public.interpol.int/notices/v1/red/2023-31006/images/62742863,https://ws-public.interpol.int/notices/v1/red/2023-31006/images,https://ws-public.interpol.int/notices/v1/red/2023-31006,M,LA PAZ,Bolivia,,,,,SPA,,violacion,Bolivia,
2022/85031,FLORENCIO,MAMANI ALFONZO,1998/01/15,BO,https://ws-public.interpol.int/notices/v1/red/2022-85031/images/62627440,https://ws-public.interpol.int/notices/v1/red/2022-85031/images,https://ws-public.interpol.int/notices/v1/red/2022-85031,M,VILLAZON - POTOSI,Bolivia,['BLA'],['HAIB'],1.73,,SPA,TATUAJE MANO IZQUIERDA (CORAZON) Y CICATRIZ EN LA PARTE DELANTERA DEL ABDOMEN,evasion y robo agravado,Bolivia,
2023/18855,RAUL,MOLLO ZAMBRANA,1993/10/29,BO,https://ws-public.interpol.int/notices/v1/red/2023-18855/images/62696567,https://ws-public.interpol.int/notices/v1/red/2023-18855/images,https://ws-public.interpol.int/notices/v1/red/2023-18855,M,Prov. Andres Ibañez- Santa Cruz,Bolivia,,,,,SPA,,RECEPTACION DE SUSTANCIAS (ESTUPEFACIENTES),Bolivia,
2023/17449,MIGUEL RENATO,MAMANI CHOQUE,1992/09/21,BO,https://ws-public.interpol.int/notices/v1/red/2023-17449/images/62691722,https://ws-public.interpol.int/notices/v1/red/2023-17449/images,https://ws-public.interpol.int/notices/v1/red/2023-17449,M,LA PAZ,Bolivia,,,,,SPA,,ASESINATO,Bolivia,
2023/17455,AMERICO JHONATHAN,CORTEZ MAMANI,1991/06/02,BO,https://ws-public.interpol.int/notices/v1/red/2023-17455/images/62691758,https://ws-public.interpol.int/notices/v1/red/2023-17455/images,https://ws-public.interpol.int/notices/v1/red/2023-17455,M,COCHABAMBA,Bolivia,,,,,SPA,,VIOLACION,Bolivia,
2023/17435,REYNALDO,BARRAL CRUZ,1986/02/15,BO,https://ws-public.interpol.int/notices/v1/red/2023-17435/images/62691651,https://ws-public.interpol.int/notices/v1/red/2023-17435/images,https://ws-public.interpol.int/notices/v1/red/2023-17435,M,CHUQUISACA,Bolivia,,,,,SPA,,ABUSO SEXUAL,Bolivia,
2023/17385,FRANCISCO,CACERES MENDOZA,1985/07/24,BO,https://ws-public.interpol.int/notices/v1/red/2023-17385/images/62691443,https://ws-public.interpol.int/notices/v1/red/2023-17385/images,https://ws-public.interpol.int/notices/v1/red/2023-17385,M,POTOSI,Bolivia,,,,,SPA,,ARTICULO N°. 308 (VIOLACION) DEL CÓDIGO PENAL BOLIVIANO,Bolivia,
2023/17421,CRISTIAN ABEL,ROSSO RAMIREZ,1982/11/28,BO,https://ws-public.interpol.int/notices/v1/red/2023-17421/images/62691612,https://ws-public.interpol.int/notices/v1/red/2023-17421/images,https://ws-public.interpol.int/notices/v1/red/2023-17421,M,,,,,,,SPA,,VIOLACION,Bolivia,
2023/2346,BISMAR,QUINTANILLA SOTELO,1981/08/13,BO,https://ws-public.interpol.int/notices/v1/red/2023-2346/images/62639459,https://ws-public.interpol.int/notices/v1/red/2023-2346/images,https://ws-public.interpol.int/notices/v1/red/2023-2346,M,ANDRES IBAÑEZ-SANTA CRUZ,Bolivia,,,,,SPA,,ASESINATO,Bolivia,
2022/85065,OZIAS MARTIRIAN,MAMANI VELASCO,1992/12/10,BO,https://ws-public.interpol.int/notices/v1/red/2022-85065/images/62627520,https://ws-public.interpol.int/notices/v1/red/2022-85065/images,https://ws-public.interpol.int/notices/v1/red/2022-85065,M,La Paz - Murillo,Bolivia,,,,,SPA,,Lesiones como resultado de muerte homicidio o asesinato,Bolivia,
2022/82714,CLAUDIO,MIRANDA RIOS,1979/05/11,BO,https://ws-public.interpol.int/notices/v1/red/2022-82714/images/62619346,https://ws-public.interpol.int/notices/v1/red/2022-82714/images,https://ws-public.interpol.int/notices/v1/red/2022-82714,M,Tarija,Bolivia,,,,,SPA,,Violacion Infante Niño Niña adolescente Art. 308 y 310 del Codigo Penal Boliviano,Bolivia,
2022/77917,FABIAN,LIMA QUISPE,1981/01/20,BO,https://ws-public.interpol.int/notices/v1/red/2022-77917/images/62602992,https://ws-public.interpol.int/notices/v1/red/2022-77917/images,https://ws-public.interpol.int/notices/v1/red/2022-77917,M,PÒTOSI,Bolivia,,,,,SPA,,VIOLACION,Bolivia,
2022/77629,JUAN,COLQUE LAUREAN,1988/08/19,BO,https://ws-public.interpol.int/notices/v1/red/2022-77629/images/62602057,https://ws-public.interpol.int/notices/v1/red/2022-77629/images,https://ws-public.interpol.int/notices/v1/red/2022-77629,M,PÒTOSI,Bolivia,,,,,SPA,,VIOLACION,Bolivia,
2022/77600,HEBBER WILLY,HILARI MAMANI,1991/03/08,BO,https://ws-public.interpol.int/notices/v1/red/2022-77600/images/62601929,https://ws-public.interpol.int/notices/v1/red/2022-77600/images,https://ws-public.interpol.int/notices/v1/red/2022-77600,M,La paz,Bolivia,,,,,SPA,,VIOLACION,Bolivia,
2022/77641,HUMBERTO,MONASTERIOS IGLESIAS,1973/08/28,BO,https://ws-public.interpol.int/notices/v1/red/2022-77641/images/62602098,https://ws-public.interpol.int/notices/v1/red/2022-77641/images,https://ws-public.interpol.int/notices/v1/red/2022-77641,M,,,,,,,SPA,,"TRAFICO ILICITO DE ARMAS,TENENCIA Y PORTE O PORTACION ILICITA",Bolivia,
2022/76450,ORLANDO,CALCINA PARISACA,1994/12/22,BO,https://ws-public.interpol.int/notices/v1/red/2022-76450/images/62598245,https://ws-public.interpol.int/notices/v1/red/2022-76450/images,https://ws-public.interpol.int/notices/v1/red/2022-76450,M,LA PAZ,Bolivia,,,0.0,0.0,SPA,,TRATA Y TRAFICO DE PERSONAS,Bolivia,
2022/76138,FELIX,GALLEGO BAUTISTA,1991/09/14,BO,https://ws-public.interpol.int/notices/v1/red/2022-76138/images/62597072,https://ws-public.interpol.int/notices/v1/red/2022-76138/images,https://ws-public.interpol.int/notices/v1/red/2022-76138,M,GERUNDARI-POTOSI,Bolivia,,,,,SPA,,Violacion,Bolivia,
2022/75498,JOSE MANUEL,ESTRADA PALENQUE,1987/04/08,BO,https://ws-public.interpol.int/notices/v1/red/2022-75498/images/62594719,https://ws-public.interpol.int/notices/v1/red/2022-75498/images,https://ws-public.interpol.int/notices/v1/red/2022-75498,M,Potosi,Bolivia,,,,,SPA,,VIOLACION,Bolivia,
2022/75484,JOHN CLAURE,LLANOS LUCANA,1994/03/10,BO,https://ws-public.interpol.int/notices/v1/red/2022-75484/images/62594690,https://ws-public.interpol.int/notices/v1/red/2022-75484/images,https://ws-public.interpol.int/notices/v1/red/2022-75484,M,Potosi,,,,,,SPA,,VIOLACION,Bolivia,
2022/74460,DARIO,APAZA PEREZ,1993/12/20,BO,https://ws-public.interpol.int/notices/v1/red/2022-74460/images/62591163,https://ws-public.interpol.int/notices/v1/red/2022-74460/images,https://ws-public.interpol.int/notices/v1/red/2022-74460,M,,,,,,,SPA,,"Violacion Infante, Niña Niño o adolescente",Bolivia,
2022/74503,GENARO,HUAYLLA SANCHEZ,1986/07/12,BO,https://ws-public.interpol.int/notices/v1/red/2022-74503/images/62591301,https://ws-public.interpol.int/notices/v1/red/2022-74503/images,https://ws-public.interpol.int/notices/v1/red/2022-74503,M,,,,,,,SPA,,Violacion,Bolivia,
2022/73246,MARIO,ORCKO FLORES,1986/01/01,BO,https://ws-public.interpol.int/notices/v1/red/2022-73246/images/62586212,https://ws-public.interpol.int/notices/v1/red/2022-73246/images,https://ws-public.interpol.int/notices/v1/red/2022-73246,M,,,,,,,SPA,,Violacion,Bolivia,
2022/73244,FILEMON SINDULFO,MIRANDA FLORES,1976/03/21,BO,https://ws-public.interpol.int/notices/v1/red/2022-73244/images/62586207,https://ws-public.interpol.int/notices/v1/red/2022-73244/images,https://ws-public.interpol.int/notices/v1/red/2022-73244,M,,,,,,,SPA,,Violacion,Bolivia,
2022/73274,SERAPIO,TORO PEÑARANDA,1992/03/02,BO,https://ws-public.interpol.int/notices/v1/red/2022-73274/images/62586321,https://ws-public.interpol.int/notices/v1/red/2022-73274/images,https://ws-public.interpol.int/notices/v1/red/2022-73274,M,POTOSI,Bolivia,,,,,SPA,,"VIOLACION INFANTE,NIÑA,NIÑO O ADOLECENTE",Bolivia,
2022/73279,VICMAR,MENDOZA OLIVERA,1999/08/04,BO,https://ws-public.interpol.int/notices/v1/red/2022-73279/images/62586336,https://ws-public.interpol.int/notices/v1/red/2022-73279/images,https://ws-public.interpol.int/notices/v1/red/2022-73279,M,POTOSI,Bolivia,,,,,SPA,,"VIOLACION INFANTE,NIÑA,NIÑO O ADOLECENTE",Bolivia,
2022/73286,VIDAL,PARISACA TACURI,1979/04/22,BO,https://ws-public.interpol.int/notices/v1/red/2022-73286/images/62586382,https://ws-public.interpol.int/notices/v1/red/2022-73286/images,https://ws-public.interpol.int/notices/v1/red/2022-73286,M,POTOSI,Bolivia,,,,,SPA,,"VIOLACION INFANTE,NIÑA,NIÑO Y/O ADOLECENTE",Bolivia,
2022/72964,JOEL HEBER,YAPU LLANOS,1992/07/07,BO,https://ws-public.interpol.int/notices/v1/red/2022-72964/images/62585077,https://ws-public.interpol.int/notices/v1/red/2022-72964/images,https://ws-public.interpol.int/notices/v1/red/2022-72964,M,POTOSI,Bolivia,,,0.0,0.0,SPA,,"VIOLACION DE INFANTE, NIÑA, NIÑO O ADOLESCENTE",Bolivia,
2022/72292,SANTOS,VARGAS CUELLAR,1981/08/07,BO,https://ws-public.interpol.int/notices/v1/red/2022-72292/images/62582441,https://ws-public.interpol.int/notices/v1/red/2022-72292/images,https://ws-public.interpol.int/notices/v1/red/2022-72292,M,Potosi,Bolivia,,,,,SPA,,Violacion,Bolivia,
2022/70913,ASSAD YAMAL,ARABE RODRIGUEZ,1987/03/11,BO,https://ws-public.interpol.int/notices/v1/red/2022-70913/images/62577630,https://ws-public.interpol.int/notices/v1/red/2022-70913/images,https://ws-public.interpol.int/notices/v1/red/2022-70913,M,BENI,Bolivia,,,,,SPA,,ASESINATO,Bolivia,
2022/70900,HUASCAR OMAR,GARNICA PINTO,1982/04/06,BO,https://ws-public.interpol.int/notices/v1/red/2022-70900/images/62577584,https://ws-public.interpol.int/notices/v1/red/2022-70900/images,https://ws-public.interpol.int/notices/v1/red/2022-70900,M,La Paz,Bolivia,,,,,SPA,,ASESINATO EN GRADO DE TENTATIVA,Bolivia,
2020/45966,MARCOS,TICONA SANCHEZ,1993/07/01,BO,https://ws-public.interpol.int/notices/v1/red/2020-45966/images/61845864,https://ws-public.interpol.int/notices/v1/red/2020-45966/images,https://ws-public.interpol.int/notices/v1/red/2020-45966,M,TINGUIPAYA/POTOSI,Bolivia,['GRY'],['BLA'],1.7,0.0,,,VIOLACION NIÑO NIÑA Y ADOLECENTE,Bolivia,
2022/69906,CRISTIAN,UGARTE COPA,1999/03/15,BO,https://ws-public.interpol.int/notices/v1/red/2022-69906/images/62574523,https://ws-public.interpol.int/notices/v1/red/2022-69906/images,https://ws-public.interpol.int/notices/v1/red/2022-69906,M,POTOSI,Bolivia,,,,,SPA,,violacion,Bolivia,
2022/69898,FROILAN,HINO OCHOA,1995/02/26,BO,https://ws-public.interpol.int/notices/v1/red/2022-69898/images/62574493,https://ws-public.interpol.int/notices/v1/red/2022-69898/images,https://ws-public.interpol.int/notices/v1/red/2022-69898,M,La Paz,Bolivia,,,,,SPA,,"VIOLACION,DELITOS CONTRA LOS NIÑOS",Bolivia,
2022/69542,CRISTIAN HUGO,RAMOS COLQUE,1996/07/23,BO,https://ws-public.interpol.int/notices/v1/red/2022-69542/images/62573316,https://ws-public.interpol.int/notices/v1/red/2022-69542/images,https://ws-public.interpol.int/notices/v1/red/2022-69542,M,Potosi,Bolivia,,,,,SPA,,Violacion,Bolivia,
2022/69548,FIDEL,CONDORI AGUILAR,1975/04/25,BO,https://ws-public.interpol.int/notices/v1/red/2022-69548/images/62573333,https://ws-public.interpol.int/notices/v1/red/2022-69548/images,https://ws-public.interpol.int/notices/v1/red/2022-69548,M,Potosi,Bolivia,,,,,SPA,,Violacion,Bolivia,
2022/69474,YOHAN IVAN,MARQUEZ MAMANI,1994/09/29,BO,https://ws-public.interpol.int/notices/v1/red/2022-69474/images/62573060,https://ws-public.interpol.int/notices/v1/red/2022-69474/images,https://ws-public.interpol.int/notices/v1/red/2022-69474,M,Santa Cruz,Bolivia,,,,,SPA,,Delitos contra los niños,Bolivia,
2022/68867,EDWIN,JAITA GALARZA,1989/03/05,BO,https://ws-public.interpol.int/notices/v1/red/2022-68867/images/62572033,https://ws-public.interpol.int/notices/v1/red/2022-68867/images,https://ws-public.interpol.int/notices/v1/red/2022-68867,M,POTOSI,Bolivia,,,,,SPA,,VIOLACION,Bolivia,
2022/67216,OVIDIO,BELLIDO MICO,1992/06/28,BO,https://ws-public.interpol.int/notices/v1/red/2022-67216/images/62566125,https://ws-public.interpol.int/notices/v1/red/2022-67216/images,https://ws-public.interpol.int/notices/v1/red/2022-67216,M,POTOSI,Bolivia,,,,,SPA,,"VIOLACION NIÑA,NIÑO Y ADOLECENTE CON AGRAVANTE",Bolivia,
2022/67202,LUIS ALBERTO,BRAVO ALEJO,1988/01/25,BO,https://ws-public.interpol.int/notices/v1/red/2022-67202/images/62566091,https://ws-public.interpol.int/notices/v1/red/2022-67202/images,https://ws-public.interpol.int/notices/v1/red/2022-67202,M,POTOSI,Bolivia,,,,,SPA,,"VIOLACION , NIÑA NIÑO Y ADOLECENTE CON AGRAVANTE",Bolivia,
2022/67226,HECTOR,CHUMACERO VELIZ,1989/03/25,BO,https://ws-public.interpol.int/notices/v1/red/2022-67226/images/62566164,https://ws-public.interpol.int/notices/v1/red/2022-67226/images,https://ws-public.interpol.int/notices/v1/red/2022-67226,M,POTOSI,Bolivia,,,,,SPA,,"VIOLACION NIÑA,NIÑO Y ADOLECENTE CON AGRAVANTE",Bolivia,
2021/78891,RENE,RAMALLO TOLA,1992/12/15,BO,https://ws-public.interpol.int/notices/v1/red/2021-78891/images/62311434,https://ws-public.interpol.int/notices/v1/red/2021-78891/images,https://ws-public.interpol.int/notices/v1/red/2021-78891,M,COCHABAMBA,Bolivia,['BLA'],['BLA'],1.74,,SPA,,VIOLACION,Bolivia,
2022/65681,JUAN,CONDORI MAMANI,1979/01/10,BO,https://ws-public.interpol.int/notices/v1/red/2022-65681/images/62561656,https://ws-public.interpol.int/notices/v1/red/2022-65681/images,https://ws-public.interpol.int/notices/v1/red/2022-65681,M,POTOSI,Bolivia,,,,,SPA,,ABUSO SEXUAL,Bolivia,
2022/65671,JOSE,FLORES CHUCAMANI,1993/09/28,BO,https://ws-public.interpol.int/notices/v1/red/2022-65671/images/62561634,https://ws-public.interpol.int/notices/v1/red/2022-65671/images,https://ws-public.interpol.int/notices/v1/red/2022-65671,M,POTOSI,Bolivia,,,,,SPA,,DELITOS CONTRA LOS NIÑOS (VIOLACION),Bolivia,
2022/62601,IBRAHIN HASSAN,RIVERO FLORES,1990/04/03,BO,https://ws-public.interpol.int/notices/v1/red/2022-62601/images/62550615,https://ws-public.interpol.int/notices/v1/red/2022-62601/images,https://ws-public.interpol.int/notices/v1/red/2022-62601,M,Santa Cruz,Bolivia,,,,,SPA,,HOMICIDIO,Bolivia,
2022/58944,MARCO ANTONIO,SEGALES VENEROS,1992/07/21,BO,https://ws-public.interpol.int/notices/v1/red/2022-58944/images/62537307,https://ws-public.interpol.int/notices/v1/red/2022-58944/images,https://ws-public.interpol.int/notices/v1/red/2022-58944,M,COCHABAMBA,Bolivia,,,,,SPA,,ASESINATO Y LESIONES  GRAVES,Bolivia,
2022/57397,IVAN,CONDORI CHOQUE,1999/12/10,BO,https://ws-public.interpol.int/notices/v1/red/2022-57397/images/62531477,https://ws-public.interpol.int/notices/v1/red/2022-57397/images,https://ws-public.interpol.int/notices/v1/red/2022-57397,M,La Paz,Bolivia,,,,,SPA,,VIOLACION,Bolivia,
2022/54883,DANIEL,CONDORI CANAVIRI,1998/11/24,BO,https://ws-public.interpol.int/notices/v1/red/2022-54883/images/62522768,https://ws-public.interpol.int/notices/v1/red/2022-54883/images,https://ws-public.interpol.int/notices/v1/red/2022-54883,M,La Paz,Bolivia,,,,,SPA,,"Violacion infante, niña, niño o adolecente",Bolivia,
2022/53914,EDGAR,DORADO MENACHO,1979/12/16,BO,https://ws-public.interpol.int/notices/v1/red/2022-53914/images/62519069,https://ws-public.interpol.int/notices/v1/red/2022-53914/images,https://ws-public.interpol.int/notices/v1/red/2022-53914,M,BENI,Bolivia,,,0.0,0.0,SPA,,LESIONES  CON RESULTADO DE MUERTE HOMICIDIO O ASESINATO,Bolivia,
2022/16938,WILFREDO,VILLCA MAMANI,1993/12/16,BO,https://ws-public.interpol.int/notices/v1/red/2022-16938/images/62389794,https://ws-public.interpol.int/notices/v1/red/2022-16938/images,https://ws-public.interpol.int/notices/v1/red/2022-16938,M,LA PAZ,Bolivia,,,0.0,0.0,SPA,,TRATA DE PERSONAS,Bolivia,
2022/16940,PAMELA,RAMOS QUISPE,1995/01/23,BO,https://ws-public.interpol.int/notices/v1/red/2022-16940/images/62389799,https://ws-public.interpol.int/notices/v1/red/2022-16940/images,https://ws-public.interpol.int/notices/v1/red/2022-16940,F,LA PAZ,Bolivia,,,0.0,0.0,SPA,,TRATA DE PERSONAS,Bolivia,
2021/53926,JOEL,SANTA MARIA ROJAS,1982/07/15,BO,https://ws-public.interpol.int/notices/v1/red/2021-53926/images/62226353,https://ws-public.interpol.int/notices/v1/red/2021-53926/images,https://ws-public.interpol.int/notices/v1/red/2021-53926,M,"COLCAPIRHUA, QUILLACOLLO, DPTO COCHABAMBA",Bolivia,,,0.0,0.0,SPA,,"ABUSO SEXUAL CON ACCESO CARNAL AGRAVADO POR HABER SIDO COMETIDO CONTRA UNA MENOR DE DIECIOCHO AÑOS APROVECHADO DE LA SITUACIÓN DE CONVIVENCIA PREEXISTENTE (REITERADO), SIENDO QUE, POR LAS CIRCUNSTANCIAS DE SU MODO DE REALIZACIÓN Y DURACIÓN CONFIGURARON UN GRAVE SOMETIMIENTO ULTRAJANTE PARA LA VÍCTIMA, Y POR HABERLE OCASIONADO UN GRAVE DAÑO A SU SALUD MENTAL",Argentina,
2021/51528,ROBERTO,TUNQUI BRAVO,1985/04/21,BO,https://ws-public.interpol.int/notices/v1/red/2021-51528/images/62217667,https://ws-public.interpol.int/notices/v1/red/2021-51528/images,https://ws-public.interpol.int/notices/v1/red/2021-51528,M,,Bolivia,,,,,,,"ABUSO SEXUAL, AMENAZAS SIMPLES Y COACTIVAS, Y LESIONES LEVES AGRAVADAS POR EL VÍNCULO.",Argentina,
2021/45235,CLAUDIO,RIOJA UGARTE,1974/10/23,BO,,https://ws-public.interpol.int/notices/v1/red/2021-45235/images,https://ws-public.interpol.int/notices/v1/red/2021-45235,M,"Orcoma, Cochabamba",Bolivia,,,,,SPA,,CONTRABANDO DE ESTUPEFACIENTES,Argentina,
2021/31387,JOSE,MAMANI VALDIVIA,1976/05/01,BO,https://ws-public.interpol.int/notices/v1/red/2021-31387/images/62137875,https://ws-public.interpol.int/notices/v1/red/2021-31387/images,https://ws-public.interpol.int/notices/v1/red/2021-31387,M,,Bolivia,,,,,SPA,,"ABUSO SEXUAL CON ACCESO CARNAL, REITERADO, AGRAVADO POR EL VINCULO Y POR EL APROVECHAMIENTO DE LA SITUACION DE CONVIVENCIA PREEXISTENTE.",Argentina,
2021/18171,CALIXTO,SERRANO VELA,1978/09/09,BO,https://ws-public.interpol.int/notices/v1/red/2021-18171/images/62047238,https://ws-public.interpol.int/notices/v1/red/2021-18171/images,https://ws-public.interpol.int/notices/v1/red/2021-18171,M,Zudañes,Bolivia,['BROD'],['BLA'],1.66,,SPA,PRESENTA DESPELLEJADURAS EN LOS PULPEJOS DE TODOS LOS DEDOS DE AMBAS MANOS,TRANSPORTE DE ESTUPEFACIENTES,Argentina,
2021/17735,BEYMAR NELZON,CARI FARFAN,1987/01/14,BO,,https://ws-public.interpol.int/notices/v1/red/2021-17735/images,https://ws-public.interpol.int/notices/v1/red/2021-17735,M,,Bolivia,,,0.0,0.0,SPA,,NAUFRAGIO CULPOSO AGRAVADO POR LA MUERTE DE DOS PERSONAS ADULTAS Y LA DESAPARICIÓN DE DOS MENORES DE EDAD.,Argentina,
2021/17725,ISMAEL JUSTINIANO,CORO MENDOZA,1983/05/03,BO,,https://ws-public.interpol.int/notices/v1/red/2021-17725/images,https://ws-public.interpol.int/notices/v1/red/2021-17725,M,,Bolivia,,,0.0,0.0,SPA,,NAUFRAGIO CULPOSO AGRAVADO POR LA MUERTE DE DOS PERSONAS ADULTAS Y LA DESAPARICIÓN DE DOS MENORES DE EDAD.,Argentina,
2021/17733,CLAUDIO,COLQUE CHOQUE,1984/06/06,BO,,https://ws-public.interpol.int/notices/v1/red/2021-17733/images,https://ws-public.interpol.int/notices/v1/red/2021-17733,M,,Bolivia,,,0.0,0.0,SPA,,NAUFRAGIO CULPOSO AGRAVADO POR LA MUERTE DE DOS PERSONAS ADULTAS Y LA DESAPARICIÓN DE DOS MENORES DE EDAD.,Argentina,
2021/6929,JUANITA,VARGAS CAURE,1974/05/16,BO,,https://ws-public.interpol.int/notices/v1/red/2021-6929/images,https://ws-public.interpol.int/notices/v1/red/2021-6929,F,"Chuquisaca, provincia de Luis Calvo, Guayabillar",Bolivia,,,,,,,CONTRABANDO DE ESTUPEFACIENTES,Argentina,
2021/10404,ANDRÉS BRAYAN,VARGAS SÁNCHEZ,1993/08/15,BO,https://ws-public.interpol.int/notices/v1/red/2021-10404/images/62020046,https://ws-public.interpol.int/notices/v1/red/2021-10404/images,https://ws-public.interpol.int/notices/v1/red/2021-10404,M,Cochabamba,Bolivia,,,,,SPA,,ABUSO SEXUAL AGRAVADO POR HABER SIDO COMETIDO CON ACCESO CARNAL,Argentina,
2020/82630,DOMINGO,MOSQUEZ TICOLLANO,1980/01/18,BO,https://ws-public.interpol.int/notices/v1/red/2020-82630/images/61969210,https://ws-public.interpol.int/notices/v1/red/2020-82630/images,https://ws-public.interpol.int/notices/v1/red/2020-82630,M,"LOCALIDAD DE MILLURI, PROVINCIA DE CHAYANTA, POTOSÍ",Bolivia,,,0.0,0.0,SPA,,ABUSO SEXUAL,Argentina,
2020/55653,JESUS REYNALDO,CALVO PEDRAZA,1984/06/29,BO,https://ws-public.interpol.int/notices/v1/red/2020-55653/images/61880764,https://ws-public.interpol.int/notices/v1/red/2020-55653/images,https://ws-public.interpol.int/notices/v1/red/2020-55653,M,"DEPARTAMENTO CHUQUISACA, PROVINCIA OROPEZA, LOCALIDAD SUCRE",Bolivia,,,0.0,0.0,SPA,,ABUSO SEXUAL CON ACCESO CARNAL REITERADO Y ABUSO SEXUAL SIMPLE.,Argentina,
2020/37259,PEDRO,VARGAS HURTADO,1974/01/18,BO,https://ws-public.interpol.int/notices/v1/red/2020-37259/images/61813487,https://ws-public.interpol.int/notices/v1/red/2020-37259/images,https://ws-public.interpol.int/notices/v1/red/2020-37259,M,"Santa Cruz de la Sierra, Andres Ibañez - Bolivia",Bolivia,,,,,SPA,,"Contrabando calificado por tratarse de estupefacientes destinados inequívocamente a ser comercializado, agravado por el número de personas intervinientes y por el empleo de un medio de transporte aéreo en vuelo no autorizado, en concurso real con el delito de transporte de estupefacientes, en grado de tentativa.",Argentina,
2019/129706,RUFINA,CATARI SULLCA,1979/07/19,BO,https://ws-public.interpol.int/notices/v1/red/2019-129706/images/61667769,https://ws-public.interpol.int/notices/v1/red/2019-129706/images,https://ws-public.interpol.int/notices/v1/red/2019-129706,F,"Chinoli, Jose Maria Linares, Departamento POTOSI",Bolivia,,,,,SPA,,TENTATIVA DE CONTRABANDO DE IMPORTACIÓN DE ESTUPEFACIENTES,Argentina,
2019/129682,EDWIN,SURI NINA,1972/04/23,BO,https://ws-public.interpol.int/notices/v1/red/2019-129682/images/61667593,https://ws-public.interpol.int/notices/v1/red/2019-129682/images,https://ws-public.interpol.int/notices/v1/red/2019-129682,M,"Nuestra Señora de La Paz, Murillo, Departamento La Paz.",Bolivia,,,,,SPA,,TENTATIVA DE CONTRABANDO DE IMPORTACIÓN DE ESTUPEFACIENTES,Argentina,
2019/126104,MARIA ELENA,CUELLAR BARRIOS,1988/11/27,BO,https://ws-public.interpol.int/notices/v1/red/2019-126104/images/61668602,https://ws-public.interpol.int/notices/v1/red/2019-126104/images,https://ws-public.interpol.int/notices/v1/red/2019-126104,F,"Pico de monte, Obispo Santistevan, Santa Cruz.",Bolivia,,,,,SPA,,"ABUSO SEXUAL DE UNA PERSONA MENOR DE TRECE AÑOS DE EDAD, MEDIANTE VIOLENCIA Y AMENAZAS, AGRAVADO POR LA COMISIÓN DE DOS O MÁS PERSONAS.",Argentina,
2019/112275,VERONICA,ARCE GONZALES,1994/08/11,BO,https://ws-public.interpol.int/notices/v1/red/2019-112275/images/61603236,https://ws-public.interpol.int/notices/v1/red/2019-112275/images,https://ws-public.interpol.int/notices/v1/red/2019-112275,F,"Cliza,Provincia de German Jordan Departamento de Cochabamba",Bolivia,,,,,SPA,,Transporte de Estupefacientes,Argentina,
2019/88258,JORGE LUIS,RISCO LIZARAZU,1988/10/11,BO,https://ws-public.interpol.int/notices/v1/red/2019-88258/images/61529425,https://ws-public.interpol.int/notices/v1/red/2019-88258/images,https://ws-public.interpol.int/notices/v1/red/2019-88258,M,"TOMAS FRIAS, POTOSI",Bolivia,,,,,SPA,,"LESIONES GRAVES AGRAVADAS POR EL VINCULO Y MEDIANDO VIOLENCIA DE GÉNERO Y POR HABER CAUSADO UNA DEFORMACIÓN PERMANENTE EN EL ROSTRO, QUE CONCURRE MATERIALMENTE CON LESIONES AGRAVADAS POR EL VINCULO Y POR HABER MEDIADO VIOLENCIA DE GÉNERO Y LESIONES AGRAVADAS POR EL VINCULO Y POR HABER MEDIADO VIOLENCIA DE GÉNERO EN CONCURSO IDEAL CON AMENAZAS COACTIVAS.",Argentina,
2019/76572,FANNY,SORIA FLORES,1975/07/13,BO,https://ws-public.interpol.int/notices/v1/red/2019-76572/images/61495826,https://ws-public.interpol.int/notices/v1/red/2019-76572/images,https://ws-public.interpol.int/notices/v1/red/2019-76572,F,,Bolivia,,,,,,,International Drug Trafficking,Brazil,
2019/45410,EDMUNDO,MURUCHI COHANQUI,1995/11/16,BO,https://ws-public.interpol.int/notices/v1/red/2019-45410/images/61393747,https://ws-public.interpol.int/notices/v1/red/2019-45410/images,https://ws-public.interpol.int/notices/v1/red/2019-45410,M,,Bolivia,,,,,SPA,,"ABUSO SEXUAL CON ACCESO CARNAL AGRAVADO POR SER COMETIDO POR EL ENCARGADO DE LA GUARDA Y SER CONTRA UNA MENOR DE 18 AÑOS , APROVECHANDO LA SITUACIÓN DE CONVIVENCIA PREEXISTENTE.",Argentina,
2018/52680,GLOVER WILVER,VELASQUEZ CAZON,1992/06/10,BO,https://ws-public.interpol.int/notices/v1/red/2018-52680/images/61079326,https://ws-public.interpol.int/notices/v1/red/2018-52680/images,https://ws-public.interpol.int/notices/v1/red/2018-52680,M,,Bolivia,,,,,SPA,,"HOMICIDIO CULPOSO AGRAVADO EN INCIDENTE DE TRÁNSITO, TRES HECHOS EN CONCURSO REAL",Argentina,
2018/1142,RODRIGO,CUSSI QUISPE,1995/12/05,BO,,https://ws-public.interpol.int/notices/v1/red/2018-1142/images,https://ws-public.interpol.int/notices/v1/red/2018-1142,M,,Bolivia,,,0.0,0.0,SPA,,HOMICIDIO AGRAVADO POR HABER SIDO COMETIDO CON ALEVOSÍA Y VIOLENCIA DE GÉNERO,Argentina,
2018/226,CELESTINO,MARISCAL ROCHA,1957/05/19,BO,https://ws-public.interpol.int/notices/v1/red/2018-226/images/60909506,https://ws-public.interpol.int/notices/v1/red/2018-226/images,https://ws-public.interpol.int/notices/v1/red/2018-226,M,,Bolivia,,,,,,,DELITOS CONTRA LA LIBERTAD,Argentina,
2017/192632,ALBERTO,CARDOZO MOLINA,1969/08/04,BO,https://ws-public.interpol.int/notices/v1/red/2017-192632/images/61062581,https://ws-public.interpol.int/notices/v1/red/2017-192632/images,https://ws-public.interpol.int/notices/v1/red/2017-192632,M,TARIJA,Bolivia,,,,,SPA,,"INTEGRAR UNA ASOCIACION ILICITA DEDICADA AL TRANSPORTE DE ESTUPEFACIENTES, AGRAVADO POR LA PARTICIPACION DE TRES O MAS PERSONAS ORGANIZADAS.",Argentina,
2017/191810,MIGUEL,CESPEDES FLORES,1981/02/22,BO,,https://ws-public.interpol.int/notices/v1/red/2017-191810/images,https://ws-public.interpol.int/notices/v1/red/2017-191810,M,,Bolivia,,,,,SPA,,HOMICIDIO,Argentina,
2017/189818,VALENTINA,COLQUE ARIAS DE JUCHASARA,1977/10/25,BO,https://ws-public.interpol.int/notices/v1/red/2017-189818/images/60745395,https://ws-public.interpol.int/notices/v1/red/2017-189818/images,https://ws-public.interpol.int/notices/v1/red/2017-189818,F,Potosí - Charcas Machaviento,Bolivia,,,,,SPA,,Tráfico de drogas,Brazil,
2017/188013,SELIDA,ROJAS ZELADA,1975/05/15,BO,https://ws-public.interpol.int/notices/v1/red/2017-188013/images/62426479,https://ws-public.interpol.int/notices/v1/red/2017-188013/images,https://ws-public.interpol.int/notices/v1/red/2017-188013,F,COCHABAMBA/ARANI,Bolivia,,,,,,,drug trafficking,Brazil,
2017/145438,BENITO,VILLARROEL SANCHEZ,1954/11/22,BO,https://ws-public.interpol.int/notices/v1/red/2017-145438/images/60600180,https://ws-public.interpol.int/notices/v1/red/2017-145438/images,https://ws-public.interpol.int/notices/v1/red/2017-145438,M,SANTA CRUZ DE LA SIERRA,Bolivia,,,,,,,PROMOCION DE LA CORRUPCION CALIFICADA COMETIDA EN PERJUICIO DE UNA MENOR DE TRECE AÑOS DE EDAD EN CONCURSO IDEAL CON ABUSO SEXUAL CON ABUSO CARNAL REITERADO EN CONCURSO REAL CON PROMOCION DE LA CORRUPCION AGRAVADA POR HAVER SIDO COMETIDA CONTRA UNA MENOR DE TRECE AÑOS DE EDAD EN CONCURSO IDEAL CON ABUSO SECUAL SIMPLE.LESIONES GRAVES.,Argentina,
2017/135892,IVAR,SOARES ROCA,1968/04/10,BO,https://ws-public.interpol.int/notices/v1/red/2017-135892/images/62213219,https://ws-public.interpol.int/notices/v1/red/2017-135892/images,https://ws-public.interpol.int/notices/v1/red/2017-135892,M,,Bolivia,,,,,,,Drugs Trafficking,Brazil,
2016/63630,NICANOR,SORIA MARTINEZ,1988/01/20,BO,,https://ws-public.interpol.int/notices/v1/red/2016-63630/images,https://ws-public.interpol.int/notices/v1/red/2016-63630,M,,Bolivia,,,0.0,0.0,,,ABUSO SEXUAL CON ACCESO CARNAL.,Argentina,
2016/57895,OBALDO,CONDORI AGUILAR,1973/05/16,BO,https://ws-public.interpol.int/notices/v1/red/2016-57895/images/62828933,https://ws-public.interpol.int/notices/v1/red/2016-57895/images,https://ws-public.interpol.int/notices/v1/red/2016-57895,M,,Bolivia,,,,,SPA,,International Drug Trafficking and participation in an organized group for Drug Trafficking purpose.,Brazil,
2016/20419,MAYKOL RODRIGO,CHALLAPA HUANCA,1990/09/24,BO,https://ws-public.interpol.int/notices/v1/red/2016-20419/images/60047956,https://ws-public.interpol.int/notices/v1/red/2016-20419/images,https://ws-public.interpol.int/notices/v1/red/2016-20419,M,ORURO/CERCADO,Bolivia,,,,,SPA,,"Trata de personas
facilitación de tráfico ilegal de personas desde el extranjero",Argentina,
2015/69742,NICOLAS MARCIEL,ORTIZ,1994/08/28,BO,https://ws-public.interpol.int/notices/v1/red/2015-69742/images/59918446,https://ws-public.interpol.int/notices/v1/red/2015-69742/images,https://ws-public.interpol.int/notices/v1/red/2015-69742,M,,Bolivia,['BRO'],['BLA'],1.69,59.0,"ENG, SPA",ORTIZ weighs between 54 to 64 kilograms and is between 163 and 175 centimeters tall.,"1) Rape of an unconscious victim
2) Sexual Assault",United States of America,
2015/13112,JIMMY,ROQUE MOYA,1982/11/14,BO,https://ws-public.interpol.int/notices/v1/red/2015-13112/images/59731933,https://ws-public.interpol.int/notices/v1/red/2015-13112/images,https://ws-public.interpol.int/notices/v1/red/2015-13112,M,ORURO,Bolivia,,,0.0,0.0,SPA,,HOMICIDIO AGRAVADO POR EL VINCULO,Argentina,
2015/6922,GENARO,URIA NAMAZAY,1966/12/02,BO,https://ws-public.interpol.int/notices/v1/red/2015-6922/images/59711243,https://ws-public.interpol.int/notices/v1/red/2015-6922/images,https://ws-public.interpol.int/notices/v1/red/2015-6922,M,,Bolivia,,,0.0,0.0,"POR, SPA",,Trafico internacional de drogas,Brazil,
2014/19930,ELIAS,ROMERO MENDOZA,1988/02/20,BO,,https://ws-public.interpol.int/notices/v1/red/2014-19930/images,https://ws-public.interpol.int/notices/v1/red/2014-19930,M,"LOCALIDAD DE FUERTE VIEJO, PROV. GRAN CHACO, DEPTO. TARIJA",Bolivia,['BLA'],,0.0,0.0,,,ABUSO SEXUAL CON PENETRACIÓN AGRAVADO POR LA CONVIVENCIA,Argentina,
2012/351845,JOSE ANTONIO,BENITEZ BUAIS,1949/02/08,BO,https://ws-public.interpol.int/notices/v1/red/2012-351845/images/57952175,https://ws-public.interpol.int/notices/v1/red/2012-351845/images,https://ws-public.interpol.int/notices/v1/red/2012-351845,M,TARIJA,Bolivia,,,0.0,0.0,SPA,,"ABUSO SEXUAL CON ACCESO CARNAL AGRAVADO, EN UN NUMERO INDETERMINADO DE HECHOS.",Argentina,
