entity_id,forename,name,date_of_birth,nationalities,thumbnail,images,self_link,sex_id,place_of_birth,country_of_birth,eyes_colors_id,hairs_id,height,weight,languages_spoken_ids,distinguishing_marks,arrest_charge,arrest_issuing_country,arrest_charge_translation
2023/56248,ALISHER,NURIDDINOV,1975/10/08,UZ,https://ws-public.interpol.int/notices/v1/red/2023-56248/images/62839023,https://ws-public.interpol.int/notices/v1/red/2023-56248/images,https://ws-public.interpol.int/notices/v1/red/2023-56248,M,ANDIZHAN TOWN (ANDIZHAN REGION),Uzbekistan,,['OTHD'],1.65,0.0,"RUS, UZB",,complicity in financing terrorism by providing information,Russia,
2023/52863,MASHRABJON,YUSUPOV,1977/10/15,UZ,https://ws-public.interpol.int/notices/v1/red/2023-52863/images/62826313,https://ws-public.interpol.int/notices/v1/red/2023-52863/images,https://ws-public.interpol.int/notices/v1/red/2023-52863,M,OLIMBEK / ANDIZHANSKAYA REGION,Uzbekistan,,['OTHD'],1.65,0.0,"UZB, RUS",,"accessory in terror financing (2 episodes),
arrangement of terror financing",Russia,
2023/47680,ABDUGANI,NURIDDINOV,1970/12/14,UZ,https://ws-public.interpol.int/notices/v1/red/2023-47680/images/62806191,https://ws-public.interpol.int/notices/v1/red/2023-47680/images,https://ws-public.interpol.int/notices/v1/red/2023-47680,M,TASHKENT,Uzbekistan,,['OTHD'],1.65,0.0,"UZB, RUS",,financing of terrorism,Russia,
2023/6867,NURISLOM,RAKHMONOV,1991/04/11,UZ,https://ws-public.interpol.int/notices/v1/red/2023-6867/images/62655778,https://ws-public.interpol.int/notices/v1/red/2023-6867/images,https://ws-public.interpol.int/notices/v1/red/2023-6867,M,SHURCHI / SURKHANDARINSKAYA REGION,Uzbekistan,,['OTHD'],0.0,0.0,"RUS, UZB",,Assistance in financing of terrorism by means of providing information (2 episodes),Russia,
2022/46527,IRINA,GAFAROVA,1970/12/26,"UZ, RU",https://ws-public.interpol.int/notices/v1/red/2022-46527/images/62492544,https://ws-public.interpol.int/notices/v1/red/2022-46527/images,https://ws-public.interpol.int/notices/v1/red/2022-46527,F,TASHKENT CITY,Uzbekistan,['BROH'],['OTHD'],1.65,0.0,"RUS, UZB",,getting trained with the aim of terrorist activity; participation in the activity of a terrorist organization,Russia,
2022/40296,NURIDDIN,NASIRDINOV,1988/09/30,UZ,https://ws-public.interpol.int/notices/v1/red/2022-40296/images/62468844,https://ws-public.interpol.int/notices/v1/red/2022-40296/images,https://ws-public.interpol.int/notices/v1/red/2022-40296,M,SHAKHRIKHAN / ANDIJAN REGION,Uzbekistan,,['OTHD'],0.0,0.0,"ARA, RUS, UZB",,"Participation in the activity of a terrorist organization on the territory of a foreign country;
participation in the activity of a terrorist organization;
training in specialized camp for the purpose of terrorist activity.",Russia,
2022/38521,OLIMJON,YOQUBJONOV,1994/08/14,UZ,https://ws-public.interpol.int/notices/v1/red/2022-38521/images/62462319,https://ws-public.interpol.int/notices/v1/red/2022-38521/images,https://ws-public.interpol.int/notices/v1/red/2022-38521,M,SHAKHRIKHAN TOWN (THE REPUBLIC OF UZBEKISTAN),Uzbekistan,,['OTHD'],0.0,0.0,"ARA, RUS, UZB",,getting trained with the aim of terrorist activity; participation in the activity of a terrorist organization; participation in the activity of an illegal armed formation,Russia,
2022/29173,ELDOR,RAKHMATOV,1988/01/05,UZ,https://ws-public.interpol.int/notices/v1/red/2022-29173/images/62432108,https://ws-public.interpol.int/notices/v1/red/2022-29173/images,https://ws-public.interpol.int/notices/v1/red/2022-29173,M,"SHAKHRISABZ REGION, UYMOVUT VILLAGE",Uzbekistan,,,0.0,0.0,"UZB, RUS",,Terrorism financing,Russia,
2022/15869,TIMUR,ALIMOV,1995/09/04,UZ,https://ws-public.interpol.int/notices/v1/red/2022-15869/images/62386135,https://ws-public.interpol.int/notices/v1/red/2022-15869/images,https://ws-public.interpol.int/notices/v1/red/2022-15869,M,"ASAKA CITY, ANDIJAN REGION",Uzbekistan,,['OTHD'],0.0,0.0,"RUS, UZB, ARA",,"Participation in the activity of terrorist organization, participation in an armed formation that is not provided for by a federal law.Participation in the activity of terrorist organization, participation in an armed formation that is not provided for by a federal law.",Russia,
2015/45901,RAMAZON,ACHILDIEV,1966/01/08,UZ,,https://ws-public.interpol.int/notices/v1/red/2015-45901/images,https://ws-public.interpol.int/notices/v1/red/2015-45901,M,,Uzbekistan,,,,,TGK,,"Murder, Threat of Murder",Russia,
2020/30636,KHALIMKHON,KHAMIDKHANOV,1990/04/22,UZ,https://ws-public.interpol.int/notices/v1/red/2020-30636/images/61789133,https://ws-public.interpol.int/notices/v1/red/2020-30636/images,https://ws-public.interpol.int/notices/v1/red/2020-30636,M,NAMANGAN,Uzbekistan,,,0.0,0.0,"RUS, UZB",,participation in the activity of a terrorist organization,Russia,
2019/16617,BOBIRZHON,MAKHBUBOV,1982/09/09,UZ,https://ws-public.interpol.int/notices/v1/red/2019-16617/images/61279527,https://ws-public.interpol.int/notices/v1/red/2019-16617/images,https://ws-public.interpol.int/notices/v1/red/2019-16617,M,ANDIZHAN TOWN,Uzbekistan,,,0.0,0.0,,,"getting trained with the aim of terrorist activity; contributing to terrorist activity; creation of terrorist group; illegal purchase; illegal acquisition, transfer, sale, storage, transportation, or bearing of firearms, its basic parts, ammunition;explosives, and explosive devices; illegal manufacture of  explosives, alteration",Russia,
2018/32488,MIRZAABDULLO,SHOKOSIMOV,1989/04/09,UZ,https://ws-public.interpol.int/notices/v1/red/2018-32488/images/61012379,https://ws-public.interpol.int/notices/v1/red/2018-32488/images,https://ws-public.interpol.int/notices/v1/red/2018-32488,M,OQTEPA,Uzbekistan,['BROH'],['OTHD'],1.8,0.0,"UZB, RUS",,"participation in the activity of terrorist organization, participation in illegal armed formation, getting trained with the purpose of terrorist activity.",Russia,
2018/3409,ABAY,KURBANBAEV,1981/09/29,UZ,https://ws-public.interpol.int/notices/v1/red/2018-3409/images/60919531,https://ws-public.interpol.int/notices/v1/red/2018-3409/images,https://ws-public.interpol.int/notices/v1/red/2018-3409,M,,Uzbekistan,['BLA'],['BLA'],1.75,80.0,"UZB, RUS",,participation in illegal armed formation,Russia,
2017/7765,IGOR,NAZAROV,1980/08/04,"UZ, RU",https://ws-public.interpol.int/notices/v1/red/2017-7765/images/60300229,https://ws-public.interpol.int/notices/v1/red/2017-7765/images,https://ws-public.interpol.int/notices/v1/red/2017-7765,M,TASHKENT,Uzbekistan,,,,,RUS,,Training in order to participate in terrorist activity; participation in the activity of terrorist organization.,Russia,
2016/90556,ALIDZHON,KHUSANOV,1988/05/30,UZ,https://ws-public.interpol.int/notices/v1/red/2016-90556/images/60264079,https://ws-public.interpol.int/notices/v1/red/2016-90556/images,https://ws-public.interpol.int/notices/v1/red/2016-90556,M,ZARAFSHAN,Uzbekistan,['OTHD'],['BLA'],1.85,0.0,"ARA, UZB, RUS",,participation in an illegal armed formation,Russia,
2016/68212,FIRUZ,AKHMEDJANOV,1984/07/12,UZ,https://ws-public.interpol.int/notices/v1/red/2016-68212/images/60210623,https://ws-public.interpol.int/notices/v1/red/2016-68212/images,https://ws-public.interpol.int/notices/v1/red/2016-68212,M,,Uzbekistan,,,,,UZB,,The Human Trafficking.,Uzbekistan,
2016/22134,OIBEK,DZHURABAEV,1983/04/12,"UZ, KG",https://ws-public.interpol.int/notices/v1/red/2016-22134/images/60053428,https://ws-public.interpol.int/notices/v1/red/2016-22134/images,https://ws-public.interpol.int/notices/v1/red/2016-22134,M,ANDIZHAN,Uzbekistan,,['OTHD'],1.65,0.0,"RUS, UZB, ARA",,"getting trained with the aim of terrorist activity
 participation in illegal armed formation",Russia,
2016/22165,BAKHTIER,SAMIEV,1972/07/06,UZ,https://ws-public.interpol.int/notices/v1/red/2016-22165/images/62800488,https://ws-public.interpol.int/notices/v1/red/2016-22165/images,https://ws-public.interpol.int/notices/v1/red/2016-22165,M,Surkhandarinskiy region,Uzbekistan,,,,,"RUS, UZB",,Preparation of illegal sale of drugs or psyhotropic substances in extremely large amount by the organized group;,Russia,
2015/5671,ISLOM,BAROTOV,1991/09/05,UZ,https://ws-public.interpol.int/notices/v1/red/2015-5671/images/59707381,https://ws-public.interpol.int/notices/v1/red/2015-5671/images,https://ws-public.interpol.int/notices/v1/red/2015-5671,M,SHEROBOD TOWN,Uzbekistan,,['OTHD'],1.7,0.0,"RUS, UZB",,Intentional infliction of grave injuries which caused the death of the victim by negligence,Russia,
2015/5954,ULUGBEK,SATTAROV,1974/05/28,UZ,https://ws-public.interpol.int/notices/v1/red/2015-5954/images/59708224,https://ws-public.interpol.int/notices/v1/red/2015-5954/images,https://ws-public.interpol.int/notices/v1/red/2015-5954,M,TASHKENT,Uzbekistan,,,0.0,0.0,UZB,,"1)Rape of minor committed with threat of violence or death; 
2)violent sexual actions against minor",Russia,
2014/67617,ZHASURBEK,ISLAMOV,1991/02/13,UZ,https://ws-public.interpol.int/notices/v1/red/2014-67617/images/59648650,https://ws-public.interpol.int/notices/v1/red/2014-67617/images,https://ws-public.interpol.int/notices/v1/red/2014-67617,M,ANDIZHAN,Uzbekistan,,['OTHD'],1.73,0.0,UZB,,MURDER,Russia,
