entity_id,forename,name,date_of_birth,nationalities,thumbnail,images,self_link,sex_id,place_of_birth,country_of_birth,eyes_colors_id,hairs_id,height,weight,languages_spoken_ids,distinguishing_marks,arrest_charge,arrest_issuing_country,arrest_charge_translation
2025/54116,JORGE ROLAND,AGOTE GOMEZ,1975/09/28,UY,https://ws-public.interpol.int/notices/v1/red/2025-54116/images/63573273,https://ws-public.interpol.int/notices/v1/red/2025-54116/images,https://ws-public.interpol.int/notices/v1/red/2025-54116,M,,Uruguay,,,,,SPA,,"UN DELITO CONTINUADO DE VIOLACIÓN EN CALIDAD DE
AUTOR",Uruguay,
2025/51993,HUGO WALDEMAR,ESTEBAN ILARDE,1935/05/06,UY,https://ws-public.interpol.int/notices/v1/red/2025-51993/images/63562337,https://ws-public.interpol.int/notices/v1/red/2025-51993/images,https://ws-public.interpol.int/notices/v1/red/2025-51993,M,,,,,,,SPA,,"Autor penalmente responsable de un delito de abuso sexual
agravado, por la edad de la niña",Uruguay,
2025/46893,SANTIAGO,FLORES CORDOVA,2000/02/12,UY,https://ws-public.interpol.int/notices/v1/red/2025-46893/images/63548352,https://ws-public.interpol.int/notices/v1/red/2025-46893/images,https://ws-public.interpol.int/notices/v1/red/2025-46893,M,,,,,,,SPA,,Homicidio muy especialmente agravado,Uruguay,
2025/46017,YONATHAN GONZALO,PELAIS GUTIERREZ,1995/01/06,UY,https://ws-public.interpol.int/notices/v1/red/2025-46017/images/63551101,https://ws-public.interpol.int/notices/v1/red/2025-46017/images,https://ws-public.interpol.int/notices/v1/red/2025-46017,M,,,,,,,SPA,,UN DELITO DE HOMICIDIO EN CALIDAD DE CO-AUTOR,Uruguay,
2025/42632,PABLO ALBERTO,PELUFO GORGA,1973/05/12,UY,https://ws-public.interpol.int/notices/v1/red/2025-42632/images/63531710,https://ws-public.interpol.int/notices/v1/red/2025-42632/images,https://ws-public.interpol.int/notices/v1/red/2025-42632,M,,,,,,,SPA,,delito de Atentado Violento al Pudor,Uruguay,
2025/38327,FERNANDO LUIS,MATONTE GARAY,1959/09/20,UY,https://ws-public.interpol.int/notices/v1/red/2025-38327/images/63520450,https://ws-public.interpol.int/notices/v1/red/2025-38327/images,https://ws-public.interpol.int/notices/v1/red/2025-38327,M,,,,['GRY'],1.7,,SPA,cutis blanco,"delito de VIOLACIÓN AGRAVADO por causarle grave daño a
la salud mental de la víctima",Uruguay,
2025/28000,DIEGO ANDRÉS,SANGUINETTI SANTAMARINA,1991/03/02,UY,https://ws-public.interpol.int/notices/v1/red/2025-28000/images/63490332,https://ws-public.interpol.int/notices/v1/red/2025-28000/images,https://ws-public.interpol.int/notices/v1/red/2025-28000,M,,,,,,,SPA,,"Un delito continuado previsto en el artículo 34 del Decreto-Ley 14294, en la redacción dada por la Ley 19889, en la modalidad de suministro de sustancias estupefacientes prohibidas a título oneroso.",Uruguay,
2023/60112,CARLOS ERNESTO,ARAUJO RUIZ,1962/08/01,UY,https://ws-public.interpol.int/notices/v1/red/2023-60112/images/62853676,https://ws-public.interpol.int/notices/v1/red/2023-60112/images,https://ws-public.interpol.int/notices/v1/red/2023-60112,M,,,,,,,SPA,,UN DELITO DE ABUSO SEXUAL,Uruguay,
2024/82528,EDDY JAVIER,GINARES CORREA,1976/09/03,UY,https://ws-public.interpol.int/notices/v1/red/2024-82528/images/63287171,https://ws-public.interpol.int/notices/v1/red/2024-82528/images,https://ws-public.interpol.int/notices/v1/red/2024-82528,M,,,,,,,SPA,,"REITERADOS DELITOS DE VIOLACIÓN,
REITERADOS DELITOS DE ATENTADO VIOLENTO AL PUDOR
REITERADOS DELITOS DE ABUSO SEXUAL
REITERADOS DELITOS DE ABUSO SEXUAL ESPECIALMENTE
AGRAVADOS TODOS EN RÉGIMEN DE REITERACIÓN REAL.",Uruguay,
2024/81555,MATÍAS ALEJANDRO,TARTARO FERNÁNDEZ,1988/12/18,UY,https://ws-public.interpol.int/notices/v1/red/2024-81555/images/63282698,https://ws-public.interpol.int/notices/v1/red/2024-81555/images,https://ws-public.interpol.int/notices/v1/red/2024-81555,M,,,,,,,SPA,,"REITERADOS DELITOS DE ABUSO SEXUAL AGRAVADO EN REGIMEN DE
REITERACIÓN REAL ENTRE SI Y EN CONCURRENCIA FORMAL CON REITERADOS DELITOS DE VIOLENCIA HACIA LAS MUJERES BASADA EN GENERO.- En carácter de autor y a titulo de dolo directo.",Uruguay,
2024/79251,NELSON RICARDO,SAUCO GOMEZ,1981/09/15,UY,https://ws-public.interpol.int/notices/v1/red/2024-79251/images/63275621,https://ws-public.interpol.int/notices/v1/red/2024-79251/images,https://ws-public.interpol.int/notices/v1/red/2024-79251,M,,,,,,,SPA,,"Presunta participación en ocho delitos de rapiña en reiteración real, siendo cinco de ellos agravados por la pluriparticipación y el uso de arma, y uno de ellos en grado de tentativa, de acuerdo a los artículos 5, 18, 54, 60, 341 numerales 2do
(uso de arma) y 4 (pluriparticipación).
Se destaca que el indagado cuenta con la calidad de reincidente, de acuerdo con el artículo 48 del Código Penal uruguayo.",Uruguay,
2024/64169,FACUNDO ENRIQUE,SORIA IBAÑEZ,2005/05/05,UY,https://ws-public.interpol.int/notices/v1/red/2024-64169/images/63217926,https://ws-public.interpol.int/notices/v1/red/2024-64169/images,https://ws-public.interpol.int/notices/v1/red/2024-64169,M,,,,,,,SPA,,"CASO 1
Homicidio Especialmente Agravado por cometerse en presencia de menores de edad y muy Especialmente Agravado, por cometerse para asegurar la consumación de otro Delito.",Uruguay,
2024/63353,JAIRO SEBASTIAN,CROSA OLMEDO,1998/01/20,UY,https://ws-public.interpol.int/notices/v1/red/2024-63353/images/63225880,https://ws-public.interpol.int/notices/v1/red/2024-63353/images,https://ws-public.interpol.int/notices/v1/red/2024-63353,M,,,,,,,SPA,,Un Delito de Homicidio muy especialmente agravado en grado de tentativa.,Uruguay,
2024/20094,JOSE LUIS,PARISI ALEGRE,1949/08/19,UY,https://ws-public.interpol.int/notices/v1/red/2024-20094/images/63043990,https://ws-public.interpol.int/notices/v1/red/2024-20094/images,https://ws-public.interpol.int/notices/v1/red/2024-20094,M,,,,,,,SPA,,Un delito de Homicidio Muy Especialmente Agravado.,Uruguay,
2023/35076,JOSE WALTER,BASSANI SACIAS,1939/10/22,UY,https://ws-public.interpol.int/notices/v1/red/2023-35076/images/62762065,https://ws-public.interpol.int/notices/v1/red/2023-35076/images,https://ws-public.interpol.int/notices/v1/red/2023-35076,M,,,,,0.0,0.0,SPA,,REITERADOS DELITOS DE TORTURA Y PRIVACIÓN DE LIBERTAD EN CALIDAD DE COAUTOR,Uruguay,
2023/25342,RUBINSON,ROSA ESCALANTE,1942/07/03,UY,https://ws-public.interpol.int/notices/v1/red/2023-25342/images/62725747,https://ws-public.interpol.int/notices/v1/red/2023-25342/images,https://ws-public.interpol.int/notices/v1/red/2023-25342,M,,,,,,,SPA,,Homicidio muy especialmente agravado.,Uruguay,
2022/86344,MARTIN IGNACIO,GANDOLFO ALZAGA,1979/12/01,UY,https://ws-public.interpol.int/notices/v1/red/2022-86344/images/62643675,https://ws-public.interpol.int/notices/v1/red/2022-86344/images,https://ws-public.interpol.int/notices/v1/red/2022-86344,M,,Uruguay,,,,,,,Organización de las Actividades del Narcotráfico,Uruguay,
2022/86348,RONIE DAMIAN,FERNANDEZ FERNANDEZ,1991/02/28,UY,https://ws-public.interpol.int/notices/v1/red/2022-86348/images/62643684,https://ws-public.interpol.int/notices/v1/red/2022-86348/images,https://ws-public.interpol.int/notices/v1/red/2022-86348,M,,Uruguay,,,,,,,Asistencia de las Actividades del Narcotráfico,Uruguay,
2022/70781,GASTON,FERNANDEZ MIER,1994/06/09,UY,https://ws-public.interpol.int/notices/v1/red/2022-70781/images/62693417,https://ws-public.interpol.int/notices/v1/red/2022-70781/images,https://ws-public.interpol.int/notices/v1/red/2022-70781,M,,,,,0.0,0.0,SPA,,Dos Delitos de Homicidio especialmente agravados. Uno de ellos en grado de tentativa y un delito de Lesiones personales especialmente agravado en régimen de reiteración real,Uruguay,
2022/63991,MIGUEL ALEJANDRO,CURBELO REYES,1967/09/20,UY,https://ws-public.interpol.int/notices/v1/red/2022-63991/images/62568223,https://ws-public.interpol.int/notices/v1/red/2022-63991/images,https://ws-public.interpol.int/notices/v1/red/2022-63991,M,,,,,,,SPA,,REITERADOS DELITOS DE ABUSO SEXUAL,Uruguay,
2022/59604,JESUS MARIA,PEREIRA ROSANO,1979/10/29,UY,https://ws-public.interpol.int/notices/v1/red/2022-59604/images/62543531,https://ws-public.interpol.int/notices/v1/red/2022-59604/images,https://ws-public.interpol.int/notices/v1/red/2022-59604,M,,Uruguay,,,,,,,Rapiña,Uruguay,
2022/59650,ALEJANDRO WASHINGTON,SALINAS SILVA,1977/11/10,UY,https://ws-public.interpol.int/notices/v1/red/2022-59650/images/62543490,https://ws-public.interpol.int/notices/v1/red/2022-59650/images,https://ws-public.interpol.int/notices/v1/red/2022-59650,M,,,['BRO'],['BRO'],1.67,,"POR, SPA",Piel Blanca,Un Delito de Homicidio,Uruguay,
2022/47097,JONATAN ALEXANDER,FLABIA SUAREZ,1988/10/06,UY,https://ws-public.interpol.int/notices/v1/red/2022-47097/images/62494601,https://ws-public.interpol.int/notices/v1/red/2022-47097/images,https://ws-public.interpol.int/notices/v1/red/2022-47097,M,Rivera,Uruguay,,,,,"SPA, POR",,Agravatted roberry.,Brazil,
2022/30714,JORGE MARCELO,PAIS DIAZ,1976/12/07,UY,https://ws-public.interpol.int/notices/v1/red/2022-30714/images/62440876,https://ws-public.interpol.int/notices/v1/red/2022-30714/images,https://ws-public.interpol.int/notices/v1/red/2022-30714,M,,,,,,,SPA,tez trigueña,Un Delito continuaado de Importación y Comerzalización de Estupefacientes agravado por haberse cometido por un grupo Organizado.,Uruguay,
2022/12874,SEBASTIAN ENRIQUE,MARSET CABRERA,1991/04/10,UY,https://ws-public.interpol.int/notices/v1/red/2022-12874/images/62376281,https://ws-public.interpol.int/notices/v1/red/2022-12874/images,https://ws-public.interpol.int/notices/v1/red/2022-12874,M,MONTEVIDEO,Uruguay,,,0.0,0.0,SPA,,"TRAFICO ILICITO DE ESTUPEFACIENTES Y DROGAS PELIGROSAS, ASOCIACION CRIMINAL Y LAVADO DE DINERO.",Paraguay,
2021/84054,DANIEL ENRIQUE,CARDOZO FARIÑA,1959/07/18,UY,,https://ws-public.interpol.int/notices/v1/red/2021-84054/images,https://ws-public.interpol.int/notices/v1/red/2021-84054,M,Montevideo,Uruguay,,,,,,,ABUSO SEXUAL GRAVEMENTE ULTRAJANTE POR LAS CIRCUNSTANCIAS DE SU REALIZACIÓN Y ABUSO SEXUAL CON ACCESO CARNAL (REITERADO) EN CONCURSO REAL,Argentina,
2021/75051,EDGAR GONZALO,PINTOS MONTERO,1979/01/17,UY,https://ws-public.interpol.int/notices/v1/red/2021-75051/images/62311920,https://ws-public.interpol.int/notices/v1/red/2021-75051/images,https://ws-public.interpol.int/notices/v1/red/2021-75051,M,,,['GRE'],['BRO'],1.83,,SPA,"ojos verdosos,
tatuaje en brazo derecho 
cicatríz en antebrazo derecho",REITERADOS DELITOS DE ATENTADO VIOLENTO AL PUDOR AGRAVADOS por ser las víctimas menores de 12 años en régimen de reiteración real con REITERADOS DELITOS DE ABUSO SEXUAL AGRAVADOS,Uruguay,
2021/75211,CARLOS RICARDO,VELAZCO NUÑEZ,1994/01/29,UY,https://ws-public.interpol.int/notices/v1/red/2021-75211/images/62298616,https://ws-public.interpol.int/notices/v1/red/2021-75211/images,https://ws-public.interpol.int/notices/v1/red/2021-75211,M,RIVERA,Uruguay,,,0.0,0.0,"SPA, POR",,International drug trafficking and illegal possession of firearm.,Brazil,
2021/66631,JULIO SEBASTIAN,MONTENEGRO NUÑEZ,1988/01/07,UY,https://ws-public.interpol.int/notices/v1/red/2021-66631/images/62283311,https://ws-public.interpol.int/notices/v1/red/2021-66631/images,https://ws-public.interpol.int/notices/v1/red/2021-66631,M,Rocha,Uruguay,,,,,SPA,,Homicidio Especialmente Agravado,Uruguay,
2021/62422,GERARDO,VIERA MENDOÇA,1975/11/25,UY,https://ws-public.interpol.int/notices/v1/red/2021-62422/images/62255531,https://ws-public.interpol.int/notices/v1/red/2021-62422/images,https://ws-public.interpol.int/notices/v1/red/2021-62422,M,,,,,,,SPA,,Un Delito de Homicidio,Uruguay,
2012/327756,MANUEL JUAN,CORDERO PIACENTINI,1938/09/15,UY,https://ws-public.interpol.int/notices/v1/red/2012-327756/images/57342495,https://ws-public.interpol.int/notices/v1/red/2012-327756/images,https://ws-public.interpol.int/notices/v1/red/2012-327756,M,MONTEVIDEO,Uruguay,,,0.0,0.0,,,Homicidio Especialmente Agravado,Uruguay,
2020/52306,ALEXIS HEBER,PARODI GIORDANO,1948/10/25,UY,,https://ws-public.interpol.int/notices/v1/red/2020-52306/images,https://ws-public.interpol.int/notices/v1/red/2020-52306,M,MONTEVIDEO,Uruguay,,,0.0,0.0,"ENG, SPA",,Homicidio muy Especialmente Agravado,Uruguay,
2019/129500,LUIS GABRIEL,VELAZQUEZ OJEDA,1996/11/15,UY,https://ws-public.interpol.int/notices/v1/red/2019-129500/images/61666965,https://ws-public.interpol.int/notices/v1/red/2019-129500/images,https://ws-public.interpol.int/notices/v1/red/2019-129500,M,,Uruguay,,,,,SPA,,Delito de Rapiña Especialmente Agravado,Uruguay,
2019/105780,DANIEL HERNAN,MIRANDA ALVARADO,1956/08/20,UY,https://ws-public.interpol.int/notices/v1/red/2019-105780/images/61587597,https://ws-public.interpol.int/notices/v1/red/2019-105780/images,https://ws-public.interpol.int/notices/v1/red/2019-105780,M,,,,,,,SPA,,REITERADOS DELITOS DE ABUSO SEXUAL (ATENTADO VIOLENTO AL PUDOR),Uruguay,
2019/95185,MOISES,KLEINICKE DUARTE,1981/07/31,"BR, UY",https://ws-public.interpol.int/notices/v1/red/2019-95185/images/61556087,https://ws-public.interpol.int/notices/v1/red/2019-95185/images,https://ws-public.interpol.int/notices/v1/red/2019-95185,M,,,,,0.0,0.0,"POR, SPA",,Homicidio,Uruguay,
2019/90360,PEDRO ANTONIO,MATO NARBONDO,1941/09/29,UY,https://ws-public.interpol.int/notices/v1/red/2019-90360/images/61535359,https://ws-public.interpol.int/notices/v1/red/2019-90360/images,https://ws-public.interpol.int/notices/v1/red/2019-90360,M,,Uruguay,,,,,,,HOMICIDIO MUY ESPECIALMENTE AGRAVADO,Uruguay,
2019/80878,JULIO WALTER,GUILLEN BUSTAMANTE,1973/05/12,UY,,https://ws-public.interpol.int/notices/v1/red/2019-80878/images,https://ws-public.interpol.int/notices/v1/red/2019-80878,M,,Uruguay,,,0.0,0.0,,,HOMICIDIO AGRAVADO POR SER COMETIDO CONTRA SU EXPAREJA Y POR HABER MEDIADO VIOLENCIA DE GENERO EN GRADO DE TENTATIVA EN CONCURSO REAL CON AMENAZAS.,Argentina,
2018/90063,NESTOR LEONEL,COLMAN CORREA,1972/11/14,UY,https://ws-public.interpol.int/notices/v1/red/2018-90063/images/61498811,https://ws-public.interpol.int/notices/v1/red/2018-90063/images,https://ws-public.interpol.int/notices/v1/red/2018-90063,M,LAVALLEJA,Uruguay,,,0.0,0.0,SPA,,autoría de un delito de trasporte e importación de sustancias estupefacientes prohibidas.,Uruguay,
2016/58272,DAIBEL SEBASTIAN,CAITANO COUSTE,1981/02/23,UY,https://ws-public.interpol.int/notices/v1/red/2016-58272/images/60175865,https://ws-public.interpol.int/notices/v1/red/2016-58272/images,https://ws-public.interpol.int/notices/v1/red/2016-58272,M,,Uruguay,,,0.0,0.0,SPA,,UN DELITO DE ASISTENCIA AL LAVADO DE ACTIVOS,Uruguay,
2017/289899,DANIEL ALBERTO,NUÑEZ ACOSTA,1967/03/18,UY,,https://ws-public.interpol.int/notices/v1/red/2017-289899/images,https://ws-public.interpol.int/notices/v1/red/2017-289899,M,,Uruguay,,,,,,,ROBO EN POBLADO Y EN BANDA,Argentina,
2017/202537,PABLO DAVID,LOPEZ RIVERO,1983/06/27,UY,https://ws-public.interpol.int/notices/v1/red/2017-202537/images/60758128,https://ws-public.interpol.int/notices/v1/red/2017-202537/images,https://ws-public.interpol.int/notices/v1/red/2017-202537,M,,Uruguay,,,0.0,0.0,SPA,,Autoría de un delito de homicidio muy especialmente agravado.,Uruguay,
2015/44701,ERIK LENIN,MARANO PUNSCHKE,1995/02/16,UY,https://ws-public.interpol.int/notices/v1/red/2015-44701/images/61496952,https://ws-public.interpol.int/notices/v1/red/2015-44701/images,https://ws-public.interpol.int/notices/v1/red/2015-44701,M,MONTEVIDEO,Uruguay,,,0.0,0.0,,,"Homicidio
Lesiones",Uruguay,
2014/67594,MAXIM,MYASNIKOV,1976/11/18,"UY, RU",https://ws-public.interpol.int/notices/v1/red/2014-67594/images/59648598,https://ws-public.interpol.int/notices/v1/red/2014-67594/images,https://ws-public.interpol.int/notices/v1/red/2014-67594,M,LENINABAD TOWN,Tajikistan,,,1.8,,RUS,,attempted murder of two persons for mercenary motives committed by a group person under a preliminary conspiracy; murder for mercenary motives committed by a group person under a preliminary conspiracy;,Russia,
2008/39588,JHONNY HEBER,SOLIS GONZALEZ,1975/09/05,UY,https://ws-public.interpol.int/notices/v1/red/2008-39588/images/54089368,https://ws-public.interpol.int/notices/v1/red/2008-39588/images,https://ws-public.interpol.int/notices/v1/red/2008-39588,M,SALTO,Uruguay,,,0.0,0.0,SPA,,Abuso sexual,Argentina,
