entity_id,forename,name,date_of_birth,nationalities,thumbnail,images,self_link,sex_id,place_of_birth,country_of_birth,eyes_colors_id,hairs_id,height,weight,languages_spoken_ids,distinguishing_marks,arrest_charge,arrest_issuing_country,arrest_charge_translation
2014/76856,IVAN,GUSAN,1971/12/17,"RO, MD",https://ws-public.interpol.int/notices/v1/red/2014-76856/images/61639271,https://ws-public.interpol.int/notices/v1/red/2014-76856/images,https://ws-public.interpol.int/notices/v1/red/2014-76856,M,"VARZARESTII NOI VILLAGE, CALARASI DEPARTEMENT",Moldova,,,,,"RUS, RUM",,Blackmail committed on an especially large scale by an organized criminal group,Moldova,
2022/46004,VLADIMIR,PLAHOTNIUC,1966/01/01,"RO, MD, RU, MX",https://ws-public.interpol.int/notices/v1/red/2022-46004/images/62490296,https://ws-public.interpol.int/notices/v1/red/2022-46004/images,https://ws-public.interpol.int/notices/v1/red/2022-46004,M,"Pitusca village, Calarasi district",Moldova,,,,,"ENG, RUS, RUM",,"Penal case no 2014978151:

Creating or Leading a Criminal Organization; Prolonged Crime; Participants; Fraud,Prolonged Crime; Money Laundering; Prolonged Crime;Participants;Fraud;Prolonged Crime, Money Laundering.",Moldova,
2019/72193,VICTOR,APOSTOLIUC,1976/09/03,MD,https://ws-public.interpol.int/notices/v1/red/2019-72193/images/61482590,https://ws-public.interpol.int/notices/v1/red/2019-72193/images,https://ws-public.interpol.int/notices/v1/red/2019-72193,M,"Malaiesti village, Grigoriopol district",Moldova,['BLU'],['YELB'],1.85,85.0,"ENG, RUS, RUM",,Aggravated Deliberate Murder,Moldova,
2022/55928,SERGHEI,CAPSAMUN,1991/05/09,MD,https://ws-public.interpol.int/notices/v1/red/2022-55928/images/62526286,https://ws-public.interpol.int/notices/v1/red/2022-55928/images,https://ws-public.interpol.int/notices/v1/red/2022-55928,M,"Khabarovsk region, Sovetskaya Gavan town",Russia,['OTHD'],['OTHD'],1.7,,"MOL, RUS",,Assault with robbery by an organized group  scale.,Russia,
2022/7264,DMITRI,BEJENARI,1990/01/01,MD,https://ws-public.interpol.int/notices/v1/red/2022-7264/images/62356148,https://ws-public.interpol.int/notices/v1/red/2022-7264/images,https://ws-public.interpol.int/notices/v1/red/2022-7264,M,GAIDAR SETTLEMENT/СADIR-LUNGA DISTRICT,Moldova,['BROH'],['BROF'],1.7,,RUS,,"Robbery committed by a group of persons by previous concert, with illegal entry into a home, with the use of objects used as weapons, in an especially large scale.",Russia,
2017/126585,VALERIU,PARFENI,1959/12/05,MD,https://ws-public.interpol.int/notices/v1/red/2017-126585/images/60550994,https://ws-public.interpol.int/notices/v1/red/2017-126585/images,https://ws-public.interpol.int/notices/v1/red/2017-126585,M,VELCHINETS VILLAGE,Moldova,,,0.0,0.0,"RUS, MOL, SPA",,"Creation of a criminal community (criminal organization) and participation therein, smuggling narcotic agents, psychotropic substances, precursors and analogues thereof, plants containing narcotic agents, psychotropic substances or their precursors, or parts thereof containing narcotic agents, psychotropic substances or their precursors, instruments or equipment which are under special control and are used for making narcotic agents or psychotropic substances, illegal making, sale or dispatch of narcotic drugs, psychotropic substances or analogues thereof, as well as illegal sale or dispatch of plants containing narcotics or psychotropic substances, or parts thereof containing narcotics or psychotropic substances",Russia,
2017/126587,ANTON,ZAKHAROV,1991/02/09,"MD, RU, RO",https://ws-public.interpol.int/notices/v1/red/2017-126587/images/60551003,https://ws-public.interpol.int/notices/v1/red/2017-126587/images,https://ws-public.interpol.int/notices/v1/red/2017-126587,M,DELAKEU VILLAGE,Moldova,,,0.0,0.0,"SPA, MOL, RUS",,"Creation of a criminal community (criminal organization) and participation therein, smuggling narcotic agents, psychotropic substances, precursors and analogues thereof, plants containing narcotic agents, psychotropic substances or their precursors, or parts thereof containing narcotic agents, psychotropic substances or their precursors, instruments or equipment which are under special control and are used for making narcotic agents or psychotropic substances, illegal making, sale or dispatch of narcotic drugs, psychotropic substances or analogues thereof, as well as illegal sale or dispatch of plants containing narcotics or psychotropic substances, or parts thereof containing narcotics or psychotropic substances",Russia,
2018/2686,NIKOLAE,ZAHAROV,1968/06/10,MD,https://ws-public.interpol.int/notices/v1/red/2018-2686/images/61875273,https://ws-public.interpol.int/notices/v1/red/2018-2686/images,https://ws-public.interpol.int/notices/v1/red/2018-2686,M,"GRIGORIOPOLSKY DISTRICT, DELAKEY VILLAGE",Moldova,['BROH'],,1.75,0.0,"MOL, SPA",,"1) organization of a criminal community; 2) illegal making, sale or dispatch of narcotic drugs, psychotropic substances in extremely large-scale; 3) drugs smuggling",Russia,
2018/2688,GHENNADIE,VECHIU,1975/08/29,MD,https://ws-public.interpol.int/notices/v1/red/2018-2688/images/62923795,https://ws-public.interpol.int/notices/v1/red/2018-2688/images,https://ws-public.interpol.int/notices/v1/red/2018-2688,M,TELENESHTI,Moldova,['BROH'],,1.8,0.0,"MOL, SPA",,take part in the Criminal Community (Criminal Organization); smuggling of the narcotic drugs by an organized group; preparation of illegal sale of drugs or psyhotropic substances in extremely large amount by the organized group;,Russia,
2006/38022,VASILI,LUTSA,1978/01/09,MD,,https://ws-public.interpol.int/notices/v1/red/2006-38022/images,https://ws-public.interpol.int/notices/v1/red/2006-38022,M,VORNICHEN / STRASHENSKI,Moldova,,,,,,,MURDER WITH SELFISH ENDS,Russia,
2015/72639,TUDOR,DRUTA,1985/12/08,MD,https://ws-public.interpol.int/notices/v1/red/2015-72639/images/60115507,https://ws-public.interpol.int/notices/v1/red/2015-72639/images,https://ws-public.interpol.int/notices/v1/red/2015-72639,M,CALARASI REGION,Moldova,,,0.0,0.0,"RUS, RUM",,complicity to aggravated robbery followed by the victim’s decease,Romania,
2015/72647,GRIGORE,DRUTA,1983/02/19,MD,https://ws-public.interpol.int/notices/v1/red/2015-72647/images/59928266,https://ws-public.interpol.int/notices/v1/red/2015-72647/images,https://ws-public.interpol.int/notices/v1/red/2015-72647,M,CALARASI REGION,Moldova,,,0.0,0.0,"RUM, RUS",,COMPLICITY TO AGGRAVATED ROBBERY FOLLOWED BY THE VICTIM'S DECEASED,Romania,
2016/38664,ANDREI,TROFIM,1973/07/28,"RO, MD",https://ws-public.interpol.int/notices/v1/red/2016-38664/images/60107158,https://ws-public.interpol.int/notices/v1/red/2016-38664/images,https://ws-public.interpol.int/notices/v1/red/2016-38664,M,ULMU VILLAGE,Moldova,,,0.0,0.0,RUM,,"MURDER;
AGGRAVATED ROBBERY",Romania,
2015/55886,MIHAIL,GHIMISLI,1981/11/10,"RO, MD",https://ws-public.interpol.int/notices/v1/red/2015-55886/images/59872386,https://ws-public.interpol.int/notices/v1/red/2015-55886/images,https://ws-public.interpol.int/notices/v1/red/2015-55886,M,"KOMRATSKIY DISTRICT, CHOCK-MAYDAN VILLAGE",Moldova,,['BLA'],1.75,,"RUS, MOL",,Robbery with violence committed by an organized group for the purpose of obtaining property on a large scale,Russia,
2015/52130,IVAN,GRIGOR,1963/10/13,"RO, MD",https://ws-public.interpol.int/notices/v1/red/2015-52130/images/59861090,https://ws-public.interpol.int/notices/v1/red/2015-52130/images,https://ws-public.interpol.int/notices/v1/red/2015-52130,M,CIUTULESTI,Moldova,,,0.0,0.0,RUM,,"SETTING UP AN ORGANIZED CRIMINAL GROUP, TAX EVASION, INSTIGATION TO MONEY LAUDERING",Romania,
2015/25169,ION,PERJU,1983/10/12,MD,https://ws-public.interpol.int/notices/v1/red/2015-25169/images/59773192,https://ws-public.interpol.int/notices/v1/red/2015-25169/images,https://ws-public.interpol.int/notices/v1/red/2015-25169,M,TELENESTI,Moldova,['BROH'],,1.79,0.0,RUM,,"Intentional Severe Bodily Injury or Damage to Health, Excess of Power or Excess of Official Authority",Moldova,
2009/8690,NIKOLAY,SAVACHENKO,1975/04/25,MD,https://ws-public.interpol.int/notices/v1/red/2009-8690/images/54090519,https://ws-public.interpol.int/notices/v1/red/2009-8690/images,https://ws-public.interpol.int/notices/v1/red/2009-8690,M,MANTA VILLAGE/KAGULSKY DISTRICT,Moldova,,['GRY'],,,,,MURDER,Russia,
2003/29443,ALEXANDER,LAKUSTA,1981/09/14,"MD, RU",https://ws-public.interpol.int/notices/v1/red/2003-29443/images/61149628,https://ws-public.interpol.int/notices/v1/red/2003-29443/images,https://ws-public.interpol.int/notices/v1/red/2003-29443,M,Chisinau,Moldova,,['BLA'],,,,,Murder,Russia,
2004/52070,DMITRII,SOIN,1969/08/07,MD,https://ws-public.interpol.int/notices/v1/red/2004-52070/images/61400799,https://ws-public.interpol.int/notices/v1/red/2004-52070/images,https://ws-public.interpol.int/notices/v1/red/2004-52070,M,Tiraspol,Moldova,,['BRO'],1.8,85.0,"RUS, RUM, UKR",Wears glasses,Murder,Moldova,
1999/32498,NICOLAE,CONDURACHE,1969/12/17,"RO, MD",https://ws-public.interpol.int/notices/v1/red/1999-32498/images/61359044,https://ws-public.interpol.int/notices/v1/red/1999-32498/images,https://ws-public.interpol.int/notices/v1/red/1999-32498,M,"Siscani, Nisporeni",Moldova,['BLU'],,1.73,75.0,"RUM, RUS",,Aggravated murder,Moldova,
2003/11390,SERGHEI,PODCIUFAROV,1962/01/24,MD,https://ws-public.interpol.int/notices/v1/red/2003-11390/images/61495308,https://ws-public.interpol.int/notices/v1/red/2003-11390/images,https://ws-public.interpol.int/notices/v1/red/2003-11390,M,CHISINAU,Moldova,['BLU'],,1.9,0.0,"RUM, RUS",,-,Moldova,
2003/45278,SERGHEI,ALEXANDROV,1965/01/24,MD,https://ws-public.interpol.int/notices/v1/red/2003-45278/images/61549530,https://ws-public.interpol.int/notices/v1/red/2003-45278/images,https://ws-public.interpol.int/notices/v1/red/2003-45278,M,Chisinau,Moldova,['BROH'],,1.74,,"RUM, RUS",,Large-scale embezzlement,Moldova,
