entity_id,forename,name,date_of_birth,nationalities,thumbnail,images,self_link,sex_id,place_of_birth,country_of_birth,eyes_colors_id,hairs_id,height,weight,languages_spoken_ids,distinguishing_marks,arrest_charge,arrest_issuing_country,arrest_charge_translation
2024/19936,EDEN,ROSARIO,1962/05/02,PH,https://ws-public.interpol.int/notices/v1/red/2024-19936/images/63053472,https://ws-public.interpol.int/notices/v1/red/2024-19936/images,https://ws-public.interpol.int/notices/v1/red/2024-19936,F,"PARAÑAQUE CITY, NATIONAL CAPITAL REGION",Philippines,['BLA'],['BRO'],1.57,60.0,"TGL, ENG",,"Slight Illegal Detention;
Carnapping; and
Robbery with Violence Against or Intimidation of Person",Philippines,
2024/25966,TEDDY JAY,MEJIA,1991/10/29,PH,https://ws-public.interpol.int/notices/v1/red/2024-25966/images/63053516,https://ws-public.interpol.int/notices/v1/red/2024-25966/images,https://ws-public.interpol.int/notices/v1/red/2024-25966,M,"DUPAX DEL NORTE, NUEVA VIZCAYA",Philippines,['BLA'],['BLA'],0.0,65.0,"ENG, TGL",,"1. Qualified Trafficking in Person;
2. Online Sexual Abuse or Exploitation of Children; and
3. Statutory Rape.",Philippines,
2018/14636,JASPER ABRINGE,DELOS ANGELES,1988/10/14,PH,https://ws-public.interpol.int/notices/v1/red/2018-14636/images/60960845,https://ws-public.interpol.int/notices/v1/red/2018-14636/images,https://ws-public.interpol.int/notices/v1/red/2018-14636,M,"CORON, PALAWAN",Philippines,['BLA'],['BLA'],0.0,0.0,"TGL, ENG",,RAPE,Philippines,
2018/2936,CHERYL SALDIVAR ARAGO,CAPILI,1956/07/28,PH,https://ws-public.interpol.int/notices/v1/red/2018-2936/images/60918220,https://ws-public.interpol.int/notices/v1/red/2018-2936/images,https://ws-public.interpol.int/notices/v1/red/2018-2936,F,CAMARINES NORTE,Philippines,['BLA'],['BLA'],,,"ENG, TGL",,Qualified Theft through Falsification of a Commercial Document,Philippines,
2017/283438,OSCAR PAUL BIALOGLOVSKI,VALLE,1980/11/30,PH,https://ws-public.interpol.int/notices/v1/red/2017-283438/images/60876872,https://ws-public.interpol.int/notices/v1/red/2017-283438/images,https://ws-public.interpol.int/notices/v1/red/2017-283438,M,QUEZON CITY,Philippines,['BLA'],['BLA'],1.68,67.0,"ENG, TGL",,Sexual Abuse,Philippines,
2017/199266,JOHN G.,PANALIGAN,1966/10/20,"PH, US",https://ws-public.interpol.int/notices/v1/red/2017-199266/images/60746314,https://ws-public.interpol.int/notices/v1/red/2017-199266/images,https://ws-public.interpol.int/notices/v1/red/2017-199266,M,MANILA,Philippines,['BRO'],['BLA'],1.65,63.0,"SPA, ENG, TGL","PANALIGAN may: have a scar on his neck; be bald; and have facial hair, including a beard or goatee.",First Degree Murder,United States of America,
2017/124954,MARIA KATHRINA KATLEEN MALIGRO,MOUNTNEY,1987/09/14,PH,https://ws-public.interpol.int/notices/v1/red/2017-124954/images/60545944,https://ws-public.interpol.int/notices/v1/red/2017-124954/images,https://ws-public.interpol.int/notices/v1/red/2017-124954,F,"DIPOLOG, ZAMBOANGA DEL NORTE",Philippines,['BLA'],['BLA'],1.58,0.0,"ENG, TGL",,Attempted Parricide,Philippines,
2012/2988,RENE R.,VELASCO,1968/05/24,PH,https://ws-public.interpol.int/notices/v1/red/2012-2988/images/56593069,https://ws-public.interpol.int/notices/v1/red/2012-2988/images,https://ws-public.interpol.int/notices/v1/red/2012-2988,M,"LOURDES, BAMBAN, TARLAC, PHILIPPINES",Philippines,['BRO'],['BLA'],1.55,52.0,"PHI, ENG","VELASCO's height and weight are from 1987, when he was about 19 years old.",Aggravated murder,United States of America,
2010/3616,KINO MICHAEL,GOMEZ,1952/05/09,"US, PH",https://ws-public.interpol.int/notices/v1/red/2010-3616/images/54302446,https://ws-public.interpol.int/notices/v1/red/2010-3616/images,https://ws-public.interpol.int/notices/v1/red/2010-3616,M,,Philippines,['BRO'],['BLA'],1.63,68.0,"ENG, PHI",GOMEZ HAS A SCAR ON HIS ABDOMEN.  ,"1) FIRST DEGREE MURDER
2) SECOND DEGREE MURDER (IN THE ALTERNATIVE)
3) RECKLESS ENDANGERMENT (2 COUNTS)
",United States of America,
2008/18128,EMMANUEL OLILANG,OMEMAGA,1958/10/29,PH,https://ws-public.interpol.int/notices/v1/red/2008-18128/images/53932219,https://ws-public.interpol.int/notices/v1/red/2008-18128/images,https://ws-public.interpol.int/notices/v1/red/2008-18128,M,SAPIAN CAPIZ,Philippines,['BRO'],['BLA'],1.675,72.5,"TGL, ENG",,"1) Lewd and lascivious acts upon a child 14 or 15 years of age (2 counts) ; 
2) Oral copulation of a person under the age of 18 (4 counts) ; 
3) Penetration by foreign object of a person under the age of 16 (9 counts) ; 
4) Unlawful sexual intercourse with a person under the age of 18 (8 counts) 
5) Employment of minor to perform prohibited acts (2 counts) ; 
6) Forcible rape (1 count) ; 
7) Sodomy of a person under the age of 18 (3 counts)      
",United States of America,
2007/22985,ABELARDO MARIANO,TASA,1946/04/20,PH,https://ws-public.interpol.int/notices/v1/red/2007-22985/images/61238534,https://ws-public.interpol.int/notices/v1/red/2007-22985/images,https://ws-public.interpol.int/notices/v1/red/2007-22985,M,,Philippines,['BLA'],['BLA'],1.775,69.5,"TGL, ENG",TASA is believed to be bald or balding,"(1) Murder (1 Count);  
(2) Conspiracy to commit murder (1 Count)",United States of America,
