entity_id,forename,name,date_of_birth,nationalities,thumbnail,images,self_link,sex_id,place_of_birth,country_of_birth,eyes_colors_id,hairs_id,height,weight,languages_spoken_ids,distinguishing_marks,arrest_charge,arrest_issuing_country,arrest_charge_translation
2023/51343,NIKOLA,VRABEC,1983/03/05,HR,https://ws-public.interpol.int/notices/v1/red/2023-51343/images/62820660,https://ws-public.interpol.int/notices/v1/red/2023-51343/images,https://ws-public.interpol.int/notices/v1/red/2023-51343,M,,,,,,,,,Exceptionally gross narcotics smuggling. Exceptionally gross narcotics offence,Sweden,
2019/16654,IVICA,KOLOBARA,1964/12/23,"HR, BA",https://ws-public.interpol.int/notices/v1/red/2019-16654/images/61279720,https://ws-public.interpol.int/notices/v1/red/2019-16654/images,https://ws-public.interpol.int/notices/v1/red/2019-16654,M,MOSTAR,Bosnia & Herzegovina,,,0.0,0.0,,,"CRIMES AGAINST HUMANITY, WAR CRIME AGAINST CIVILIAN POPULATION",Bosnia & Herzegovina,
2018/92077,ZDENKO,GRBAVAC,1967/10/21,"BA, HR",https://ws-public.interpol.int/notices/v1/red/2018-92077/images/61201981,https://ws-public.interpol.int/notices/v1/red/2018-92077/images,https://ws-public.interpol.int/notices/v1/red/2018-92077,M,SARAJEVO,Bosnia & Herzegovina,,,0.0,0.0,HRV,,CRIMES AGAINST HUMANITY,Bosnia & Herzegovina,
2018/84804,MLADEN,MILANOVIC,1963/10/02,HR,https://ws-public.interpol.int/notices/v1/red/2018-84804/images/61179894,https://ws-public.interpol.int/notices/v1/red/2018-84804/images,https://ws-public.interpol.int/notices/v1/red/2018-84804,M,NOVA GRADISKA,Croatia,,,,,,,MURDER,Bosnia & Herzegovina,
2017/285405,EKREM,MELKIC,1948/03/20,"HR, BA",https://ws-public.interpol.int/notices/v1/red/2017-285405/images/60910231,https://ws-public.interpol.int/notices/v1/red/2017-285405/images,https://ws-public.interpol.int/notices/v1/red/2017-285405,M,"TODOROVO, MUNICIPALITE DE VELIKA KLADUŠA",Bosnia & Herzegovina,,,0.0,0.0,,,- CRIMES DE GUERRE CONTRE LES CIVILS,Bosnia & Herzegovina,
2017/205073,ILIJA,JURIC,1963/07/20,"BA, HR",https://ws-public.interpol.int/notices/v1/red/2017-205073/images/60766605,https://ws-public.interpol.int/notices/v1/red/2017-205073/images,https://ws-public.interpol.int/notices/v1/red/2017-205073,M,POSAVSKA MAHALA,Bosnia & Herzegovina,,,0.0,0.0,,,- CRIME DE GUERRE CONTRE LES CIVILS,Bosnia & Herzegovina,
2016/15361,ANTO,KURDIJA,1953/09/20,"HR, BA",https://ws-public.interpol.int/notices/v1/red/2016-15361/images/60028503,https://ws-public.interpol.int/notices/v1/red/2016-15361/images,https://ws-public.interpol.int/notices/v1/red/2016-15361,M,NOVO SELO,Bosnia & Herzegovina,,,0.0,0.0,,,WAR CRIME AGAINST CIVILIAN POPULATION,Bosnia & Herzegovina,
2014/53589,BOJAN,DRAGICEVIC,1981/02/16,HR,https://ws-public.interpol.int/notices/v1/red/2014-53589/images/59599697,https://ws-public.interpol.int/notices/v1/red/2014-53589/images,https://ws-public.interpol.int/notices/v1/red/2014-53589,M,GRACAC,Croatia,,,0.0,0.0,,,ROBBERY,Croatia,
2015/74874,ALBERT,TOPIC,1971/12/07,"AT, BA, HR",https://ws-public.interpol.int/notices/v1/red/2015-74874/images/59935235,https://ws-public.interpol.int/notices/v1/red/2015-74874/images,https://ws-public.interpol.int/notices/v1/red/2015-74874,M,WIEN,Austria,,,0.0,0.0,"HRV, SRP",,WAR CRIME AGAINST CIVILIAN POPULATION,Bosnia & Herzegovina,
2015/63501,NEDJELJKO,MATIC,1964/07/05,"BA, HR",https://ws-public.interpol.int/notices/v1/red/2015-63501/images/59898111,https://ws-public.interpol.int/notices/v1/red/2015-63501/images,https://ws-public.interpol.int/notices/v1/red/2015-63501,M,"VELJACI, LJUBUSKI MUNICIPALITY",Bosnia & Herzegovina,,,0.0,0.0,HRV,,CRIMES AGAINST HUMANITY; WAR CRIMES AGAINST PRISONERS OF WAR,Bosnia & Herzegovina,
2014/69396,JOZO,BRICO,1968/03/03,"BA, HR",https://ws-public.interpol.int/notices/v1/red/2014-69396/images/59654545,https://ws-public.interpol.int/notices/v1/red/2014-69396/images,https://ws-public.interpol.int/notices/v1/red/2014-69396,M,DERVENTA,Bosnia & Herzegovina,,,0.0,0.0,,,"WAR CRIME AGAINST CIVILIANS, GRAVE VIOLATION OF INTERNATIONAL HUMANITARIAN LAW",Bosnia & Herzegovina,
2012/293024,MLADEN,MARKOVIC,1973/04/29,"HR, BA",https://ws-public.interpol.int/notices/v1/red/2012-293024/images/59748311,https://ws-public.interpol.int/notices/v1/red/2012-293024/images,https://ws-public.interpol.int/notices/v1/red/2012-293024,M,"BLAZEVAC, MUNICIPALITY GRADACAC",Bosnia & Herzegovina,,,0.0,0.0,,,Unauthorized trade of narcotic drugs,Bosnia & Herzegovina,
2011/57807,PERO,MAJIC,1972/01/29,"BA, HR",https://ws-public.interpol.int/notices/v1/red/2011-57807/images/56145969,https://ws-public.interpol.int/notices/v1/red/2011-57807/images,https://ws-public.interpol.int/notices/v1/red/2011-57807,M,"BARE, KONJIC MUNICIPALITY",Bosnia & Herzegovina,,,0.0,0.0,,,ATTEMPTED MURDER,Bosnia & Herzegovina,
2011/32453,MIRSAD,SMAJIC,1964/07/27,HR,https://ws-public.interpol.int/notices/v1/red/2011-32453/images/55423909,https://ws-public.interpol.int/notices/v1/red/2011-32453/images,https://ws-public.interpol.int/notices/v1/red/2011-32453,M,"DABOVCI, KOTOR VAROS",Bosnia & Herzegovina,,,0.0,0.0,,,WAR CRIME AGAINST CIVILIANS,Bosnia & Herzegovina,
