entity_id,forename,name,date_of_birth,nationalities,thumbnail,images,self_link,sex_id,place_of_birth,country_of_birth,eyes_colors_id,hairs_id,height,weight,languages_spoken_ids,distinguishing_marks,arrest_charge,arrest_issuing_country,arrest_charge_translation
2024/42306,VUK,LALATOVIC,1999/08/10,ME,https://ws-public.interpol.int/notices/v1/red/2024-42306/images/63118870,https://ws-public.interpol.int/notices/v1/red/2024-42306/images,https://ws-public.interpol.int/notices/v1/red/2024-42306,M,NIKSIC,Montenegro,,,0.0,0.0,,,"Criminal Enterprise
Aggravated Homicide
Unlawful Keeping of Weapons and Explosive Substances",Montenegro,
2024/56201,NIKOLA,DRECUN,1993/05/03,ME,https://ws-public.interpol.int/notices/v1/red/2024-56201/images/63179085,https://ws-public.interpol.int/notices/v1/red/2024-56201/images,https://ws-public.interpol.int/notices/v1/red/2024-56201,M,CETINJE,Montenegro,,,0.0,0.0,,,Aggravated murder in conjuction with criminal offence aggravated attempted murder and illegal possession and carrying of weapons and explosive substances,Montenegro,
2024/13480,RADOJE,ZVICER,1982/12/20,ME,https://ws-public.interpol.int/notices/v1/red/2024-13480/images/63005593,https://ws-public.interpol.int/notices/v1/red/2024-13480/images,https://ws-public.interpol.int/notices/v1/red/2024-13480,M,KOTOR,Montenegro,,,0.0,0.0,,,Drug trafficking,Austria,
2023/67092,NENAD,KALUDEROVIC,1972/09/01,ME,https://ws-public.interpol.int/notices/v1/red/2023-67092/images/62879052,https://ws-public.interpol.int/notices/v1/red/2023-67092/images,https://ws-public.interpol.int/notices/v1/red/2023-67092,M,Cetinje,Montenegro,,,,,,,"1. ESTABLISHMENT OF CRIMINAL ORGANIZATION 
2. AGGRAVATED MURDER IN COMPLICITY",Montenegro,
2023/50792,ALEKSANDAR,MRKIC,1965/07/01,ME,https://ws-public.interpol.int/notices/v1/red/2023-50792/images/63549628,https://ws-public.interpol.int/notices/v1/red/2023-50792/images,https://ws-public.interpol.int/notices/v1/red/2023-50792,M,NIKSIC,Montenegro,,,0.0,0.0,,,"1.Smuggling
2.Money Laundering",Montenegro,
2010/44131,SATKO,ADROVIC,1965/01/01,ME,https://ws-public.interpol.int/notices/v1/red/2010-44131/images/61188254,https://ws-public.interpol.int/notices/v1/red/2010-44131/images,https://ws-public.interpol.int/notices/v1/red/2010-44131,M,BERANE,Montenegro,,,,,,,Serious cases of assault and robbery and serious cases of robbery,Montenegro,
2022/4479,FILIP,IVANOVIC,1991/10/27,ME,https://ws-public.interpol.int/notices/v1/red/2022-4479/images/62346026,https://ws-public.interpol.int/notices/v1/red/2022-4479/images,https://ws-public.interpol.int/notices/v1/red/2022-4479,M,CETINJE,Montenegro,,,0.0,0.0,,,"Establishment of Criminal Organization;
Murder;
Aggravated Murder",Montenegro,
2007/13874,RADOJE,ZVICER,1982/12/20,ME,https://ws-public.interpol.int/notices/v1/red/2007-13874/images/60901940,https://ws-public.interpol.int/notices/v1/red/2007-13874/images,https://ws-public.interpol.int/notices/v1/red/2007-13874,M,KOTOR,Montenegro,,,,,"HRV, SRP",,"Unlawful production, keeping and releasing into circulation of narcotic drugs",Montenegro,
2014/50316,ALEN,VELOVIC,1984/05/28,"ME, SK",https://ws-public.interpol.int/notices/v1/red/2014-50316/images/59587956,https://ws-public.interpol.int/notices/v1/red/2014-50316/images,https://ws-public.interpol.int/notices/v1/red/2014-50316,M,BAR,Montenegro,,,0.0,0.0,,,organised or armed robbery,Slovakia,
2009/35192,GORAN,MILASINOVIC,1979/03/19,ME,https://ws-public.interpol.int/notices/v1/red/2009-35192/images/54418268,https://ws-public.interpol.int/notices/v1/red/2009-35192/images,https://ws-public.interpol.int/notices/v1/red/2009-35192,M,BAR,Montenegro,,,0.0,0.0,SRP,,"1. CONSPIRANCY TO COMMIT FELONY
2. ARMED ROBBERY",Cyprus,
2006/36409,BOZIDAR,SAMARDZIC,1979/01/07,ME,https://ws-public.interpol.int/notices/v1/red/2006-36409/images/55380810,https://ws-public.interpol.int/notices/v1/red/2006-36409/images,https://ws-public.interpol.int/notices/v1/red/2006-36409,M,NIKSIC,Montenegro,['BRO'],,1.85,0.0,,,Attempted murder causing death,Montenegro,
