entity_id,forename,name,date_of_birth,nationalities,thumbnail,images,self_link,sex_id,place_of_birth,country_of_birth,eyes_colors_id,hairs_id,height,weight,languages_spoken_ids,distinguishing_marks,arrest_charge,arrest_issuing_country,arrest_charge_translation
2024/59183,KHALIL,BEN SALEM,1989/02/14,TN,https://ws-public.interpol.int/notices/v1/red/2024-59183/images/63192135,https://ws-public.interpol.int/notices/v1/red/2024-59183/images,https://ws-public.interpol.int/notices/v1/red/2024-59183,M,,Tunisia,['OTHD'],['OTHD'],1.7,0.0,,,VIOL,France,
2024/35369,BADR,LEBOUDI,2003/06/13,TN,https://ws-public.interpol.int/notices/v1/red/2024-35369/images/63090800,https://ws-public.interpol.int/notices/v1/red/2024-35369/images,https://ws-public.interpol.int/notices/v1/red/2024-35369,M,Tataouine,Tunisia,,,,,"ARA, FRE",,VIOL,France,
2015/42971,SALEM,CHABAH,1950/04/21,TN,https://ws-public.interpol.int/notices/v1/red/2015-42971/images/59949382,https://ws-public.interpol.int/notices/v1/red/2015-42971/images,https://ws-public.interpol.int/notices/v1/red/2015-42971,M,Ain Al Batoum Al Nadhour,Tunisia,,,,,,,"Murder, grievous bodily injury",Belgium,
2016/68195,MOHAMED,EZZI,1988/03/15,TN,https://ws-public.interpol.int/notices/v1/red/2016-68195/images/60748021,https://ws-public.interpol.int/notices/v1/red/2016-68195/images,https://ws-public.interpol.int/notices/v1/red/2016-68195,M,GABÈS,Tunisia,,,0.0,0.0,"FRE, ENG, ARA",TRIBAL TATTOO ON LEFT SHOULDERBLADE,"Murder, grievous bodily injury",Luxembourg,
2016/46293,KARIM,LABIDI,1972/05/20,"TN, PL",https://ws-public.interpol.int/notices/v1/red/2016-46293/images/60140964,https://ws-public.interpol.int/notices/v1/red/2016-46293/images,https://ws-public.interpol.int/notices/v1/red/2016-46293,M,LE KRAM,Tunisia,['GRY'],,1.74,0.0,,,"participation in terrorist organisation ""Islamic State of Iraq and then ""Islamic State""",Poland,
