entity_id,forename,name,date_of_birth,nationalities,thumbnail,images,self_link,sex_id,place_of_birth,country_of_birth,eyes_colors_id,hairs_id,height,weight,languages_spoken_ids,distinguishing_marks,arrest_charge,arrest_issuing_country,arrest_charge_translation
2018/80719,DYLAN DEAN,TALJAARD,1996/01/22,ZA,https://ws-public.interpol.int/notices/v1/red/2018-80719/images/61310811,https://ws-public.interpol.int/notices/v1/red/2018-80719/images,https://ws-public.interpol.int/notices/v1/red/2018-80719,M,DURBAN,South Africa,['BLU'],['BRO'],,,"AFR, ENG","TATTO ON CHEST BELOW NEK LINE "" PAIN IS JUST""",MURDER,South Africa,
2018/42627,KISHOR,NAIDOO,1971/10/13,ZA,https://ws-public.interpol.int/notices/v1/red/2018-42627/images/61045410,https://ws-public.interpol.int/notices/v1/red/2018-42627/images,https://ws-public.interpol.int/notices/v1/red/2018-42627,M,CAPE TOWN,South Africa,,,,,"AFR, ENG",,"ATTEMPTED MURDER
CONSPIRACY TO COMMIT MURDER
POSSESSION OF UNLICENCED FIREARMS AND AMMUNITION
MONEY LAUNDERING",South Africa,
2018/11728,MBUSO NCAZA,NKOSI,1985,ZA,https://ws-public.interpol.int/notices/v1/red/2018-11728/images/60951953,https://ws-public.interpol.int/notices/v1/red/2018-11728/images,https://ws-public.interpol.int/notices/v1/red/2018-11728,M,"SOWETO, GAUTENG PROVINCE",South Africa,,,0.0,0.0,"XHO, ENG, SOT, ZUL, TSN",,Murder,Eswatini,
2011/41779,WILSON DAN,NKOSI,1952,ZA,https://ws-public.interpol.int/notices/v1/red/2011-41779/images/55649207,https://ws-public.interpol.int/notices/v1/red/2011-41779/images,https://ws-public.interpol.int/notices/v1/red/2011-41779,M,MPUMALANGA,South Africa,['BRO'],['BLA'],0.0,0.0,"SSW, ZUL, ENG",scars on the face,Game Act,Eswatini,
2011/41758,BHEKUMUSA MAWILLIS,SHIBA,1979/06/25,"ZA, SZ",https://ws-public.interpol.int/notices/v1/red/2011-41758/images/61284914,https://ws-public.interpol.int/notices/v1/red/2011-41758/images,https://ws-public.interpol.int/notices/v1/red/2011-41758,M,HHOHHO REGION,Eswatini,['BRO'],['BLA'],0.0,0.0,"SSW, ZUL, ENG",,Game Act,Eswatini,
