entity_id,forename,name,date_of_birth,nationalities,thumbnail,images,self_link,sex_id,place_of_birth,country_of_birth,eyes_colors_id,hairs_id,height,weight,languages_spoken_ids,distinguishing_marks,arrest_charge,arrest_issuing_country,arrest_charge_translation
2020/50941,KIM NGOC,TRAN,1980/01/15,VN,https://ws-public.interpol.int/notices/v1/red/2020-50941/images/61864100,https://ws-public.interpol.int/notices/v1/red/2020-50941/images,https://ws-public.interpol.int/notices/v1/red/2020-50941,M,,Viet Nam,['BRO'],['BLA'],1.65,57.0,"VIE, ENG","TRAN may weigh 47-61 kilograms and may have facial hair, including a moustache. TRAN has several tattoos, including: a design with a tiger across his left biceps and shoulder, going onto his back; multiple designs over his entire back, with ""Thug"" tattooed low on his back; ""Tran"" on top of his right wrist; and a large ""A"" on his torso above ""Warriors"" in script.","1) Murder 
2) Assault with a Semiautomatic Firearm",United States of America,
2020/34000,THI THIET,LAM,1980,"KH, VN",https://ws-public.interpol.int/notices/v1/red/2020-34000/images/61801492,https://ws-public.interpol.int/notices/v1/red/2020-34000/images,https://ws-public.interpol.int/notices/v1/red/2020-34000,F,"Long Phu District, Soc Trang Province",Viet Nam,['BLA'],['BLA'],1.56,55.0,"KHM, VIE","The scar is 0.1 cm before the right eyebrow tail, the mole is 3,5 cm below right edge of mouth.",Murder,Viet Nam,
2019/85482,DUY TUNG,TRAN,1985/02/25,VN,https://ws-public.interpol.int/notices/v1/red/2019-85482/images/61523659,https://ws-public.interpol.int/notices/v1/red/2019-85482/images,https://ws-public.interpol.int/notices/v1/red/2019-85482,M,BINH DINH PROVINCE,Viet Nam,,['BLA'],1.67,65.0,"VIE, ENG",a mole 2cm away from the front of the right eyebrow,Abuse of trust to appropriate property,Viet Nam,
2019/85435,THANH VINH,THAI,1985/11/27,VN,https://ws-public.interpol.int/notices/v1/red/2019-85435/images/61522841,https://ws-public.interpol.int/notices/v1/red/2019-85435/images,https://ws-public.interpol.int/notices/v1/red/2019-85435,M,Ho Chi Minh,Viet Nam,,['BLA'],1.68,70.0,"VIE, ENG",a mole 2cm below the right side of the nose,Abuse of trust to appropriate property,Viet Nam,
2019/18255,LUONG HA,NGUYEN,1984/09/16,VN,https://ws-public.interpol.int/notices/v1/red/2019-18255/images/61284452,https://ws-public.interpol.int/notices/v1/red/2019-18255/images,https://ws-public.interpol.int/notices/v1/red/2019-18255,M,Son La,Viet Nam,,,,,VIE,,Unauthorized Production and other Disposal with Narcotic and Psychotropic Substances and Poisons,Czech Republic,
2018/105054,MANH HAU,VU,1995/10/03,VN,https://ws-public.interpol.int/notices/v1/red/2018-105054/images/61240386,https://ws-public.interpol.int/notices/v1/red/2018-105054/images,https://ws-public.interpol.int/notices/v1/red/2018-105054,M,"PHU XUYEN TOWN, PHU XUYEN DISTRICT",Viet Nam,,['BLA'],1.65,0.0,VIE,a mole behind the left wing of nose,Escaping from places of detention or custody or escaping whilst being escorted or on trial,Viet Nam,
2018/22973,DUC THUY,TRAN,1968/09/06,VN,https://ws-public.interpol.int/notices/v1/red/2018-22973/images/60989449,https://ws-public.interpol.int/notices/v1/red/2018-22973/images,https://ws-public.interpol.int/notices/v1/red/2018-22973,M,HAI DUONG,Viet Nam,,,0.0,0.0,VIE,,Murder,Viet Nam,
2017/143004,HUU LAM,LUONG,1967/08/23,VN,https://ws-public.interpol.int/notices/v1/red/2017-143004/images/60594344,https://ws-public.interpol.int/notices/v1/red/2017-143004/images,https://ws-public.interpol.int/notices/v1/red/2017-143004,M,Yen Bai,,['BRO'],['BLA'],,,"ENG, VIE",,Breaching regulations on loan provision in the operations of credit institutions,Viet Nam,
2017/144705,THI HIEN,DINH,1961/02/21,VN,,https://ws-public.interpol.int/notices/v1/red/2017-144705/images,https://ws-public.interpol.int/notices/v1/red/2017-144705,F,Ha Noi city,Viet Nam,['BRO'],['BLA'],,,"ENG, VIE",,Breaching regulations on loan provision in the operations of credit institutions,Viet Nam,
2016/3774,THI CHAU,VUONG,1988/01/01,VN,https://ws-public.interpol.int/notices/v1/red/2016-3774/images/60032158,https://ws-public.interpol.int/notices/v1/red/2016-3774/images,https://ws-public.interpol.int/notices/v1/red/2016-3774,F,TAY NINH PROVINCE,Viet Nam,,,0.0,0.0,VIE,a scar 2cm lower behind the left edge,Human trafficking,Viet Nam,
2015/9403,DUC VU,NGUYEN,1984/10/02,VN,https://ws-public.interpol.int/notices/v1/red/2015-9403/images/59719167,https://ws-public.interpol.int/notices/v1/red/2015-9403/images,https://ws-public.interpol.int/notices/v1/red/2015-9403,M,HAI DUONG,Viet Nam,,,0.0,0.0,,,illicit trafficking in narcotic drugs and psychotropic substances,Czech Republic,
2015/54919,CANH ANH,NGUYEN,1987/01/15,VN,https://ws-public.interpol.int/notices/v1/red/2015-54919/images/59869333,https://ws-public.interpol.int/notices/v1/red/2015-54919/images,https://ws-public.interpol.int/notices/v1/red/2015-54919,M,,,,,0.0,0.0,VIE,,Approprating property through swindling,Viet Nam,
2015/37923,VANG CHUA,LY,1974/05/21,VN,,https://ws-public.interpol.int/notices/v1/red/2015-37923/images,https://ws-public.interpol.int/notices/v1/red/2015-37923,M,YEN BAI PROVINCE,Viet Nam,,,1.64,0.0,VIE,a mole far 1 cm under and after the right outer canthus,Illegal trade and appropriation of narcotic drugs,Viet Nam,
2015/37352,DUC THANG,NGUYEN,1977/11/01,VN,https://ws-public.interpol.int/notices/v1/red/2015-37352/images/59814767,https://ws-public.interpol.int/notices/v1/red/2015-37352/images,https://ws-public.interpol.int/notices/v1/red/2015-37352,M,HAI PHONG,Viet Nam,,,1.6,0.0,VIE,a spot 1 cm long above and before the starting of right eyebrow,Murder,Viet Nam,
2015/34093,VAN TO,NGUYEN,1954/10/02,VN,https://ws-public.interpol.int/notices/v1/red/2015-34093/images/59803508,https://ws-public.interpol.int/notices/v1/red/2015-34093/images,https://ws-public.interpol.int/notices/v1/red/2015-34093,M,QUANG NAM,Viet Nam,,,0.0,0.0,VIE,scar on right eyebow tail,Abusing trust in order to appropriate property,Viet Nam,
2015/32042,THI MUOI,BUI,1968,VN,https://ws-public.interpol.int/notices/v1/red/2015-32042/images/59796749,https://ws-public.interpol.int/notices/v1/red/2015-32042/images,https://ws-public.interpol.int/notices/v1/red/2015-32042,F,HAI DUONG PROVINCE,Viet Nam,,,0.0,0.0,"CHI, VIE",A small scar 2 cm before the beginning of the left eyebrow with distance of 1cm.,"Trafficking Human, Escape from the jail",Viet Nam,
2014/79209,PHUONG ANH,NGO,1977/08/02,VN,https://ws-public.interpol.int/notices/v1/red/2014-79209/images/59688554,https://ws-public.interpol.int/notices/v1/red/2014-79209/images,https://ws-public.interpol.int/notices/v1/red/2014-79209,F,BAC GIANG PROVINCE,Viet Nam,,,1.57,0.0,VIE,Mole above and in front of the left inner canthus with a distance of 0.5cm.,Illegally trading narcotics,Viet Nam,
2014/79484,TUAN DUNG,TRAN,1991/12/02,VN,https://ws-public.interpol.int/notices/v1/red/2014-79484/images/59688113,https://ws-public.interpol.int/notices/v1/red/2014-79484/images,https://ws-public.interpol.int/notices/v1/red/2014-79484,M,HANOI CITY,Viet Nam,,,0.0,0.0,VIE,"A scar front the left ala with a distance of 0,8 cm.",Murder,Viet Nam,
2014/41243,DIEP,PHAM MINH,1966/01/15,VN,https://ws-public.interpol.int/notices/v1/red/2014-41243/images/59556518,https://ws-public.interpol.int/notices/v1/red/2014-41243/images,https://ws-public.interpol.int/notices/v1/red/2014-41243,M,NAM DINH,Viet Nam,,,0.0,0.0,VIE,Mole 1 cm above and behind at the beginning of the right eyebrow,illegally transporting narcotics and escaping from the place of detention,Viet Nam,
2014/11838,VAN LAP,DANG,1979/07/03,VN,https://ws-public.interpol.int/notices/v1/red/2014-11838/images/59438090,https://ws-public.interpol.int/notices/v1/red/2014-11838/images,https://ws-public.interpol.int/notices/v1/red/2014-11838,M,HAI PHONG CITY,Viet Nam,,,0.0,0.0,VIE,there is a 01 cm long scar under the rear left eyebrow,Illegally trading in narcotics,Viet Nam,
2013/70774,THI THUY TRANG,PHAM,1982,VN,https://ws-public.interpol.int/notices/v1/red/2013-70774/images/59378254,https://ws-public.interpol.int/notices/v1/red/2013-70774/images,https://ws-public.interpol.int/notices/v1/red/2013-70774,F,AN GIANG PROVINCE,Viet Nam,,,,,"VIE, CHI","A small scar 0.3 centimetre, upper and behind far from the left corner of the mouth 1.5 centimetre","Trafficking in women
Trafficking in children",Viet Nam,
2013/69334,VIET HOANG,NGUYEN,1977/01/06,VN,https://ws-public.interpol.int/notices/v1/red/2013-69334/images/59371964,https://ws-public.interpol.int/notices/v1/red/2013-69334/images,https://ws-public.interpol.int/notices/v1/red/2013-69334,M,PHU THO,Viet Nam,,,1.65,53.0,VIE,"A small scar 3cm upper, in front of and far from the right eyebrow",Murder,Viet Nam,
2013/65280,VAN LOI,DO,1968/07/16,VN,https://ws-public.interpol.int/notices/v1/red/2013-65280/images/59355585,https://ws-public.interpol.int/notices/v1/red/2013-65280/images,https://ws-public.interpol.int/notices/v1/red/2013-65280,M,LANG SON,Viet Nam,,,0.0,0.0,VIE,A spot scar 0.5 cm away on the left nostril,Illegal trading in narcotic drugs,Viet Nam,
2013/65290,VAN QUAN,HOANG,1977/09/19,VN,https://ws-public.interpol.int/notices/v1/red/2013-65290/images/59355635,https://ws-public.interpol.int/notices/v1/red/2013-65290/images,https://ws-public.interpol.int/notices/v1/red/2013-65290,M,LANG SON,Viet Nam,,,0.0,0.0,VIE,A spot scar 0.5 cm away on the left nostril,Illegal trading in narcotic drugs,Viet Nam,
2013/65314,HUNG MANH,TRAN,1970/07/27,VN,https://ws-public.interpol.int/notices/v1/red/2013-65314/images/59355700,https://ws-public.interpol.int/notices/v1/red/2013-65314/images,https://ws-public.interpol.int/notices/v1/red/2013-65314,M,LANG SON,Viet Nam,,,0.0,0.0,VIE,A spot scar 3 cm below and after the end of the left eye,Illegal trading in narcotic drugs,Viet Nam,
2013/63365,VAN THO,NGUYEN,1980,VN,https://ws-public.interpol.int/notices/v1/red/2013-63365/images/59346659,https://ws-public.interpol.int/notices/v1/red/2013-63365/images,https://ws-public.interpol.int/notices/v1/red/2013-63365,M,NGHE AN PROVINCE,Viet Nam,,,1.61,60.0,"VIE, LAO","laugh askew on the right, 2cm scar on the left cheek","Illegally transporting, trading in narcotics",Viet Nam,
2013/44068,HIEN CHI,DUONG-TRAN,1966/03/30,"US, VN",https://ws-public.interpol.int/notices/v1/red/2013-44068/images/59085359,https://ws-public.interpol.int/notices/v1/red/2013-44068/images,https://ws-public.interpol.int/notices/v1/red/2013-44068,M,SAIGON,Viet Nam,['BRO'],['BLA'],1.68,68.0,"VIE, ENG",,"1) Assault in the second degree causing serious physical injury
2) Assault in the third degree causing physical injury to a child 10 years or younger (2 counts)
3) Criminal mistreatment in the first degree by a person responsible for supervision over a dependent person causing physical injury (2 counts)
4) Criminal mistreatment in the first degree by a person responsible for supervision over a dependent person withholding necessary and adequate medical attention (2 counts)
5) Criminal mistreatment in the first degree by a person responsible for supervision over a dependent person withholding necessary and adequate food",United States of America,
2013/45410,THI HOA TRUNG,TRINH,1970/05/27,"VN, AU",https://ws-public.interpol.int/notices/v1/red/2013-45410/images/58949979,https://ws-public.interpol.int/notices/v1/red/2013-45410/images,https://ws-public.interpol.int/notices/v1/red/2013-45410,F,HAI PHONG CITY,Viet Nam,['OTHD'],['BLA'],1.55,62.0,"VIE, ENG, CHI","short hair, wear glasses, short-sighted eyes",Abusing trust in order to appropriate property,Viet Nam,
2013/2036,TAT THANG,KIM,1980/01/01,VN,https://ws-public.interpol.int/notices/v1/red/2013-2036/images/58032675,https://ws-public.interpol.int/notices/v1/red/2013-2036/images,https://ws-public.interpol.int/notices/v1/red/2013-2036,M,VINH PHUC,Viet Nam,['BLA'],['BLA'],0.0,0.0,VIE,a mole C 2cm under the right canthus,Appropriating property through swindling,Viet Nam,
2012/321306,THI HUONG,DO,1974/02/15,VN,https://ws-public.interpol.int/notices/v1/red/2012-321306/images/57199063,https://ws-public.interpol.int/notices/v1/red/2012-321306/images,https://ws-public.interpol.int/notices/v1/red/2012-321306,F,HAI PHONG CITY,Viet Nam,,,1.57,0.0,VIE,,illegally trading narcotic drug and organizing illegal use of narcotic drug,Viet Nam,
2012/314039,RET,CHAU,1987/12/01,VN,https://ws-public.interpol.int/notices/v1/red/2012-314039/images/57112398,https://ws-public.interpol.int/notices/v1/red/2012-314039/images,https://ws-public.interpol.int/notices/v1/red/2012-314039,M,VIETNAM,Viet Nam,,['BRO'],1.65,54.0,"VIE, KHM","a spot scar is 2 cm far away, under, rearward from the end of right eye",Property robbery,Viet Nam,
2012/315548,VAN QUYEN,NGUYEN,1970,VN,https://ws-public.interpol.int/notices/v1/red/2012-315548/images/57134635,https://ws-public.interpol.int/notices/v1/red/2012-315548/images,https://ws-public.interpol.int/notices/v1/red/2012-315548,M,"THANH TRI DISTICT, HANOI",Viet Nam,,,1.72,67.0,VIE,"Hunchback, a scar far from and above the end of left eyebrown 1 cm, uneven-teeth",Illegally trading in narcotics,Viet Nam,
2012/315552,MINH TUAN,DAO,1957,VN,https://ws-public.interpol.int/notices/v1/red/2012-315552/images/57134855,https://ws-public.interpol.int/notices/v1/red/2012-315552/images,https://ws-public.interpol.int/notices/v1/red/2012-315552,M,"MOC CHAU, SON LA",Viet Nam,['BLA'],['OTHD'],1.64,62.0,"VIE, LAO",bridge of the nose: sunken; a scar far from the end of right eye 2 cm,Illegally trading in narcotics,Viet Nam,
2012/315554,THI LOAN,NGUYEN,1955/11/24,VN,https://ws-public.interpol.int/notices/v1/red/2012-315554/images/57134995,https://ws-public.interpol.int/notices/v1/red/2012-315554/images,https://ws-public.interpol.int/notices/v1/red/2012-315554,F,HANOI,Viet Nam,,['HAID'],1.57,50.0,VIE,mole far from the end of right eye 1cm,Illegally trading in narcotics,Viet Nam,
2012/315350,THI HOAN,NGUYEN,1971/10/31,VN,https://ws-public.interpol.int/notices/v1/red/2012-315350/images/57133115,https://ws-public.interpol.int/notices/v1/red/2012-315350/images,https://ws-public.interpol.int/notices/v1/red/2012-315350,F,"GIA VIEN DISTRICT, NINH BINH PROVINCE",Viet Nam,,['OTHD'],1.63,50.0,"CHI, VIE","Mole under the right of nose ala 1 cm, fair complexion",Illegally trade in narcotics,Viet Nam,
2012/314015,SUONH,CHAU,1955/03/15,VN,https://ws-public.interpol.int/notices/v1/red/2012-314015/images/57111344,https://ws-public.interpol.int/notices/v1/red/2012-314015/images,https://ws-public.interpol.int/notices/v1/red/2012-314015,M,AN GIANG,Viet Nam,,,1.68,56.0,"KHM, VIE",A SCAR ABOVE BEHIND RIGHT CORNER OF THE MOUTH WITH A DISTANCE OF 1CM,Property robbery,Viet Nam,
2012/3032,HONG HAI,DOAN,1986/09/13,VN,https://ws-public.interpol.int/notices/v1/red/2012-3032/images/56593989,https://ws-public.interpol.int/notices/v1/red/2012-3032/images,https://ws-public.interpol.int/notices/v1/red/2012-3032,M,HA NOI,Viet Nam,,,0.0,0.0,VIE,,Intentionally inflicting injury on or causing harm to the health of other persons,Viet Nam,
2012/3021,DUC DO,NGUYEN,1983/09/17,VN,https://ws-public.interpol.int/notices/v1/red/2012-3021/images/56593909,https://ws-public.interpol.int/notices/v1/red/2012-3021/images,https://ws-public.interpol.int/notices/v1/red/2012-3021,M,HA NOI,Viet Nam,,,0.0,0.0,VIE,,Murder,Viet Nam,
2011/21304,VAN DUNG,NGUYEN,1962/01/01,VN,https://ws-public.interpol.int/notices/v1/red/2011-21304/images/55236089,https://ws-public.interpol.int/notices/v1/red/2011-21304/images,https://ws-public.interpol.int/notices/v1/red/2011-21304,M,HUNG YEN,Viet Nam,,,1.68,,VIE,,DRUG TRAFFICKING,Viet Nam,
2010/56728,THANH PHUONG,MA,1971/01/01,VN,https://ws-public.interpol.int/notices/v1/red/2010-56728/images/54725250,https://ws-public.interpol.int/notices/v1/red/2010-56728/images,https://ws-public.interpol.int/notices/v1/red/2010-56728,M,HANOI,,,,1.71,0.0,,A MOLE BEHIND ON THE RIGHT OF THE NOSE,"- PLUNDERING PROPERTY.
- ILLEGALLY MANUFACTURING, STOCKPILING, USING, TRADING IN OR APPROPRIATING MILITARY WEAPONS AND/OR TECHNICAL MEANS",Viet Nam,
2010/21692,THI PHUONG HOA,NGUYEN,1970/11/10,VN,https://ws-public.interpol.int/notices/v1/red/2010-21692/images/54390250,https://ws-public.interpol.int/notices/v1/red/2010-21692/images,https://ws-public.interpol.int/notices/v1/red/2010-21692,F,HA TINH,Viet Nam,,,0.0,0.0,"ENG, VIE",,APPROPRIATING PROPERTY THROUGH SWINDLING,Viet Nam,
2009/42424,VAN HUY,NGUYEN,1986/11/09,VN,https://ws-public.interpol.int/notices/v1/red/2009-42424/images/54276155,https://ws-public.interpol.int/notices/v1/red/2009-42424/images,https://ws-public.interpol.int/notices/v1/red/2009-42424,M,HAI DUONG,Viet Nam,,,0.0,0.0,,,"ATTEMP OF MURDER,DISORDERLY CONDUCT",Czech Republic,
2009/38735,VAN THE,PHAM,1971/12/25,VN,https://ws-public.interpol.int/notices/v1/red/2009-38735/images/61221803,https://ws-public.interpol.int/notices/v1/red/2009-38735/images,https://ws-public.interpol.int/notices/v1/red/2009-38735,M,THAI BINH,Viet Nam,,,1.67,,VIE,a dimple in his right cheek.,MURDER,Viet Nam,
2009/22555,MINH QUANG,TRAN,1971/03/23,"US, VN",https://ws-public.interpol.int/notices/v1/red/2009-22555/images/54189145,https://ws-public.interpol.int/notices/v1/red/2009-22555/images,https://ws-public.interpol.int/notices/v1/red/2009-22555,M,,Viet Nam,['BRO'],['BLA'],1.73,68.0,"VIE, ENG",,"1) Rape 
2) Stalking ",United States of America,
2009/2554,PHI HUNG,NGUYEN,1961/05/11,VN,https://ws-public.interpol.int/notices/v1/red/2009-2554/images/54056875,https://ws-public.interpol.int/notices/v1/red/2009-2554/images,https://ws-public.interpol.int/notices/v1/red/2009-2554,M,,Viet Nam,,,,,"VIE, DAN",,attempted killings,Denmark,
2007/49264,HOANG,VAN LUC,1974/10/20,VN,,https://ws-public.interpol.int/notices/v1/red/2007-49264/images,https://ws-public.interpol.int/notices/v1/red/2007-49264,M,HA TINH,Viet Nam,,,0.0,0.0,VIE,,Murder,Malaysia,
2006/8271,HUY QUOC,CAO,1983/12/16,VN,https://ws-public.interpol.int/notices/v1/red/2006-8271/images/61402376,https://ws-public.interpol.int/notices/v1/red/2006-8271/images,https://ws-public.interpol.int/notices/v1/red/2006-8271,M,,,['BRO'],['BLA'],1.805,77.5,"VIE, ENG","""JENNY"" on back of neck",(1) Murder (2 counts);  (2)  Attempted murder;  (3) Street terrorism,United States of America,
