entity_id,forename,name,date_of_birth,nationalities,thumbnail,images,self_link,sex_id,place_of_birth,country_of_birth,eyes_colors_id,hairs_id,height,weight,languages_spoken_ids,distinguishing_marks,arrest_charge,arrest_issuing_country,arrest_charge_translation
2016/16420,MAKSAT,BARBOLOV,1988/07/29,KZ,https://ws-public.interpol.int/notices/v1/red/2016-16420/images/60033501,https://ws-public.interpol.int/notices/v1/red/2016-16420/images,https://ws-public.interpol.int/notices/v1/red/2016-16420,M,DZHETYSAY TOWN,Kazakhstan,,,0.0,0.0,"KAZ, RUS",,Banditry; attempted murder; murder; illegal firearms trafficking.,Russia,
2018/64298,MARINA,IUKHNOVETS,1986/09/27,"KZ, RU",https://ws-public.interpol.int/notices/v1/red/2018-64298/images/61117650,https://ws-public.interpol.int/notices/v1/red/2018-64298/images,https://ws-public.interpol.int/notices/v1/red/2018-64298,F,KARAGANDA,Kazakhstan,,,0.0,0.0,"KAZ, RUS",,participation in terrorist organization,Russia,
2018/33867,MARAT,MAZHENOV,1958/05/11,KZ,https://ws-public.interpol.int/notices/v1/red/2018-33867/images/61017210,https://ws-public.interpol.int/notices/v1/red/2018-33867/images,https://ws-public.interpol.int/notices/v1/red/2018-33867,M,Almata,Kazakhstan,['BRO'],['GRYG'],1.7,72.0,"RUS, KAZ",has a moustache,Appropriation of property by fraud,Mongolia,
2017/7315,RAVIL,KHAKIMOV,1996/10/20,KZ,https://ws-public.interpol.int/notices/v1/red/2017-7315/images/60298487,https://ws-public.interpol.int/notices/v1/red/2017-7315/images,https://ws-public.interpol.int/notices/v1/red/2017-7315,M,PAVLODAR,Kazakhstan,,['OTHD'],0.0,0.0,"KAZ, RUS",,participation in terrorist organization,Russia,
2012/13403,RUSLAN,SMAGULOV,1979/12/27,"KZ, RU",https://ws-public.interpol.int/notices/v1/red/2012-13403/images/59941119,https://ws-public.interpol.int/notices/v1/red/2012-13403/images,https://ws-public.interpol.int/notices/v1/red/2012-13403,M,PAVLODAR REGION,Kazakhstan,,,0.0,0.0,"RUS, KAZ",,"MURDER; ILLEGAL ACQUISITION, TRANSFER, SALE, STORAGE, TRANSPORTATION, OR BEARING OF FIREARMS.",Russia,
2015/48802,ADAM,BURSAGOV,1991/01/13,KZ,https://ws-public.interpol.int/notices/v1/red/2015-48802/images/59851035,https://ws-public.interpol.int/notices/v1/red/2015-48802/images,https://ws-public.interpol.int/notices/v1/red/2015-48802,M,PAVLODAR TOWN,Kazakhstan,,,0.0,0.0,RUS,,Participation in an illegal armed formation,Russia,
2012/4044,SAKEN,KANAPYANOV,1975/11/10,KZ,https://ws-public.interpol.int/notices/v1/red/2012-4044/images/58632548,https://ws-public.interpol.int/notices/v1/red/2012-4044/images,https://ws-public.interpol.int/notices/v1/red/2012-4044,M,ALMA-ATA,Kazakhstan,['BRO'],['OTHD'],1.75,0.0,"RUS, KAZ",,MISAPPROPRIATION,Russia,
2012/310029,SERGEY,LINNIK,1988/03/07,"KZ, RU",https://ws-public.interpol.int/notices/v1/red/2012-310029/images/57051284,https://ws-public.interpol.int/notices/v1/red/2012-310029/images,https://ws-public.interpol.int/notices/v1/red/2012-310029,M,KZYL ORDA,Kazakhstan,['BLU'],['BRO'],1.73,78.0,"RUS, ENG",LINNIK may have shaved his head.,"1) Robbery in the first degree
2) Robbery in the second degree 
3) Robbery in the second degree causing physical injury
4) Assault in the second degree
5) Criminal possession of a weapon in the fourth degree",United States of America,
2012/306454,KRISTINA,YAKUNINA,1989/07/29,KZ,https://ws-public.interpol.int/notices/v1/red/2012-306454/images/56994112,https://ws-public.interpol.int/notices/v1/red/2012-306454/images,https://ws-public.interpol.int/notices/v1/red/2012-306454,F,ALMATY CITY,Kazakhstan,['OTHD'],,0.0,0.0,"ENG, RUS",,"co-participation in murder, robbery, extortion and theft or damage of documents",Kazakhstan,
2011/48945,SALMAN,BAKIEV,1977/11/13,"KZ, DE",,https://ws-public.interpol.int/notices/v1/red/2011-48945/images,https://ws-public.interpol.int/notices/v1/red/2011-48945,M,ALMATY REGION,Kazakhstan,,,0.0,0.0,"RUS, CHE",,murder,Kazakhstan,
2002/16525,NIKOLY,PAVLYUK,1974/05/26,"KZ, RU, EE",https://ws-public.interpol.int/notices/v1/red/2002-16525/images/61336173,https://ws-public.interpol.int/notices/v1/red/2002-16525/images,https://ws-public.interpol.int/notices/v1/red/2002-16525,M,Bishkul,Kazakhstan,['BRO'],['OTHD'],1.86,,,"Dimple on chin, crooked nose",Escaping from prison,Russia,
