entity_id,forename,name,date_of_birth,nationalities,thumbnail,images,self_link,sex_id,place_of_birth,country_of_birth,eyes_colors_id,hairs_id,height,weight,languages_spoken_ids,distinguishing_marks,arrest_charge,arrest_issuing_country,arrest_charge_translation
2025/25808,JUAN LUIS,RAMOS MARIN,2002/02/20,VE,https://ws-public.interpol.int/notices/v1/red/2025-25808/images/63428685,https://ws-public.interpol.int/notices/v1/red/2025-25808/images,https://ws-public.interpol.int/notices/v1/red/2025-25808,M,,Venezuela,,,,,SPA,,Homicidio calificado,Brazil,
2024/20490,LUIS ENRIQUE,RIOS GOMEZ,1983/07/08,VE,https://ws-public.interpol.int/notices/v1/red/2024-20490/images/63032599,https://ws-public.interpol.int/notices/v1/red/2024-20490/images,https://ws-public.interpol.int/notices/v1/red/2024-20490,M,,,['BRO'],['HAIB'],0.0,0.0,SPA,,"TERRORISMO, FINANCIAMIENTO AL TERRORISMO, LEGITIMACIÓN DE CAPITALES y ASOCIACIÓN PARA DELINQUIR.",Venezuela,
2024/20494,WENDY MARBELYS,RIOS GOMEZ,1980/01/21,VE,https://ws-public.interpol.int/notices/v1/red/2024-20494/images/63032601,https://ws-public.interpol.int/notices/v1/red/2024-20494/images,https://ws-public.interpol.int/notices/v1/red/2024-20494,F,,,,,0.0,0.0,SPA,,"TERRORISMO, FINANCIAMIENTO AL TERRORISMO, LEGITIMACIÓN DE CAPITALES y ASOCIACIÓN PARA DELINQUIR.",Venezuela,
2024/13197,JHONLERVIS MIGUEL,ALVAREZ TORREALBA,2001/07/25,VE,https://ws-public.interpol.int/notices/v1/red/2024-13197/images/63004601,https://ws-public.interpol.int/notices/v1/red/2024-13197/images,https://ws-public.interpol.int/notices/v1/red/2024-13197,M,,,,,0.0,0.0,SPA,,"FINANCIAMIENTO AL TERRORISMO, TRÁFICO DE ARMAS Y MUNICIONES, EXTORSIÓN AGRAVADA, LEGITIMACIÓN DE CAPITALES, ASOCIACIÓN PARA DELINQUIR
SUSTANCIAS PSICOTROPICAS",Venezuela,
2023/83873,WILMER JOSÈ,PEREZ CASTILLO,1985/08/19,VE,https://ws-public.interpol.int/notices/v1/red/2023-83873/images/62940614,https://ws-public.interpol.int/notices/v1/red/2023-83873/images,https://ws-public.interpol.int/notices/v1/red/2023-83873,M,,Venezuela,,,0.0,0.0,SPA,,"TERRORISMO, FINANCIAMIENTO AL TERRORISMO, TRAFICO DE ARMAS Y MUNICIONES, EXTORSIÓN AGRAVADA, LEGITIMACIÓN DE CAPITALES, ASOCIACIÓN PARA DELINQUIR.",Venezuela,
2023/81432,CARLOS HUMBERTO,SOSA RUEDA,1998/10/06,VE,https://ws-public.interpol.int/notices/v1/red/2023-81432/images/62931358,https://ws-public.interpol.int/notices/v1/red/2023-81432/images,https://ws-public.interpol.int/notices/v1/red/2023-81432,M,,Venezuela,,,,,"SPA, POR",,Homicidio calificado por el recurso que dificultó la defensa de la víctima.,Brazil,
2023/80133,EDUINS MANUEL,RAMIREZ RAMIREZ,1998/03/23,VE,https://ws-public.interpol.int/notices/v1/red/2023-80133/images/62927082,https://ws-public.interpol.int/notices/v1/red/2023-80133/images,https://ws-public.interpol.int/notices/v1/red/2023-80133,M,,,,,0.0,0.0,SPA,,"TERRORISMO
FINANCIAMIENTO AL TERRORISMO
TRÁFICO DE ARMAS Y MUNICIONES
EXTORSIÓN AGRAVADA
LEGITIMACIÓN DE CAPITALES
ASOCIACIÓN PARA DELINQUIR",Venezuela,
2023/80123,YOHAN JOSE,ROMERO,1977/10/31,VE,https://ws-public.interpol.int/notices/v1/red/2023-80123/images/62927042,https://ws-public.interpol.int/notices/v1/red/2023-80123/images,https://ws-public.interpol.int/notices/v1/red/2023-80123,M,,,['OTHD'],['HAIB'],1.7,100.0,SPA,,"TERRORISMO
FINANCIAMIENTO AL TERRORISMO
TRÁFICO DE ARMAS Y MUNICIONES
EXTORSIÓN AGRAVADA
LEGITIMACIÓN DE CAPITALES
ASOCIACIÓN PARA DELINQUIR",Venezuela,
2023/80135,CARLOS EDUARDO,GAMEZ VERENZUELA,1998/08/28,VE,https://ws-public.interpol.int/notices/v1/red/2023-80135/images/62927090,https://ws-public.interpol.int/notices/v1/red/2023-80135/images,https://ws-public.interpol.int/notices/v1/red/2023-80135,M,,,['BRO'],['BLA'],1.65,57.0,SPA,,"TERRORISMO, FINANCIAMIENTO AL TERRORISMO, TRÁFICO DE ARMAS Y MUNICIONES, EXTORSIÓN AGRAVADA, LEGITIMACIÓN DE CAPITALES, ASOCIACIÓN PARA DELINQUIR.",Venezuela,
2023/61967,HECTOR RUSTHENFORD,GUERRERO FLORES,1983/12/02,VE,https://ws-public.interpol.int/notices/v1/red/2023-61967/images/62863308,https://ws-public.interpol.int/notices/v1/red/2023-61967/images,https://ws-public.interpol.int/notices/v1/red/2023-61967,M,,,,,0.0,0.0,SPA,,"EXTORSION
SUSTANCIAS PSICOTROPICAS 
ORGANIZACION O GRUPO DELICTIVO
SECUESTRO",Venezuela,
2021/63103,CELSO RAFAEL,COVA RAMOS,1974/01/23,VE,https://ws-public.interpol.int/notices/v1/red/2021-63103/images/62257564,https://ws-public.interpol.int/notices/v1/red/2021-63103/images,https://ws-public.interpol.int/notices/v1/red/2021-63103,M,MARGARITA,Venezuela,,,0.0,0.0,SPA,,"- DÉTENTION, TRANSPORT DE PRODUITS STUPÉFIANTS 
- TENTATIVE IMPORTATION DE STUPÉFIANTS 
- PARTICIPATION À UNE ASSOCIATION DE MALFAITEURS EN VUE DE LA PRÉPARATION D'UN DÉLIT PUNI DE 10 ANS D'EMPRISONNEMENT
- TRANSPORT DE MARCHANDISES PROHIBÉES DANGEREUSES POUR LA SANTÉ, LA SÉCURITÉ OU LA MORALITÉ PUBLIQUE",France,
2021/52460,MARLON JAIR,GOMEZ MENESES,1976/04/07,VE,https://ws-public.interpol.int/notices/v1/red/2021-52460/images/62342984,https://ws-public.interpol.int/notices/v1/red/2021-52460/images,https://ws-public.interpol.int/notices/v1/red/2021-52460,M,,Venezuela,,,0.0,0.0,SPA,,Contra la Seguridad Colectiva (Posesión Agravada de Drogas y Modificación de Transporte con fines Ilícitos),Panama,
2021/49213,EDWAR ISAAC,PALMA CARRASQUERO,1998/08/18,VE,https://ws-public.interpol.int/notices/v1/red/2021-49213/images/62209546,https://ws-public.interpol.int/notices/v1/red/2021-49213/images,https://ws-public.interpol.int/notices/v1/red/2021-49213,M,,Venezuela,,,,,,,ABUSO SEXUAL,Argentina,
2021/23870,JACSON ENRIQUE,UZCATEGUI RIVAS,1992/03/23,VE,https://ws-public.interpol.int/notices/v1/red/2021-23870/images/62085497,https://ws-public.interpol.int/notices/v1/red/2021-23870/images,https://ws-public.interpol.int/notices/v1/red/2021-23870,M,MÉRIDA,Venezuela,,,0.0,0.0,SPA,,ABUSO SEXUAL AGRAVADO POR HABER SIDO COMETIDO CON ACCESO CARNAL,Argentina,
2021/21875,LUIS ALEJANDRO,CHIRINOS RAMIREZ,1989/08/20,VE,https://ws-public.interpol.int/notices/v1/red/2021-21875/images/62060467,https://ws-public.interpol.int/notices/v1/red/2021-21875/images,https://ws-public.interpol.int/notices/v1/red/2021-21875,M,,Venezuela,,,0.0,0.0,SPA,,"ASOCIACIÓN ILÍCITA; ROBO AGRAVADO TANTO POR EL USO DE ARMAS DE FUEGO CUYA APTITUD PARA EL DISPARO NO PUDO ACREDITARSE COMO POR SU COMISION EN POBLADO Y EN BANDA, REITERADO EN TRES OPOTUNIDADES.",Argentina,
2021/2277,JOHAN ESNEIDER,ANGARITA LEÓN,1995/01/29,VE,https://ws-public.interpol.int/notices/v1/red/2021-2277/images/62010027,https://ws-public.interpol.int/notices/v1/red/2021-2277/images,https://ws-public.interpol.int/notices/v1/red/2021-2277,M,,,,,,,SPA,,SECUESTRO EXTORSIVO,Argentina,
2021/1331,RAFAEL ANGEL,CARRILLO RODRIGUEZ,1996/03/20,VE,https://ws-public.interpol.int/notices/v1/red/2021-1331/images/62010022,https://ws-public.interpol.int/notices/v1/red/2021-1331/images,https://ws-public.interpol.int/notices/v1/red/2021-1331,M,,,,,,,SPA,,SECUESTRO EXTORSIVO,Argentina,
2020/32069,JUAN JOSE,SUAREZ,1993/09/05,VE,https://ws-public.interpol.int/notices/v1/red/2020-32069/images/61794122,https://ws-public.interpol.int/notices/v1/red/2020-32069/images,https://ws-public.interpol.int/notices/v1/red/2020-32069,M,,Venezuela,,,0.0,0.0,SPA,,ASOCIACIÓN ILÍCITA,Argentina,
2014/16640,HUGO JAVIER,MARIN SALGADO,1957/04/24,VE,https://ws-public.interpol.int/notices/v1/red/2014-16640/images/59459103,https://ws-public.interpol.int/notices/v1/red/2014-16640/images,https://ws-public.interpol.int/notices/v1/red/2014-16640,M,,,,,0.0,0.0,,,Organised or armed robbery,Belgium,
2017/64501,NIKOS,TZORTZAKIS,1953/06/01,"VE, GR",https://ws-public.interpol.int/notices/v1/red/2017-64501/images/60426396,https://ws-public.interpol.int/notices/v1/red/2017-64501/images,https://ws-public.interpol.int/notices/v1/red/2017-64501,M,ATENAS,Greece,['GRE'],['WHI'],1.8,85.0,"SPA, GRE",,"ABUSO SEXUAL A ADOLESCENTE CON PENETRACIÓN CONTINUADO, EN CONCURSO REAL",Venezuela,
2012/307783,JOHNATAN VICTOR,HERRERA,1990/10/08,"ES, VE",https://ws-public.interpol.int/notices/v1/red/2012-307783/images/57013696,https://ws-public.interpol.int/notices/v1/red/2012-307783/images,https://ws-public.interpol.int/notices/v1/red/2012-307783,M,Madrid,Spain,['BRO'],['BRO'],1.85,75.0,"SPA, ENG",HERRERA may wear corrective lenses.,Sexual Assault of a Child Under 17 Years of Age,United States of America,
2011/42255,ARMIN GERARDO,ARTEAGA DURAN,1986/09/29,VE,,https://ws-public.interpol.int/notices/v1/red/2011-42255/images,https://ws-public.interpol.int/notices/v1/red/2011-42255,M,MARACAIBO,Venezuela,,,0.0,0.0,,,PROFUGO EN LIBERTAD,Venezuela,
2010/39183,HENDER VALMORE,PEREZ,1977/12/27,VE,https://ws-public.interpol.int/notices/v1/red/2010-39183/images/54473691,https://ws-public.interpol.int/notices/v1/red/2010-39183/images,https://ws-public.interpol.int/notices/v1/red/2010-39183,M,SAN ANTONA DEUTACHI,Venezuela,['BLA'],['GRY'],0.0,0.0,ENG,,THEFT AND CRIMINAL CONSPIRACY,India,
2010/6324,JOSE RAFAEL,MARIN MOLINA,1985/07/16,VE,,https://ws-public.interpol.int/notices/v1/red/2010-6324/images,https://ws-public.interpol.int/notices/v1/red/2010-6324,M,MERIDA,Venezuela,,,0.0,0.0,,,HOMICIDIO INTENCIONAL CALIFICADO Y USO INDEBIDO DE ARMA BLANCA.,Venezuela,
2008/18237,HERBERT,PULGAR,1969/08/01,"VE, US",https://ws-public.interpol.int/notices/v1/red/2008-18237/images/53950812,https://ws-public.interpol.int/notices/v1/red/2008-18237/images,https://ws-public.interpol.int/notices/v1/red/2008-18237,M,ILLINOIS,United States of America,['BRO'],['BLA'],1.88,141.0,"SPA, ENG",Tattoos on both arms ,1) Conspiracy to Possess with intent to Distribute and to Distribute 50 grams or more of Crack Cocaine (1 count) 2) Possession with Intent to Distribute and Distribution of 50 grams or more of Crack Cocaine (1 count) 3) Distribution of 5 grams or more of Crack Cocaine (2 counts),United States of America,
2007/31100,JESUS GERARDO,SALAZAR,1981/10/06,"CO, VE",https://ws-public.interpol.int/notices/v1/red/2007-31100/images/61216512,https://ws-public.interpol.int/notices/v1/red/2007-31100/images,https://ws-public.interpol.int/notices/v1/red/2007-31100,M,Zulia,Venezuela,['BRO'],['BLA'],1.775,74.5,"ENG, SPA","Tattoos:  ""SALAZAR"" in large old English style letters across chest;  letter ""J"" in old English style lettering with an unknown design on the inside of the left forearm;  letter ""J"" in old English style lettering on the outside of the right lower leg;  letter ""F"" in old English block lettering on the outside of the left lower leg;  A cross on a chain (i.e. a rosary) on the left middle finger;  letters ""LK"" in old English style lettering on the web of the left hand;  ""FLACO"" in script on the left wrist;  Forks down gang sign on the left side of the lower abdomen and dots on the left wrist bone and each knuckle of the left hand",Murder (1 Count),United States of America,
