entity_id,forename,name,date_of_birth,nationalities,thumbnail,images,self_link,sex_id,place_of_birth,country_of_birth,eyes_colors_id,hairs_id,height,weight,languages_spoken_ids,distinguishing_marks,arrest_charge,arrest_issuing_country,arrest_charge_translation
2020/63568,SHAHID,RASOOL,1982/06/08,NO,https://ws-public.interpol.int/notices/v1/red/2020-63568/images/61908191,https://ws-public.interpol.int/notices/v1/red/2020-63568/images,https://ws-public.interpol.int/notices/v1/red/2020-63568,M,,Norway,,,,,NOR,,Money laundry and Crime against exchange control,Brazil,
2015/33430,KINAN,SUNBOL,1957/11/17,"NO, SY",https://ws-public.interpol.int/notices/v1/red/2015-33430/images/59801329,https://ws-public.interpol.int/notices/v1/red/2015-33430/images,https://ws-public.interpol.int/notices/v1/red/2015-33430,M,DAMASCUS,Syria,['BRO'],['GRY'],1.8,0.0,,,"1) For having had sexual relations with a child under the age of 10. 2) Engaging in sexual activity with
a fosterchild,
child in his care, stepchild
or any other person under 18 years of age who is under his
care, or subject to his authority or supervision. 3) By word or deed having behaved in a sexually
offensive or otherwise indecent manner towards a child under 16 years of age.",Norway,
2014/41663,ANDERS CAMEROON OESTENSVIG,DALE,1978/10/19,NO,https://ws-public.interpol.int/notices/v1/red/2014-41663/images/59557755,https://ws-public.interpol.int/notices/v1/red/2014-41663/images,https://ws-public.interpol.int/notices/v1/red/2014-41663,M,OSLO,Norway,['BRO'],['BRO'],1.85,0.0,"NOR, ENG, ARA",,"For having participated in or provided financial or other support to a terrorist organisation, when that organisation has taken measures to achieve its goal by illegal means.",Norway,
