entity_id,forename,name,date_of_birth,nationalities,thumbnail,images,self_link,sex_id,place_of_birth,country_of_birth,eyes_colors_id,hairs_id,height,weight,languages_spoken_ids,distinguishing_marks,arrest_charge,arrest_issuing_country,arrest_charge_translation
2025/52041,JUAN PABLO,ESPINOZA MOSCOSO,1992/06/30,PE,https://ws-public.interpol.int/notices/v1/red/2025-52041/images/63561128,https://ws-public.interpol.int/notices/v1/red/2025-52041/images,https://ws-public.interpol.int/notices/v1/red/2025-52041,M,Lima,Peru,,,,,,,"- Transport, Acquisition, Détention, offre ou cession non autorisés de stupéfiants
- Importation non autorisée de stupéfiants
- Participation à association de malfaiteurs en vue de la préparation d'un délit puni de 10 ans d'emprisonnement
- Blanchiment : concours à une opération de placement, dissimulation ou conversion du produit d'un délit de trafic de stupéfiants",France,
2021/83806,MICHAEL WILFREDO,VALVERDE HUAYAMARES,1983/01/13,PE,https://ws-public.interpol.int/notices/v1/red/2021-83806/images/63202045,https://ws-public.interpol.int/notices/v1/red/2021-83806/images,https://ws-public.interpol.int/notices/v1/red/2021-83806,M,Lima,Peru,,,1.78,,,,HOMICIDIO CALIFICADO,Argentina,
2021/78884,KATHERINE STEFFANY,ROSADO MUÑOZ,1989/05/16,PE,https://ws-public.interpol.int/notices/v1/red/2021-78884/images/62311413,https://ws-public.interpol.int/notices/v1/red/2021-78884/images,https://ws-public.interpol.int/notices/v1/red/2021-78884,F,,Peru,,,,,SPA,,HOMICIDIO AGRAVADO POR EL EMPLEO DE ARMA DE FUEGO Y POR EL VÍNCULO EN GRADO DE TENTATIVA,Argentina,
2021/68811,FERNANDO ADOLFO,SANCHEZ ROJAS,1982/08/14,PE,https://ws-public.interpol.int/notices/v1/red/2021-68811/images/62276255,https://ws-public.interpol.int/notices/v1/red/2021-68811/images,https://ws-public.interpol.int/notices/v1/red/2021-68811,M,,Peru,,,,,SPA,,"TRASLADO Y RECEPCIÓN DE MENORES DE EDAD CON FINES DE EXPLOTACIÓN SEXUAL AGRAVADO POR LA PARTICIPACIÓN DE TRES O MÁS PERSONAS, EN CALIDAD DE COAUTORES",Argentina,
2021/68793,JUAN NATIVIDAD,GUEVARA CATALAN,1988/12/23,PE,https://ws-public.interpol.int/notices/v1/red/2021-68793/images/62276221,https://ws-public.interpol.int/notices/v1/red/2021-68793/images,https://ws-public.interpol.int/notices/v1/red/2021-68793,M,,Peru,,,0.0,0.0,,,"TRASLADO Y RECEPCIÓN DE MENORES DE EDAD CON FINES DE EXPLOTACIÓN SEXUAL AGRAVADO POR LA PARTICIPACIÓN DE TRES O MÁS PERSONAS, EN CALIDAD DE COAUTORES",Argentina,
2021/66056,FREDDY ESTEBAN,QUISPE ORE,1997/02/01,PE,https://ws-public.interpol.int/notices/v1/red/2021-66056/images/62267365,https://ws-public.interpol.int/notices/v1/red/2021-66056/images,https://ws-public.interpol.int/notices/v1/red/2021-66056,M,,Peru,,,,,,,"ABUSO SEXUAL CON ACCESO CARNAL AGRAVADO POR LA SITUACIÓN DE CONVIVENCIA PREEXISTENTE, POR SER COMETIDO CONTRA UNA MENOR DE 18 AÑOS DE EDAD Y POR SER ENCARGADO DE LA GUARDA, SUMINISTRO DE MATERIAL PORNOGRÁFICO A MENORES DE 14 AÑOS DE EDAD Y CORRUPCIÓN DE MENORES AGRAVADA (HECHOS REITERADOS), TODOS ELLOS EN CONCURSO REAL ENTRE SÍ.",Argentina,
2021/45290,DAVIS ANTHONY,BARRIGA CARTY,1984/07/13,PE,,https://ws-public.interpol.int/notices/v1/red/2021-45290/images,https://ws-public.interpol.int/notices/v1/red/2021-45290,M,"Chimbote, Provincia Santa y Departamento de Ancash",Peru,,,,,SPA,,ABUSO SEXUAL SIMPLE AGRAVADO POR HABER SIDO COMETIDO CONTRA UN MENOR DE DIECIOCHO AÑOS APROVECHANDO LA SITUACIÓN DE CONVIVENCIA PREEXISTENTE,Argentina,
2017/158148,PERCI JAMES,MARQUINA CUEVA,1982/12/01,PE,https://ws-public.interpol.int/notices/v1/red/2017-158148/images/61131321,https://ws-public.interpol.int/notices/v1/red/2017-158148/images,https://ws-public.interpol.int/notices/v1/red/2017-158148,M,PERU,Peru,,,,,SPA,,ABUSO SEXUAL CON ACCESO CARNAL,Argentina,
2021/6040,JORGE ANTONIO,CHÁVEZ GABRIEL,1987/09/02,PE,https://ws-public.interpol.int/notices/v1/red/2021-6040/images/62004659,https://ws-public.interpol.int/notices/v1/red/2021-6040/images,https://ws-public.interpol.int/notices/v1/red/2021-6040,M,localidad de Trujillos,Peru,,,,,SPA,,"ABUSO SEXUAL CON ACCESO CARNAL ANAL, VAGINAL Y ORAL EN REITERADAS OPORTUNIDADES.-",Argentina,
2020/62196,CESAR BONEL,CESPEDES ROMAN,1989/07/28,PE,https://ws-public.interpol.int/notices/v1/red/2020-62196/images/61903682,https://ws-public.interpol.int/notices/v1/red/2020-62196/images,https://ws-public.interpol.int/notices/v1/red/2020-62196,M,,Peru,,,0.0,0.0,SPA,,"ABUSO SEXUAL SIMPLE, GRAVEMENTE ULTRAJANTE Y CON ACCESO CARNAL, COMO ASÍ TAMBIÉN, ABUSO SEXUAL CON ACCESO CARNAL EN GRADO  DE TENTATIVA, REITERADOS Y DOBLEMENTE AGRAVADOS POR HABER SIDO COMETIDOS POR EL ENCARGADO DE LA GUARDA Y CONTRA MENORES DE 18 ANOS, APROVECHANDO LA SITUACIÓN DE CONVIVENCIA PREEXISTENTE, TODOS LOS CUALES CONCURSAN EN FORMA REAL ENTRE SI Y, A SU VEZ, SE ENLAZAN MATERIALMENTE CON LA FIGURA TÍPICA DE SUMINISTRO DE MATERIAL PORNOGRÁFICO",Argentina,
2020/59108,HERMAN ANTONIO,RODRIGUEZ GUARDIA,1996/04/11,PE,https://ws-public.interpol.int/notices/v1/red/2020-59108/images/61892886,https://ws-public.interpol.int/notices/v1/red/2020-59108/images,https://ws-public.interpol.int/notices/v1/red/2020-59108,M,,Peru,,,,,SPA,,"ROBO EN POBLADO Y EN BANDA, EN CONCURSO REAL CON EL DELITO DE HOMICIDIO DOBLEMENTE CALIFICADO POR SER COMETIDO CON ALEVOSIA Y “CRIMINIS CAUSA”",Argentina,
2019/94064,ROSARIO ISABEL AGRIPINA,ESPINOZA LINARES,1990/05/19,PE,https://ws-public.interpol.int/notices/v1/red/2019-94064/images/61545762,https://ws-public.interpol.int/notices/v1/red/2019-94064/images,https://ws-public.interpol.int/notices/v1/red/2019-94064,F,,Peru,,,,,SPA,,Comercio de estupefacientes con el agravante de intervención organizada de tres o mas personas.,Argentina,
2019/92820,AVELINO,OLARTE GONZALES,1982/08/05,PE,https://ws-public.interpol.int/notices/v1/red/2019-92820/images/61542762,https://ws-public.interpol.int/notices/v1/red/2019-92820/images,https://ws-public.interpol.int/notices/v1/red/2019-92820,M,,Peru,,,,,SPA,,"ABUSO SEXUAL CON ACCESO CARNAL AGRAVADO POR SER COMETIDO POR EL ENCARGADO DE LA GUARDA Y APROVECHAR LA CONVIVENCIA PREEXISTENTE CON UNA MENOR DE 18 AÑOS, REITERADOS.",Argentina,
2017/204158,LUIS CARLOS,ANGEL PANDURO,1987/12/07,PE,https://ws-public.interpol.int/notices/v1/red/2017-204158/images/60763508,https://ws-public.interpol.int/notices/v1/red/2017-204158/images,https://ws-public.interpol.int/notices/v1/red/2017-204158,M,JESUS MARIA/LIMA,Peru,,,,,SPA,,SECUESTRO EXTORSIVO,Argentina,
2017/16355,JUAN CARLOS,CRUZADO GIL,1989/07/02,PE,https://ws-public.interpol.int/notices/v1/red/2017-16355/images/60562990,https://ws-public.interpol.int/notices/v1/red/2017-16355/images,https://ws-public.interpol.int/notices/v1/red/2017-16355,M,cajamarca,Peru,,,,,SPA,,abuso sexual agravado por haber sido cometido con acceso carnal en grado de tentativa,Argentina,
2017/124367,JESUS JUNIOR,GUTIERREZ CARBAJAL,1987/10/04,PE,https://ws-public.interpol.int/notices/v1/red/2017-124367/images/60542923,https://ws-public.interpol.int/notices/v1/red/2017-124367/images,https://ws-public.interpol.int/notices/v1/red/2017-124367,M,,Peru,,,,,SPA,,TENENCIA DE ESTUPEFACIENTES CON FINES DE COMERCIALIZACION,Argentina,
2017/10136,CARLOS ALBERTO,CORONADO ANDAMAYO,1972/07/17,PE,https://ws-public.interpol.int/notices/v1/red/2017-10136/images/60309134,https://ws-public.interpol.int/notices/v1/red/2017-10136/images,https://ws-public.interpol.int/notices/v1/red/2017-10136,M,LIMA,Peru,,,0.0,0.0,SPA,,abuso sexual,Argentina,
2016/91107,SAMUEL,FERNANDEZ HUAMAN,1963/08/20,PE,https://ws-public.interpol.int/notices/v1/red/2016-91107/images/60265752,https://ws-public.interpol.int/notices/v1/red/2016-91107/images,https://ws-public.interpol.int/notices/v1/red/2016-91107,M,Lima,Peru,,,,,SPA,,abuso sexual,Argentina,
2011/32536,GENARO RUBEN,GUEVARA CARDENAS,1977/07/23,PE,https://ws-public.interpol.int/notices/v1/red/2011-32536/images/61694000,https://ws-public.interpol.int/notices/v1/red/2011-32536/images,https://ws-public.interpol.int/notices/v1/red/2011-32536,M,LIMA,Peru,,,1.73,,SPA,,International drug trafficking,Brazil,
2009/19619,JOSE MARIA,ZIMIC,1957/03/18,PE,https://ws-public.interpol.int/notices/v1/red/2009-19619/images/54186932,https://ws-public.interpol.int/notices/v1/red/2009-19619/images,https://ws-public.interpol.int/notices/v1/red/2009-19619,M,,Peru,['BRO'],['GRY'],1.88,86.0,"ENG, SPA",,Premeditated attempted murder,United States of America,
