entity_id,forename,name,date_of_birth,nationalities,thumbnail,images,self_link,sex_id,place_of_birth,country_of_birth,eyes_colors_id,hairs_id,height,weight,languages_spoken_ids,distinguishing_marks,arrest_charge,arrest_issuing_country,arrest_charge_translation
2025/39242,MAKSIM SERGEEVICH,MIKHAILOV,1976/07/29,"RU, UA",https://ws-public.interpol.int/notices/v1/red/2025-39242/images/63509327,https://ws-public.interpol.int/notices/v1/red/2025-39242/images,https://ws-public.interpol.int/notices/v1/red/2025-39242,M,,Russia,,,0.0,0.0,,,Participation in a criminal organization,Germany,
2025/39256,ROMAN MIKHAILOVICH,PROKOP,1988/09/11,UA,https://ws-public.interpol.int/notices/v1/red/2025-39256/images/63509380,https://ws-public.interpol.int/notices/v1/red/2025-39256/images,https://ws-public.interpol.int/notices/v1/red/2025-39256,M,,Ukraine,,,0.0,0.0,,,Membership of a criminal organisation,Germany,
2025/38220,ANDRII,NYKONENKO,1975/12/07,UA,https://ws-public.interpol.int/notices/v1/red/2025-38220/images/63505427,https://ws-public.interpol.int/notices/v1/red/2025-38220/images,https://ws-public.interpol.int/notices/v1/red/2025-38220,M,Zaporizhia,Ukraine,['BRO'],,1.85,,UKR,,Attempting murder,Poland,
2024/72514,VLADYSLAV,SOBOL,1972/01/08,"UA, PL",https://ws-public.interpol.int/notices/v1/red/2024-72514/images/63247397,https://ws-public.interpol.int/notices/v1/red/2024-72514/images,https://ws-public.interpol.int/notices/v1/red/2024-72514,M,UMAN,Ukraine,['OTHL'],['YELB'],1.85,0.0,"UKR, POL","Scars after gunshot wounds on different parts of body. Right arm, hips, cords, left wrist.",Acting as part of an organised criminal group,Poland,
2024/34687,SERHII,CHALYI,1992/06/19,UA,https://ws-public.interpol.int/notices/v1/red/2024-34687/images/63104012,https://ws-public.interpol.int/notices/v1/red/2024-34687/images,https://ws-public.interpol.int/notices/v1/red/2024-34687,M,KHERSON,Ukraine,,['OTHD'],0.0,0.0,"RUS, UKR",,participation in an organised criminal group acting with the aim of perpetrating criminal offences of terrorist nature,Poland,
2024/1353,VITALIY,OSETSKYY,1981/10/29,UA,https://ws-public.interpol.int/notices/v1/red/2024-1353/images/62956188,https://ws-public.interpol.int/notices/v1/red/2024-1353/images,https://ws-public.interpol.int/notices/v1/red/2024-1353,M,ODESA,Ukraine,,,0.0,0.0,,"ATHLETIC BUILD, RIGHT FOREARM TATTOO SHOWING A MONK, RIGHT ARM TATTOO SHOWING THE POLAR STAR, LEFT ARM TATTOO SHOWING THE POLAR STAR, POST-OPERATIVE SCAR ON THE NECK ON THE LEFT SIDE.","participation in criminal organization, inciting to prostitution/derive material benefits from prostitution practiced by another person, possessing a firearm or ammunition without the licence",Poland,
2022/46926,SERHII,VELENCHUK,1995/11/14,UA,https://ws-public.interpol.int/notices/v1/red/2022-46926/images/62493911,https://ws-public.interpol.int/notices/v1/red/2022-46926/images,https://ws-public.interpol.int/notices/v1/red/2022-46926,M,"Crimea, Yalta",Ukraine,,,,,,,murder,Poland,
2021/77484,YURI,LISOVOY,1975/04/25,UA,https://ws-public.interpol.int/notices/v1/red/2021-77484/images/62306396,https://ws-public.interpol.int/notices/v1/red/2021-77484/images,https://ws-public.interpol.int/notices/v1/red/2021-77484,M,KHERSON,Ukraine,,,,,,,"IMPORTATION DE STUPÉFIANTS  EN BANDE ORGANISÉE 
COMPLICITÉ D’ACQUISITION Transport,détention de stupéfiants-
COMPLICITÉ D’INFORMATION SANS DÉCLARATION PRÉALABLE DE SUBSTANCES PROHIBÉES CLASSÉES DANGEREUSES POUR LA SANTÉ PUBLIQUE
COMPLICITÉ D’ACQUISITION,DÉTENTION ET/OU TRANSPORT DE SUBSTANCES PROHIBÉES CLASSÉES DANGEREUSES POUR LA SANTÉ PUBLIQUE",France,
2021/65445,LIUDMYLA,MYSNIK,1951/04/21,UA,https://ws-public.interpol.int/notices/v1/red/2021-65445/images/62265474,https://ws-public.interpol.int/notices/v1/red/2021-65445/images,https://ws-public.interpol.int/notices/v1/red/2021-65445,F,Zhytomyr,Ukraine,,['BLA'],1.7,,"UKR, RUS",,"Drug smuggling and Illegal acquisition, storage, transportation of Narcotic Drugs",Russia,
2021/56354,SERHII,ROMANOV,1981/01/27,UA,https://ws-public.interpol.int/notices/v1/red/2021-56354/images/62928429,https://ws-public.interpol.int/notices/v1/red/2021-56354/images,https://ws-public.interpol.int/notices/v1/red/2021-56354,M,,,,,0.0,0.0,,,participation in criminal organization; Possessing a firearm or ammunition without the licence,Poland,
2021/55349,SERHII,SOLOPA,1979/07/23,UA,https://ws-public.interpol.int/notices/v1/red/2021-55349/images/62933543,https://ws-public.interpol.int/notices/v1/red/2021-55349/images,https://ws-public.interpol.int/notices/v1/red/2021-55349,M,,,,,0.0,0.0,,,participation in criminal organization; Possessing a firearm or ammunition without the licence,Poland,
2021/56238,OLEKSANDR,USHCHYN,1965/05/05,UA,https://ws-public.interpol.int/notices/v1/red/2021-56238/images/62235437,https://ws-public.interpol.int/notices/v1/red/2021-56238/images,https://ws-public.interpol.int/notices/v1/red/2021-56238,M,,,,,0.0,0.0,,,"acting jointly with other persons, participated in the criminal activities of an organized crime group involved in firearms trafficking without the legally required permit",Poland,
2021/39682,ROSTYSLAV,GRYTSAI,1964/08/15,UA,https://ws-public.interpol.int/notices/v1/red/2021-39682/images/62928311,https://ws-public.interpol.int/notices/v1/red/2021-39682/images,https://ws-public.interpol.int/notices/v1/red/2021-39682,M,LWOW,Ukraine,,,0.0,0.0,UKR,,fraud,Poland,
2019/47530,ANDREI,MARKUSHEVSKII,1970/06/16,"RU, UA, EE",https://ws-public.interpol.int/notices/v1/red/2019-47530/images/61915813,https://ws-public.interpol.int/notices/v1/red/2019-47530/images,https://ws-public.interpol.int/notices/v1/red/2019-47530,M,"Russia, Kingisepp city",Russia,['GRE'],['OTHD'],,,"RUS, EST",,"organization of smuggling of explosive substance; Illegal Acquisition, Transfer, Sale, Storage, Transportation, or Bearing of Firearms, Its Basic Parts, Ammunition, Explosives, and Explosive Devices;Illegal Acquisition, Transfer, Sale, Storage, Transportation, or Bearing of Firearms, Its Basic Parts, Ammunition, Explosives, and Explosive Devices committed in organization group",Russia,
2020/79436,ALEXANDER,SAMSONENKO,1974/09/05,UA,https://ws-public.interpol.int/notices/v1/red/2020-79436/images/61960401,https://ws-public.interpol.int/notices/v1/red/2020-79436/images,https://ws-public.interpol.int/notices/v1/red/2020-79436,M,,Ukraine,['GRE'],['OTHD'],1.8,70.0,"RUS, UKR",,aggravated murder,Russia,
2020/13678,OLEG,BURKEVICH,1976/05/23,UA,https://ws-public.interpol.int/notices/v1/red/2020-13678/images/61728992,https://ws-public.interpol.int/notices/v1/red/2020-13678/images,https://ws-public.interpol.int/notices/v1/red/2020-13678,M,Zhlobin,Belarus,,,,,"RUS, UKR",,Rape of a minor,Russia,
2016/58921,VALERIJ,KOTUBEJ,1969/11/12,UA,https://ws-public.interpol.int/notices/v1/red/2016-58921/images/60178386,https://ws-public.interpol.int/notices/v1/red/2016-58921/images,https://ws-public.interpol.int/notices/v1/red/2016-58921,M,ZASZTAVNE,Ukraine,,,0.0,0.0,,,possession of drug in large quantity,Hungary,
2019/111696,ALEKSANDR,MARTYNENKO,1979/04/01,UA,https://ws-public.interpol.int/notices/v1/red/2019-111696/images/61601630,https://ws-public.interpol.int/notices/v1/red/2019-111696/images,https://ws-public.interpol.int/notices/v1/red/2019-111696,M,WATUTINE,Ukraine,,,0.0,0.0,UKR,,double murder with robbery,Poland,
2019/88208,EVGENIY,NAGORIANSKYI,1964/04/12,UA,https://ws-public.interpol.int/notices/v1/red/2019-88208/images/61529243,https://ws-public.interpol.int/notices/v1/red/2019-88208/images,https://ws-public.interpol.int/notices/v1/red/2019-88208,M,,Ukraine,,,,,,,"1) attempted murder, grievous bodily injuries; 
2) murder;
3) possession of a firearm or ammunition without the licence.",Poland,
2018/46902,DMYTRIY,BAIDYUK,1982/01/25,UA,https://ws-public.interpol.int/notices/v1/red/2018-46902/images/61059400,https://ws-public.interpol.int/notices/v1/red/2018-46902/images,https://ws-public.interpol.int/notices/v1/red/2018-46902,M,KANSK TOWN,Russia,,,0.0,0.0,,,Banditry; Robbery with Violence (6 episodes); Illegal Deprivation of Liberty (3 episodes); Theft (2 episodes); Illegal Bearing of Firearms; Roberry: Stealing of Firearms; Forgery; escape from arrest.,Russia,
2018/33332,YURYI VASILYOVICH,KOUBITOVICH,1973/02/14,UA,,https://ws-public.interpol.int/notices/v1/red/2018-33332/images,https://ws-public.interpol.int/notices/v1/red/2018-33332,M,,Ukraine,,,,,UKR,,homicide,Bulgaria,
2018/8534,WLADIMIR,MICHAJLYK,1968/07/23,UA,https://ws-public.interpol.int/notices/v1/red/2018-8534/images/60939566,https://ws-public.interpol.int/notices/v1/red/2018-8534/images,https://ws-public.interpol.int/notices/v1/red/2018-8534,M,Kercz,Ukraine,,['BLA'],1.85,90.0,UKR,,"murder, grievous bodily injury",Poland,
2017/13637,VASILII,APSHAI,1981/12/03,UA,https://ws-public.interpol.int/notices/v1/red/2017-13637/images/60321761,https://ws-public.interpol.int/notices/v1/red/2017-13637/images,https://ws-public.interpol.int/notices/v1/red/2017-13637,M,"ZAKARPATSKI REGION, TYACHEVSKI DISTRICT, VELIKAYA UGOLKA VIL",Ukraine,,,0.0,0.0,"UKR, RUS",,"Murder

Unlawful occupancy of a car or of any other transport vehicle, without the purpose of stealing (hijacking) committed by group of persons on preliminary agreement",Russia,
2015/64078,SERGEY,NEVEROV,1962/10/11,"UA, RU",https://ws-public.interpol.int/notices/v1/red/2015-64078/images/59900113,https://ws-public.interpol.int/notices/v1/red/2015-64078/images,https://ws-public.interpol.int/notices/v1/red/2015-64078,M,TOLIATTI TOWN,Russia,['OTHD'],['OTHD'],1.8,0.0,"RUS, UKR, ENG",,"organization of a criminal community; 
preparation of a murder of two persons;
illegal acquisition, storage, transportation and wearing of firearm",Russia,
2013/24737,VALERIY,GRIGORASH,1988/08/07,UA,https://ws-public.interpol.int/notices/v1/red/2013-24737/images/58488508,https://ws-public.interpol.int/notices/v1/red/2013-24737/images,https://ws-public.interpol.int/notices/v1/red/2013-24737,M,DUBOSSARY,Moldova,,['BLA'],1.75,0.0,RUS,,Rape,Russia,
2016/31396,DANIIL,GLINSKIY,1983/04/01,UA,https://ws-public.interpol.int/notices/v1/red/2016-31396/images/60082662,https://ws-public.interpol.int/notices/v1/red/2016-31396/images,https://ws-public.interpol.int/notices/v1/red/2016-31396,M,,Ukraine,['GRY'],['BRO'],1.67,0.0,"RUS, UKR",,"-	murder of two or more persons, a minor or another person who is, knowingly for the guilty person, in a helpless state committed out of mercenary motives;
-	robbery with the infliction of major damage to the victim's health;",Russia,
2016/26825,VALENTIN,RUZHINSKIY,1979/01/09,UA,https://ws-public.interpol.int/notices/v1/red/2016-26825/images/60068673,https://ws-public.interpol.int/notices/v1/red/2016-26825/images,https://ws-public.interpol.int/notices/v1/red/2016-26825,M,DRUZHKOVKA TOWN,Ukraine,,['OTHD'],1.68,0.0,"UKR, RUS",,murder,Russia,
2016/17689,BOGDAN,MAKHONIN,1993/06/02,UA,https://ws-public.interpol.int/notices/v1/red/2016-17689/images/60038080,https://ws-public.interpol.int/notices/v1/red/2016-17689/images,https://ws-public.interpol.int/notices/v1/red/2016-17689,M,KHARKOV TOWN,Ukraine,['BROD'],['BLA'],1.73,,"UKR, RUS",,Intentional infliction of a grave injury.,Russia,
2016/7074,ARTEM,TEMPINSKI,1985/07/15,UA,https://ws-public.interpol.int/notices/v1/red/2016-7074/images/59999403,https://ws-public.interpol.int/notices/v1/red/2016-7074/images,https://ws-public.interpol.int/notices/v1/red/2016-7074,M,,Ukraine,,,0.0,0.0,,,Attempted murder,Bulgaria,
2016/7143,YEVHEN,BALKOV,1986/06/12,UA,https://ws-public.interpol.int/notices/v1/red/2016-7143/images/59999262,https://ws-public.interpol.int/notices/v1/red/2016-7143/images,https://ws-public.interpol.int/notices/v1/red/2016-7143,M,,Ukraine,,,0.0,0.0,"RUS, UKR",,Attempted homicide,Bulgaria,
2016/7145,MAKSYM,CHORNYI,1985/08/02,UA,https://ws-public.interpol.int/notices/v1/red/2016-7145/images/59999264,https://ws-public.interpol.int/notices/v1/red/2016-7145/images,https://ws-public.interpol.int/notices/v1/red/2016-7145,M,,Ukraine,,,0.0,0.0,,,Attempted homicide,Bulgaria,
2015/84294,MYKOLA,VIDANOV,1973/03/24,UA,https://ws-public.interpol.int/notices/v1/red/2015-84294/images/59966947,https://ws-public.interpol.int/notices/v1/red/2015-84294/images,https://ws-public.interpol.int/notices/v1/red/2015-84294,M,ASTRAKHANKA,Ukraine,,,0.0,0.0,"RUS, UKR",,Premeditated murder based on mercenary motives committed by a group of persons upon prior conspiracy,Ukraine,
2015/75137,VASYL,VOZNIUK,1969/12/22,UA,https://ws-public.interpol.int/notices/v1/red/2015-75137/images/59936011,https://ws-public.interpol.int/notices/v1/red/2015-75137/images,https://ws-public.interpol.int/notices/v1/red/2015-75137,M,"Berezhcy village, Kremenec district, Ternopol region",Ukraine,,['OTHD'],,,"UKR, RUS",,Intentional infliction of a grave injury which have involved the death of the victim by negligence,Russia,
2015/73566,PAVLO,ROMASHCHENKO,1976/03/08,UA,https://ws-public.interpol.int/notices/v1/red/2015-73566/images/59931239,https://ws-public.interpol.int/notices/v1/red/2015-73566/images,https://ws-public.interpol.int/notices/v1/red/2015-73566,M,ROSTOV REGION,Russia,,,0.0,0.0,"UKR, RUS",,"Murder based on mercenary motives; Brigandism in respect of gross and especially gross amounts, or committed by an organized group, or accompanied with infliction of grievous bodily injury",Ukraine,
2015/44079,ALEXANDER,TKACHEV,1983/12/14,UA,,https://ws-public.interpol.int/notices/v1/red/2015-44079/images,https://ws-public.interpol.int/notices/v1/red/2015-44079,M,"DNEPROPETROVSK REGION, PAVLOVGRAD TOWN",Ukraine,,['BRO'],1.67,0.0,RUS,,abduction committed by group of persons on preliminary agreement,Russia,
2015/71012,VLADIMIR,SKULSKY,1973/05/18,"UA, IL",https://ws-public.interpol.int/notices/v1/red/2015-71012/images/59922832,https://ws-public.interpol.int/notices/v1/red/2015-71012/images,https://ws-public.interpol.int/notices/v1/red/2015-71012,M,ODESSA,Ukraine,,,1.73,,"ENG, RUS",,large scale fraud,Russia,
2010/41975,YURIY,POP,1966/05/12,UA,https://ws-public.interpol.int/notices/v1/red/2010-41975/images/54485335,https://ws-public.interpol.int/notices/v1/red/2010-41975/images,https://ws-public.interpol.int/notices/v1/red/2010-41975,M,BUSTINO,Ukraine,['BRO'],['BRO'],1.75,92.0,"RUM, UKR",,1. CONSTITUER UN GROUPE CRIMINEL ORGANISE; 2. CONTREBANDE; 3. TRAFIC DE MIGRANTS,Romania,
2014/60644,NIKOLAI,GRIGORYEV,1971/06/03,UA,https://ws-public.interpol.int/notices/v1/red/2014-60644/images/59625601,https://ws-public.interpol.int/notices/v1/red/2014-60644/images,https://ws-public.interpol.int/notices/v1/red/2014-60644,M,"GLUKHOV, SUMY REGION",Ukraine,['BRO'],['OTHD'],1.72,0.0,"RUS, UKR",,murder,Russia,
2013/31037,ANDREY,ZIMA,1977/07/04,"RU, UA",https://ws-public.interpol.int/notices/v1/red/2013-31037/images/58610991,https://ws-public.interpol.int/notices/v1/red/2013-31037/images,https://ws-public.interpol.int/notices/v1/red/2013-31037,M,"SСHETOVO VILLAGE, ANTRATSYT TOWN, LUGANSK REGION",Ukraine,,,,,"RUS, UKR",,"Banditry;
murder, committed by a group of persons under a preliminary conspiracy and out of mercenary motives by hire;",Russia,
2013/20873,DMYTRO,AFANAS'YEV,1978/06/30,UA,https://ws-public.interpol.int/notices/v1/red/2013-20873/images/60039299,https://ws-public.interpol.int/notices/v1/red/2013-20873/images,https://ws-public.interpol.int/notices/v1/red/2013-20873,M,,Ukraine,['BLU'],['YELB'],1.7,0.0,,,AGGRAVATED ROBBERY,Italy,
2012/334946,NIKOLAY,YURCHENKO,1968/03/01,UA,,https://ws-public.interpol.int/notices/v1/red/2012-334946/images,https://ws-public.interpol.int/notices/v1/red/2012-334946,M,ROSTOV REGION,Russia,,,0.0,0.0,,,"Illegal purchase, possession, storage of firearms and ammunition, murder.",Russia,
2012/331038,ANTON,MALOVICHKO,1989/05/19,UA,,https://ws-public.interpol.int/notices/v1/red/2012-331038/images,https://ws-public.interpol.int/notices/v1/red/2012-331038,M,NIKOLAEVSKAYA REGION,Ukraine,,,,,"RUS, UKR",,Intentional infliction of a grave injury what caused victim’s death.,Russia,
2010/54685,OLGA,SPODARYK,1979/12/18,UA,https://ws-public.interpol.int/notices/v1/red/2010-54685/images/54676369,https://ws-public.interpol.int/notices/v1/red/2010-54685/images,https://ws-public.interpol.int/notices/v1/red/2010-54685,F,KODOMYIA,Ukraine,,,,0.0,,,MURDER,Hungary,
2010/34055,ANATOLIY,ANDROSHCHUK,1984/07/04,UA,https://ws-public.interpol.int/notices/v1/red/2010-34055/images/54449822,https://ws-public.interpol.int/notices/v1/red/2010-34055/images,https://ws-public.interpol.int/notices/v1/red/2010-34055,M,"TOMASHGOROD, PROVINCE ROVNO",Ukraine,['BRO'],['BLA'],1.78,82.0,"ENG, RUS",,"1) KIDNAP TO COMMIT RAPE AND FORCIBLE ORAL COPULATION
2) RAPE IN CONCERT WITH ANOTHER (2 COUNTS)
3) ORAL COPULATION IN CONCERT WITH ANOTHER WITH FORCE (2 COUNTS)",United States of America,
2010/30314,DMYTRO,BOTSVYNYUK,1966/08/07,UA,https://ws-public.interpol.int/notices/v1/red/2010-30314/images/59705131,https://ws-public.interpol.int/notices/v1/red/2010-30314/images,https://ws-public.interpol.int/notices/v1/red/2010-30314,M,,Ukraine,,,0.0,0.0,"UKR, RUS",,CONSPIRACY TO COMMIT RACKETEERING,United States of America,
2009/36710,DMYTRO,KETSMUR,1973/11/24,UA,https://ws-public.interpol.int/notices/v1/red/2009-36710/images/54246956,https://ws-public.interpol.int/notices/v1/red/2009-36710/images,https://ws-public.interpol.int/notices/v1/red/2009-36710,M,Dolina,Ukraine,['BRO'],['OTHD'],1.71,,,,ROBBERY,Czech Republic,
2009/5344,NIKOLAY,KOVALCHUK,1960/06/19,UA,https://ws-public.interpol.int/notices/v1/red/2009-5344/images/54072076,https://ws-public.interpol.int/notices/v1/red/2009-5344/images,https://ws-public.interpol.int/notices/v1/red/2009-5344,M,ZHITOMIR REGION,Ukraine,,,1.75,0.0,RUS,"A 5MM SCAR AT THE LEFT EYE, TWO ACCRETE FINGERS ON THE LEFT HAND, A TATTOO ON THE LEFT FOREARM",Murder of three minors,Russia,
2005/38315,TATYANA,CHISTYAKOVA,1951/12/24,UA,https://ws-public.interpol.int/notices/v1/red/2005-38315/images/61132654,https://ws-public.interpol.int/notices/v1/red/2005-38315/images,https://ws-public.interpol.int/notices/v1/red/2005-38315,F,"Bobruisk, Mogilev",Belarus,,['OTHD'],1.675,,RUS,"looks like 50 years old
straight nose",Large-scale misappropriation by fraud,Russia,
2007/53426,LEONID ILICH,KOGAN,1980/06/16,"UA, US",https://ws-public.interpol.int/notices/v1/red/2007-53426/images/61150312,https://ws-public.interpol.int/notices/v1/red/2007-53426/images,https://ws-public.interpol.int/notices/v1/red/2007-53426,M,ODESSA,Ukraine,['BLU'],['BRO'],1.725,81.0,"RUS, ENG",,"(1) Kidnapping for ransom, reward or extortion; 
(2) Intimidation of witnesses and victims; 
(3) Attempt to extort money by any threat; 
(4) Kidnapping",United States of America,
2006/24592,KONSTANTIN,STARODUBTSEV,1980/11/05,"RU, UA",https://ws-public.interpol.int/notices/v1/red/2006-24592/images/61150336,https://ws-public.interpol.int/notices/v1/red/2006-24592/images,https://ws-public.interpol.int/notices/v1/red/2006-24592,M,Moscow,Russia,,,,,RUS,,"Fraud, organization in a criminal community",Russia,
2007/42637,ANDREY,VUSIK,1978/02/26,UA,https://ws-public.interpol.int/notices/v1/red/2007-42637/images/53783426,https://ws-public.interpol.int/notices/v1/red/2007-42637/images,https://ws-public.interpol.int/notices/v1/red/2007-42637,M,,Ukraine,['GRY'],['BRO'],1.9,94.0,"RUS, ENG",,"INVOLUNTARY MANSLAUGHTER 
INTIMIDATING AND INTERFERING WITH VICTIM RIGHTS",United States of America,
