entity_id,forename,name,date_of_birth,nationalities,thumbnail,images,self_link,sex_id,place_of_birth,country_of_birth,eyes_colors_id,hairs_id,height,weight,languages_spoken_ids,distinguishing_marks,arrest_charge,arrest_issuing_country,arrest_charge_translation
2017/234783,MICHAEL,MARIÑEZ ROSARIO,1988/08/18,DO,,https://ws-public.interpol.int/notices/v1/red/2017-234783/images,https://ws-public.interpol.int/notices/v1/red/2017-234783,M,SANTO DOMINGO,Dominican Republic,,,,,SPA,,FALSIFICACIÓN DE MONEDA,Argentina,
2017/221588,PEDRO ALEJANDRO,CASTILLO PANIAGUA,1981/11/26,DO,https://ws-public.interpol.int/notices/v1/red/2017-221588/images/63125107,https://ws-public.interpol.int/notices/v1/red/2017-221588/images,https://ws-public.interpol.int/notices/v1/red/2017-221588,M,ELIAS PIÑA,Dominican Republic,['BLA'],['GRY'],0.0,0.0,SPA,,HOMICIDIO,Dominican Republic,
2017/4838,ELIZABETH CLEYDY,PERALTA MARTE,1990/11/20,DO,https://ws-public.interpol.int/notices/v1/red/2017-4838/images/60288587,https://ws-public.interpol.int/notices/v1/red/2017-4838/images,https://ws-public.interpol.int/notices/v1/red/2017-4838,F,,Dominican Republic,,,0.0,0.0,,,FALSIFICACIÓN DE MONEDA,Argentina,
2016/69426,JAVIER,MORALES,1994/05/27,DO,,https://ws-public.interpol.int/notices/v1/red/2016-69426/images,https://ws-public.interpol.int/notices/v1/red/2016-69426,M,ISLA SANTIAGO,Dominican Republic,,,,,SPA,,ABUSO SEXUAL CON ACCESO CARNAL DOBLEMENTE AGRAVADO,Argentina,
2015/57425,DENNY,MORENO MATEO,1980/10/06,DO,https://ws-public.interpol.int/notices/v1/red/2015-57425/images/62090480,https://ws-public.interpol.int/notices/v1/red/2015-57425/images,https://ws-public.interpol.int/notices/v1/red/2015-57425,M,,Dominican Republic,,,0.0,0.0,,,Delito de secuestro,Uruguay,
2013/25505,FELIX M.,ARIAS-CRUZ,1978/04/08,DO,https://ws-public.interpol.int/notices/v1/red/2013-25505/images/58757543,https://ws-public.interpol.int/notices/v1/red/2013-25505/images,https://ws-public.interpol.int/notices/v1/red/2013-25505,M,SALCEDO,Dominican Republic,['BRO'],['BRO'],1.8,100.0,"SPA, ENG","ARIAS-CRUZ may have brown or black hair, and has both of his ears pierced.","1) Possession with intent to deliver cocaine
2) Possession of cocaine
3) Criminal use of a communication facility",United States of America,
2010/54293,RAIMUNDO,REYNOSO,1971/02/24,DO,https://ws-public.interpol.int/notices/v1/red/2010-54293/images/54662489,https://ws-public.interpol.int/notices/v1/red/2010-54293/images,https://ws-public.interpol.int/notices/v1/red/2010-54293,M,,Dominican Republic,['BRO'],['BLA'],1.78,91.0,"ENG, SPA",UNKNOWN,"1) SEXUAL BATTERY ON A PERSON LESS THAN 12 YEARS OF AGE 
2) LEWD AND LASCIVIOUS MOLESTATION",United States of America,
2008/7887,AMBIORI,CASTRO,1982/11/15,DO,https://ws-public.interpol.int/notices/v1/red/2008-7887/images/61130026,https://ws-public.interpol.int/notices/v1/red/2008-7887/images,https://ws-public.interpol.int/notices/v1/red/2008-7887,M,SANTO DOMINGO,Dominican Republic,['BRO'],['BLA'],1.75,108.5,SPA,,1) Robbery in the 1st degree (2 counts) ; 2) Robbery in the 2nd degree (2 counts) ; 3) Criminal possession of a weapon in the 2nd degree (1 count) ; 4) Criminal use of a firearm in the 1st degree (1 count) ; 5) Criminal possession of a weapon in the third degree (1 count) ; 6) Criminal possession of stolen property in the 3rd degree (1 count),United States of America,
2005/39315,ZEESAN AHMED,ZEESAN,1970,"DO, BD",https://ws-public.interpol.int/notices/v1/red/2005-39315/images/53349089,https://ws-public.interpol.int/notices/v1/red/2005-39315/images,https://ws-public.interpol.int/notices/v1/red/2005-39315,M,KHILGOAN / DHAKA,Bangladesh,['BLA'],['BLA'],1.67,,BEN,,"MURDER, POSSESSION OF EXPLOSIVES",Bangladesh,
