entity_id,forename,name,date_of_birth,nationalities,thumbnail,images,self_link,sex_id,place_of_birth,country_of_birth,eyes_colors_id,hairs_id,height,weight,languages_spoken_ids,distinguishing_marks,arrest_charge,arrest_issuing_country,arrest_charge_translation
2016/17669,YANIV,MIZRAHI,1976/09/03,"FR, IL",https://ws-public.interpol.int/notices/v1/red/2016-17669/images/62329728,https://ws-public.interpol.int/notices/v1/red/2016-17669/images,https://ws-public.interpol.int/notices/v1/red/2016-17669,M,BEER YAKOV,Israel,,,0.0,0.0,,,-ESCROQUERIE EN BANDE ORGANISEE,France,
2022/82960,VADIM,VAYSMAN,1973/01/18,"RU, IL",https://ws-public.interpol.int/notices/v1/red/2022-82960/images/62620155,https://ws-public.interpol.int/notices/v1/red/2022-82960/images,https://ws-public.interpol.int/notices/v1/red/2022-82960,M,Gomel,Belarus,,['OTHD'],,,"ENG, RUS",,distribution of materials with pornographic pictures of minors,Russia,
2016/63330,JOSEPH,SELLEM,1980/10/22,"FR, IL",https://ws-public.interpol.int/notices/v1/red/2016-63330/images/60194173,https://ws-public.interpol.int/notices/v1/red/2016-63330/images,https://ws-public.interpol.int/notices/v1/red/2016-63330,M,Montreuil,France,,,,,,,"- Escroquerie en bande organisée 
- Blanchiment en bande organisée d'escroquerie en bande organisée",France,
2019/127889,GABRIEL,COHEN,1958/11/21,"IL, FR",https://ws-public.interpol.int/notices/v1/red/2019-127889/images/61661347,https://ws-public.interpol.int/notices/v1/red/2019-127889/images,https://ws-public.interpol.int/notices/v1/red/2019-127889,M,CASABLANCA,Morocco,,,0.0,0.0,FRE,,- Association de malfaiteurs en vue de la préparation d'un délit puni de 10 ans d'emprisonnement,France,
2019/103493,FABRICE FÉLIX STÉPHANE,TOUIL,1976/05/20,"FR, IL",https://ws-public.interpol.int/notices/v1/red/2019-103493/images/61575697,https://ws-public.interpol.int/notices/v1/red/2019-103493/images,https://ws-public.interpol.int/notices/v1/red/2019-103493,M,Paris 19ème,France,,,,,FRE,,*Corruption active : proposition ou fourniture d’avantage à une personne dépositaire de l’autorité publique,France,
2018/60910,VLADISLAV,SEMENOV,1973/11/11,"RU, IL",https://ws-public.interpol.int/notices/v1/red/2018-60910/images/61107042,https://ws-public.interpol.int/notices/v1/red/2018-60910/images,https://ws-public.interpol.int/notices/v1/red/2018-60910,M,Novocherkassk town,Russia,,,,,,,"Violation of Traffic Rules and Rules for Operation of Transport Vehicles by negligence, entailed a human death.",Russia,
2017/190756,CYRIL,ASTRUC,1973/05/03,"IL, FR",https://ws-public.interpol.int/notices/v1/red/2017-190756/images/61131291,https://ws-public.interpol.int/notices/v1/red/2017-190756/images,https://ws-public.interpol.int/notices/v1/red/2017-190756,M,MANTES LA JOLIE (78),France,,,0.0,0.0,,,"ESCROQUERIE EN BANDE ORGANISÉE ­ PARTICIPATION A ASSOCIATION DE MALFAITEURS EN VUE
DE LA PRÉPARATION D'UN DÉLIT PUNI D'AU MOINS 5 ANS D'EMPRISONNEMENT",France,
2015/81109,YUSUF ERCIN,SONMEZ,1957/06/30,"TR, IL",https://ws-public.interpol.int/notices/v1/red/2015-81109/images/59956471,https://ws-public.interpol.int/notices/v1/red/2015-81109/images,https://ws-public.interpol.int/notices/v1/red/2015-81109,M,,TÜRKIYE,,,0.0,0.0,,,"INTENTIONAL INFLICTION OF GRAVE INJURIES, HUMAN TRAFFICKING",Russia,
2015/81115,ROINI,SHIMSHILASHVILI,1978/03/06,IL,https://ws-public.interpol.int/notices/v1/red/2015-81115/images/59956495,https://ws-public.interpol.int/notices/v1/red/2015-81115/images,https://ws-public.interpol.int/notices/v1/red/2015-81115,M,,Georgia,,,0.0,0.0,ENG,,"intentionall infliction of a grave injuries, human trafficking",Russia,
2015/81111,BORIS,VOLFMAN,1984/03/11,IL,https://ws-public.interpol.int/notices/v1/red/2015-81111/images/59956477,https://ws-public.interpol.int/notices/v1/red/2015-81111/images,https://ws-public.interpol.int/notices/v1/red/2015-81111,M,,Uzbekistan,,,0.0,0.0,ENG,,"intentionall infliction of a grave injuries, human trafficking",Russia,
2015/80376,MOSHE,HAREL,1950/01/03,IL,https://ws-public.interpol.int/notices/v1/red/2015-80376/images/59953741,https://ws-public.interpol.int/notices/v1/red/2015-80376/images,https://ws-public.interpol.int/notices/v1/red/2015-80376,M,,TÜRKIYE,,,0.0,0.0,ENG,,"intentional infliction of a grave injuries, human trafficking",Russia,
2015/80407,YURY,KATSMAN,1977/04/07,IL,https://ws-public.interpol.int/notices/v1/red/2015-80407/images/59953827,https://ws-public.interpol.int/notices/v1/red/2015-80407/images,https://ws-public.interpol.int/notices/v1/red/2015-80407,M,,Belarus,,,0.0,0.0,,,"intentional infliction of a grave injuries, human trafficking.",Russia,
2015/71012,VLADIMIR,SKULSKY,1973/05/18,"UA, IL",https://ws-public.interpol.int/notices/v1/red/2015-71012/images/59922832,https://ws-public.interpol.int/notices/v1/red/2015-71012/images,https://ws-public.interpol.int/notices/v1/red/2015-71012,M,ODESSA,Ukraine,,,1.73,,"ENG, RUS",,large scale fraud,Russia,
2015/11859,RONNEN,IRANI OREN,1969/03/02,IL,https://ws-public.interpol.int/notices/v1/red/2015-11859/images/59728012,https://ws-public.interpol.int/notices/v1/red/2015-11859/images,https://ws-public.interpol.int/notices/v1/red/2015-11859,M,,Israel,,,,,"HEB, ENG",,"Fraud, including that affecting the financial interests of the European Communities within the meaning of the Convention of 26 July 1995 on the protection of European Communities financial interests  
Swindling 
Forgery of administrative documents and trafficking therein",Lithuania,
2014/31584,JIMMY JULIUS,KAROW,1971/05/03,"US, IL",https://ws-public.interpol.int/notices/v1/red/2014-31584/images/59519942,https://ws-public.interpol.int/notices/v1/red/2014-31584/images,https://ws-public.interpol.int/notices/v1/red/2014-31584,M,CALIFORNIA,United States of America,['BLU'],['BRO'],1.88,113.0,"HEB, ENG",,Sexual Abuse in the First Degree (2 counts),United States of America,
2013/43642,SAVELIY,ORBANT,1970/06/17,"RU, IL",https://ws-public.interpol.int/notices/v1/red/2013-43642/images/58877501,https://ws-public.interpol.int/notices/v1/red/2013-43642/images,https://ws-public.interpol.int/notices/v1/red/2013-43642,M,KUIBYSHEV TOWN,Russia,,['OTHD'],0.0,0.0,RUS,,Large scale fraud,Russia,
2013/10046,MOSHE,MOLINAS,1974/12/10,IL,https://ws-public.interpol.int/notices/v1/red/2013-10046/images/58235284,https://ws-public.interpol.int/notices/v1/red/2013-10046/images,https://ws-public.interpol.int/notices/v1/red/2013-10046,M,,Israel,['BLA'],,1.75,0.0,"ENG, HEB",Mole above both eyes.,Narcotics Drugs and Psychotropic Substances Act 1985.,India,
2012/342716,ALEXEY,KERTSGUR,1978/04/30,"GE, IL, LV",https://ws-public.interpol.int/notices/v1/red/2012-342716/images/57728835,https://ws-public.interpol.int/notices/v1/red/2012-342716/images,https://ws-public.interpol.int/notices/v1/red/2012-342716,M,RIGA,Latvia,,,0.0,0.0,"ENG, ARA",,Piracy,Russia,
2012/331112,ELENA,SHAPIRO,1960/08/15,"RU, IL",https://ws-public.interpol.int/notices/v1/red/2012-331112/images/60665495,https://ws-public.interpol.int/notices/v1/red/2012-331112/images,https://ws-public.interpol.int/notices/v1/red/2012-331112,F,CHERNIGOV TOWN,Ukraine,,,0.0,0.0,RUS,,"misappropriation, embezzlement and swindling",Russia,
2012/4903,ILYA,GRUDNENKO,1975/09/11,"RU, IL",https://ws-public.interpol.int/notices/v1/red/2012-4903/images/56628222,https://ws-public.interpol.int/notices/v1/red/2012-4903/images,https://ws-public.interpol.int/notices/v1/red/2012-4903,M,ALMA-ATA,Kazakhstan,,['BROF'],1.77,,RUS,,"creation of crime group, falsification of evidence, forgery, manufacture, sale of falsified documents, government awards, stamps, seals, and forms, misappropriation by fraud",Russia,
2011/52426,GIENADIJ,FAKTOROVICH,1970/06/12,IL,https://ws-public.interpol.int/notices/v1/red/2011-52426/images/59581803,https://ws-public.interpol.int/notices/v1/red/2011-52426/images,https://ws-public.interpol.int/notices/v1/red/2011-52426,M,Czerekazy,Ukraine,,['BLA'],,,,,PARTICIPATION IN A CRIMINAL ORGANIZATION; BURGLARY; LEADING A CRIMINAL ORGANIZATION,Poland,
2010/33767,OLGA,VAIZMAN,1976/08/10,"IL, RU",https://ws-public.interpol.int/notices/v1/red/2010-33767/images/54447846,https://ws-public.interpol.int/notices/v1/red/2010-33767/images,https://ws-public.interpol.int/notices/v1/red/2010-33767,F,"YADRINO VILLAGE, ARKHARINSKY DISTRICT, AMURSKAYA AREA",Russia,,,0.0,0.0,,,"intentional infliction of grave injury to
health",Russia,
2009/18185,SHIR,COHEN,1979/12/18,IL,https://ws-public.interpol.int/notices/v1/red/2009-18185/images/54147473,https://ws-public.interpol.int/notices/v1/red/2009-18185/images,https://ws-public.interpol.int/notices/v1/red/2009-18185,F,,Israel,,,0.0,0.0,ENG,,POSSESSION OF NARCOTIC DRUGS,India,
2008/18496,MENASHE,WOLT,1949/09/18,"US, IL",https://ws-public.interpol.int/notices/v1/red/2008-18496/images/54115686,https://ws-public.interpol.int/notices/v1/red/2008-18496/images,https://ws-public.interpol.int/notices/v1/red/2008-18496,M,NAHARIA,Israel,['GRE'],['GRY'],1.88,84.0,ENG,"Scar on left finger, left thumb, wears glasses ","1) Importation of methylenedioxymethamphetamine (MDMA) 
2) Attempt to Possess with Intent to Distribute methylenedioxymethamphetamine (MDMA) 
",United States of America,
2000/38913,MAXIM,GOFMAN,1968/09/03,"RU, IL",https://ws-public.interpol.int/notices/v1/red/2000-38913/images/53805982,https://ws-public.interpol.int/notices/v1/red/2000-38913/images,https://ws-public.interpol.int/notices/v1/red/2000-38913,M,MOSCOW,Russia,['GRY'],['BRO'],1.8,85.0,"HEB, RUS","NORMAL BUILT,THICK LIPS, NORMAL NOSE","premeditated murder in group, committed with violence and of mercenary 
promptings",Russia,
2004/41980,DMITRIY,BOGDANOV,1984/10/08,"IL, RU",https://ws-public.interpol.int/notices/v1/red/2004-41980/images/53699592,https://ws-public.interpol.int/notices/v1/red/2004-41980/images,https://ws-public.interpol.int/notices/v1/red/2004-41980,M,OMSK,Russia,,['OTHD'],1.775,0.0,RUS,,"ASSAULT, HOOLIGANISM, DAMAGE OF PROPERTY, INVOLVEMENT OF A MINOR IN THE COMMISSION OF A CRIME,",Russia,
