entity_id,forename,name,date_of_birth,nationalities,thumbnail,images,self_link,sex_id,place_of_birth,country_of_birth,eyes_colors_id,hairs_id,height,weight,languages_spoken_ids,distinguishing_marks,arrest_charge,arrest_issuing_country,arrest_charge_translation
2024/87046,JAMIL,HASSAN,1952,SY,https://ws-public.interpol.int/notices/v1/red/2024-87046/images/63304263,https://ws-public.interpol.int/notices/v1/red/2024-87046/images,https://ws-public.interpol.int/notices/v1/red/2024-87046,M,"AL-QARNIYYA, HOMS",Syria,['BRO'],['GRY'],0.0,0.0,ARA,,Conspiracy to Commit War Crimes,United States of America,
2018/98671,AMER,SOKHTA,1982/05/24,SY,https://ws-public.interpol.int/notices/v1/red/2018-98671/images/61222529,https://ws-public.interpol.int/notices/v1/red/2018-98671/images,https://ws-public.interpol.int/notices/v1/red/2018-98671,M,RAUDA SETTELEMENT,Syria,,['OTHD'],1.7,0.0,"TUR, ARA",,"Participation in illegal armed formation, outrages upon bodies of the deceased and their burial places, murder.",Russia,
2018/98740,TAREK,SOHTA,1987/01/01,SY,https://ws-public.interpol.int/notices/v1/red/2018-98740/images/61222813,https://ws-public.interpol.int/notices/v1/red/2018-98740/images,https://ws-public.interpol.int/notices/v1/red/2018-98740,M,SETTLEMENT RAUDA OF LATAKIA REGION,Syria,['BLA'],['OTHD'],1.7,0.0,"ARA, TUR",,"Mureder, attermpted murder, organization of an illegal armed formation, outrages upon bodies of the deceased, theft",Russia,
2018/98291,MURAD,SHREYBA,1984/03/08,SY,https://ws-public.interpol.int/notices/v1/red/2018-98291/images/61221331,https://ws-public.interpol.int/notices/v1/red/2018-98291/images,https://ws-public.interpol.int/notices/v1/red/2018-98291,M,RAUDA SETTLEMENT,Syria,['BROH'],['OTHD'],1.75,0.0,"ARA, TUR",,"Theft, participation in illegal armed formation, outrages upon bodies of the deceased and their burial places",Russia,
2015/33430,KINAN,SUNBOL,1957/11/17,"NO, SY",https://ws-public.interpol.int/notices/v1/red/2015-33430/images/59801329,https://ws-public.interpol.int/notices/v1/red/2015-33430/images,https://ws-public.interpol.int/notices/v1/red/2015-33430,M,DAMASCUS,Syria,['BRO'],['GRY'],1.8,0.0,,,"1) For having had sexual relations with a child under the age of 10. 2) Engaging in sexual activity with
a fosterchild,
child in his care, stepchild
or any other person under 18 years of age who is under his
care, or subject to his authority or supervision. 3) By word or deed having behaved in a sexually
offensive or otherwise indecent manner towards a child under 16 years of age.",Norway,
2015/52541,JOUMA,JOUMA,1967/01/20,SY,https://ws-public.interpol.int/notices/v1/red/2015-52541/images/59862268,https://ws-public.interpol.int/notices/v1/red/2015-52541/images,https://ws-public.interpol.int/notices/v1/red/2015-52541,M,,Syria,,,0.0,0.0,ARA,,"1) producing, processing acquiring and keeping of narcotic substances without a due permit; 2) offence against the customs regime",Bulgaria,
2015/22229,CHWIHNEH,AHMAD,1964/01/15,SY,,https://ws-public.interpol.int/notices/v1/red/2015-22229/images,https://ws-public.interpol.int/notices/v1/red/2015-22229,M,,Syria,,,0.0,0.0,,,SWINDLING AND MONEY LAUNDERING,Romania,
2013/30451,HAJI,TARKI,1961/06/08,SY,https://ws-public.interpol.int/notices/v1/red/2013-30451/images/58601628,https://ws-public.interpol.int/notices/v1/red/2013-30451/images,https://ws-public.interpol.int/notices/v1/red/2013-30451,M,MENBEZH,Syria,['BRO'],['BLA'],1.72,0.0,BUL,,1) AND 2) - ILLICIT TRAFFICKING IN NARCOTIC DRUGS AND PSYCHOTROPIC SUBSTANCES,Bulgaria,
2011/39351,ABDULKARIM,JALOUT,1976/10/01,SY,https://ws-public.interpol.int/notices/v1/red/2011-39351/images/55576187,https://ws-public.interpol.int/notices/v1/red/2011-39351/images,https://ws-public.interpol.int/notices/v1/red/2011-39351,M,KASTOUN,Syria,,,,,,,"Hostage-taking
Extortion",Czech Republic,
2010/3010,AHMAD,ABOUSAMRA,1981/09/19,"US, FR, SY",https://ws-public.interpol.int/notices/v1/red/2010-3010/images/54299828,https://ws-public.interpol.int/notices/v1/red/2010-3010/images,https://ws-public.interpol.int/notices/v1/red/2010-3010,M,VILLEURBANNE,France,['BROH'],['BRO'],1.8,77.0,"ARA, ENG",ABOUSAMRA MAY HAVE A MUSTACHE AND BEARD.,"1) CONSPIRACY TO PROVIDE MATERIAL SUPPORT TO TERRORISTS 
2) PROVIDING AND ATTEMPTING TO PROVIDE MATERIAL SUPPORT TO TERRORISTS 
3) CONSPIRACY TO KILL IN A FOREIGN COUNTRY 
4) CONSPIRACY TO MAKE FALSE STATEMENTS 
5) FALSE STATEMENTS INVOLVING A TERRORISM OFFENSE
6) FALSE STATEMENTS (2 COUNTS)
7) FALSE WRITTEN STATEMENTS",United States of America,
