entity_id,forename,name,date_of_birth,nationalities,thumbnail,images,self_link,sex_id,place_of_birth,country_of_birth,eyes_colors_id,hairs_id,height,weight,languages_spoken_ids,distinguishing_marks,arrest_charge,arrest_issuing_country,arrest_charge_translation
2024/58788,MIRZAZHAN,AIDAROV,1994/11/22,KG,https://ws-public.interpol.int/notices/v1/red/2024-58788/images/63190427,https://ws-public.interpol.int/notices/v1/red/2024-58788/images,https://ws-public.interpol.int/notices/v1/red/2024-58788,M,"BALTA-KYZY VILLAGE, SUZAKSKIY DISTRICT",Kyrgyzstan,,,0.0,0.0,"RUS, KIR, ARA",,Participation in the terrorist community,Russia,
2022/25116,ABABAKIR,DAYNAEV,1982/08/04,KG,https://ws-public.interpol.int/notices/v1/red/2022-25116/images/62418329,https://ws-public.interpol.int/notices/v1/red/2022-25116/images,https://ws-public.interpol.int/notices/v1/red/2022-25116,M,"Oschskiy area, Uzgen district",Kyrgyzstan,['OTHD'],['OTHD'],1.75,100.0,"RUS, KIR",,"Abduction; 
Murder",Russia,
2022/62045,SHOKHZODBEK,BALTABAEV,1992/11/05,KG,https://ws-public.interpol.int/notices/v1/red/2022-62045/images/62548496,https://ws-public.interpol.int/notices/v1/red/2022-62045/images,https://ws-public.interpol.int/notices/v1/red/2022-62045,M,OSH REGION,Kyrgyzstan,['BLA'],['BLA'],1.7,75.0,"ARA, RUS, UZB",,The participation of the citizen of the Kyrgyz Republic in armed conflicts or military actions on the territory of foreign country or passage for terrorist and extremist training.,Kyrgyzstan,
2022/58116,YAKHEZHAN,IBAIDULLAEV,1970/04/19,KG,https://ws-public.interpol.int/notices/v1/red/2022-58116/images/62534205,https://ws-public.interpol.int/notices/v1/red/2022-58116/images,https://ws-public.interpol.int/notices/v1/red/2022-58116,M,OSH REGION,Kyrgyzstan,['BROD'],['BLA'],1.75,80.0,"KIR, UZB, RUS",,The participation of the citizen of the Kyrgyz Republic in armed conflicts or military actions on the territory of foreign country or passage for terrorist and extremist training.,Kyrgyzstan,
2021/34185,FAKHRIDDIN,MAMADZHANOV,1996/01/28,KG,https://ws-public.interpol.int/notices/v1/red/2021-34185/images/62149792,https://ws-public.interpol.int/notices/v1/red/2021-34185/images,https://ws-public.interpol.int/notices/v1/red/2021-34185,M,OSH,Kyrgyzstan,,['OTHD'],0.0,0.0,"RUS, UZB, ARA",,Participation in the activity of terrorist organization,Russia,
2019/116459,KAKHRAMON,MASHARIPOV,1986/05/09,"KG, RU",https://ws-public.interpol.int/notices/v1/red/2019-116459/images/61617647,https://ws-public.interpol.int/notices/v1/red/2019-116459/images,https://ws-public.interpol.int/notices/v1/red/2019-116459,M,,Kyrgyzstan,['OTHD'],['OTHD'],1.7,70.0,"KIR, RUS",,intentional assistance in participation in terrorist organization,Russia,
2020/59378,DIERBEK,KOSIMOV,1989/02/08,KG,,https://ws-public.interpol.int/notices/v1/red/2020-59378/images,https://ws-public.interpol.int/notices/v1/red/2020-59378,M,NARIMAN,Kyrgyzstan,['BROH'],['BLA'],1.68,0.0,"KIR, RUS",,terrorism; assistance to terrorist activity; organization of a terrorist community and participation in its activity; participation in the activity of a terrorist organization,Russia,
2018/15732,ALMAZBEK,KALDYBAEV,1979/08/16,KG,https://ws-public.interpol.int/notices/v1/red/2018-15732/images/60964672,https://ws-public.interpol.int/notices/v1/red/2018-15732/images,https://ws-public.interpol.int/notices/v1/red/2018-15732,M,Ilchievka settlement,Kyrgyzstan,['BROH'],['BLA'],1.75,,"RUS, KIR",,"a sexual intercourse with the use of violence or of a threat;
a rape committed by a group of persons;
violent actions of sexual character",Russia,
2019/102770,DOSTONBEK,ZUKHRITDINOV,1995/05/23,KG,https://ws-public.interpol.int/notices/v1/red/2019-102770/images/61573266,https://ws-public.interpol.int/notices/v1/red/2019-102770/images,https://ws-public.interpol.int/notices/v1/red/2019-102770,M,"UZGEN, OSH REGION",Kyrgyzstan,,['OTHD'],1.75,75.0,"KIR, RUS, TUR, ARA, UZB",,participation in the activity of a terrorist organization,Russia,
2019/44862,AZIMZHAN,AZIMOV,1987/07/18,"RU, KG",https://ws-public.interpol.int/notices/v1/red/2019-44862/images/61391695,https://ws-public.interpol.int/notices/v1/red/2019-44862/images,https://ws-public.interpol.int/notices/v1/red/2019-44862,M,UZGEN TOWN,Kyrgyzstan,,['OTHD'],1.9,0.0,"KIR, RUS",,participation in the activity of the terrorist organzation,Russia,
2019/27594,IAKHEZHON,MOIDINOV,1983/08/12,KG,https://ws-public.interpol.int/notices/v1/red/2019-27594/images/61335743,https://ws-public.interpol.int/notices/v1/red/2019-27594/images,https://ws-public.interpol.int/notices/v1/red/2019-27594,M,,Kyrgyzstan,['OTHD'],['OTHD'],0.0,0.0,"UZB, RUS, KIR, ARA",,"Contributing to Terrorist Activity; 
Perticipation in the activity of a terrorist organization.",Russia,
2019/16609,SIROZHIDDIN,MUKHTAROV,1990/05/23,KG,https://ws-public.interpol.int/notices/v1/red/2019-16609/images/61279503,https://ws-public.interpol.int/notices/v1/red/2019-16609/images,https://ws-public.interpol.int/notices/v1/red/2019-16609,M,OSH,Kyrgyzstan,,['BLA'],0.0,0.0,"RUS, KIR",,"terrorist act; assistance to terrorist activity; organization of a terrorist community; iIllegal acquisition, transfer, sale, storage, transportation, or bearing of  explosives and explosive devices; Illegal manufacture of  explosives, alteration and repair of explosive devices; illegal acquisition, transfer, sale, storage, transportation, or bearing of firearms, its basic parts, ammunition",Russia,
2018/93540,DIAS,RUSTAMOV,1984/02/24,"RU, KG",https://ws-public.interpol.int/notices/v1/red/2018-93540/images/61206337,https://ws-public.interpol.int/notices/v1/red/2018-93540/images,https://ws-public.interpol.int/notices/v1/red/2018-93540,M,FRUNZE TOWN,Kyrgyzstan,['BROH'],['OTHD'],0.0,0.0,"RUS, KIR",,Perticipation in the activity of a terrorist organization.,Russia,
2018/90382,ILIAS OOGANBEKOVICH,SATTAROV,1984/06/09,KG,https://ws-public.interpol.int/notices/v1/red/2018-90382/images/61197384,https://ws-public.interpol.int/notices/v1/red/2018-90382/images,https://ws-public.interpol.int/notices/v1/red/2018-90382,M,Talas state,Kyrgyzstan,,['OTHD'],1.75,80.0,"ENG, KIR, RUS",,Complicity in the use by an official of his official postion contrary to the interests of the service,Kyrgyzstan,
2018/59114,NADYR,KAMALOV,1975/08/14,KG,https://ws-public.interpol.int/notices/v1/red/2018-59114/images/61101655,https://ws-public.interpol.int/notices/v1/red/2018-59114/images,https://ws-public.interpol.int/notices/v1/red/2018-59114,M,OSH TOWN,Kyrgyzstan,,['OTHD'],0.0,0.0,"RUS, UZB",,Contributing to terrorist activity; participation in terrorist organization 205.5,Russia,
2018/6671,RAKHMATULLO,MIRZAZHONOV,1989/06/14,KG,https://ws-public.interpol.int/notices/v1/red/2018-6671/images/60927415,https://ws-public.interpol.int/notices/v1/red/2018-6671/images,https://ws-public.interpol.int/notices/v1/red/2018-6671,M,"LENINSKIY DISTRICT, ANDIJAN REGION",Uzbekistan,['BLA'],['OTHD'],1.75,70.0,RUS,,participation in an illegal armed formation,Russia,
2018/11456,RAVSHANBEK,IUSUPOV,1986/10/08,"KG, RU",https://ws-public.interpol.int/notices/v1/red/2018-11456/images/60949569,https://ws-public.interpol.int/notices/v1/red/2018-11456/images,https://ws-public.interpol.int/notices/v1/red/2018-11456,M,VIL. BAZAR-KORGON OSHCKI REGION,Kyrgyzstan,,,0.0,0.0,"KIR, RUS, UZB",,participation in the activity of a terrorist organization;,Russia,
2015/74088,ILYA,PLOTNIKOV,1982/03/05,"KG, RU",https://ws-public.interpol.int/notices/v1/red/2015-74088/images/59932792,https://ws-public.interpol.int/notices/v1/red/2015-74088/images,https://ws-public.interpol.int/notices/v1/red/2015-74088,M,SURGUT TOWN/TYUMEN REGION,Russia,,,1.78,0.0,"RUS, ARA, ENG","He has an appendectomy scar, star-shaped tattoos on his knees",1) illegal manufacture of explosives device; 2) illegal storage and transportation of explosive device; 3) terrorist act attempt,Russia,
2017/170534,ABDUSAMAT,MAKHMUDOV,1985/06/03,"KG, RU",https://ws-public.interpol.int/notices/v1/red/2017-170534/images/60665659,https://ws-public.interpol.int/notices/v1/red/2017-170534/images,https://ws-public.interpol.int/notices/v1/red/2017-170534,M,,Kyrgyzstan,['BROD'],['OTHD'],0.0,0.0,"UZB, RUS",,participation in the activity of a terrorist organization,Russia,
2015/74125,BAKHODYR,ISMATILLAEV,1980/03/21,KG,https://ws-public.interpol.int/notices/v1/red/2015-74125/images/60643701,https://ws-public.interpol.int/notices/v1/red/2015-74125/images,https://ws-public.interpol.int/notices/v1/red/2015-74125,M,Batken district,Kyrgyzstan,['BLA'],['BLA'],1.78,75.0,"UZB, ARA",shortly beard,"The participation of the citizen of the Kyrgyz Republic in armed conflicts or military actions on the territory of a foreign country or passage for terrorist and extremist training
Mercinary",Kyrgyzstan,
2017/164198,ILKHOM,ISAKOV,1985/10/11,KG,https://ws-public.interpol.int/notices/v1/red/2017-164198/images/60643774,https://ws-public.interpol.int/notices/v1/red/2017-164198/images,https://ws-public.interpol.int/notices/v1/red/2017-164198,M,BATKEN DISTRICT,Kyrgyzstan,['BLA'],['BLA'],1.75,76.0,"UZB, RUS, ARA",shortly beard,"The participation of the citizen of the Kyrgyz Republic in armed conflicts or military actions on the
territory of a foreign country or passage for terrorist and extremist training 
Mercinary",Kyrgyzstan,
2017/164192,ASKARBEK,BAKYBEKOV,1993/02/23,KG,https://ws-public.interpol.int/notices/v1/red/2017-164192/images/60643747,https://ws-public.interpol.int/notices/v1/red/2017-164192/images,https://ws-public.interpol.int/notices/v1/red/2017-164192,M,BATKEN REGION,Kyrgyzstan,['BLA'],['BLA'],1.7,70.0,"ARA, RUS, UZB",,Participation of the citizen of the Kyrgyz Republic in armed conflicts or military actions on the territory of a foreign country or passage for terrorist and extremist training,Kyrgyzstan,
2017/163060,MANSUR,SUVANOV,1970/03/26,KG,https://ws-public.interpol.int/notices/v1/red/2017-163060/images/60639920,https://ws-public.interpol.int/notices/v1/red/2017-163060/images,https://ws-public.interpol.int/notices/v1/red/2017-163060,M,,Uzbekistan,['BRO'],['BLA'],1.7,85.0,"TUR, UZB",,Counterfeit currency,Kyrgyzstan,
2016/79245,MANSUR,TASHMATOV,1985/01/18,"RU, KG",https://ws-public.interpol.int/notices/v1/red/2016-79245/images/60245917,https://ws-public.interpol.int/notices/v1/red/2016-79245/images,https://ws-public.interpol.int/notices/v1/red/2016-79245,M,,Kyrgyzstan,['BRO'],['BLA'],0.0,0.0,"RUS, KIR",,"Training for the purpose of terrorist activities.
Participation in terrorist organization.",Russia,
2016/29678,KUNDUZ,DOOLOTZHANOVA,1987/12/20,KG,https://ws-public.interpol.int/notices/v1/red/2016-29678/images/60211336,https://ws-public.interpol.int/notices/v1/red/2016-29678/images,https://ws-public.interpol.int/notices/v1/red/2016-29678,F,,Kyrgyzstan,['BRO'],['BLA'],1.65,65.0,RUS,,"Mercenary, Terrorist group member",Kyrgyzstan,
2016/62300,ILIAS,SABIROV,1978/01/19,KG,https://ws-public.interpol.int/notices/v1/red/2016-62300/images/60190640,https://ws-public.interpol.int/notices/v1/red/2016-62300/images,https://ws-public.interpol.int/notices/v1/red/2016-62300,M,,Kyrgyzstan,['BLA'],['BLA'],1.8,80.0,TUR,,"Organization Criminal Group,Financing terrorist activity,Forgery of documents,illegal crossing of the state border",Kyrgyzstan,
2015/74153,SIROZHIDDIN,MUKHTAROV,1990/05/23,KG,https://ws-public.interpol.int/notices/v1/red/2015-74153/images/60190681,https://ws-public.interpol.int/notices/v1/red/2015-74153/images,https://ws-public.interpol.int/notices/v1/red/2015-74153,M,,Kyrgyzstan,['BLA'],['BLA'],1.7,75.0,TUR,,"Terrorism act, Financing terrorist activity, Forgery of documents, illegal crossing of the state border, Organization criminal groups",Kyrgyzstan,
2015/74169,IZZOTILLO,SATTYBAEV,1991/10/23,KG,https://ws-public.interpol.int/notices/v1/red/2015-74169/images/60190671,https://ws-public.interpol.int/notices/v1/red/2015-74169/images,https://ws-public.interpol.int/notices/v1/red/2015-74169,M,OSH REGION,Kyrgyzstan,['BLA'],['BLA'],1.7,75.0,TUR,,"Terrorism act, Financing terrorist activity, forgery of documents, illegal crossing of the state border, Organization criminal groups",Kyrgyzstan,
2016/62270,BURHANIDIN,JANTORAEV,1971/10/08,KG,https://ws-public.interpol.int/notices/v1/red/2016-62270/images/60190582,https://ws-public.interpol.int/notices/v1/red/2016-62270/images,https://ws-public.interpol.int/notices/v1/red/2016-62270,M,SUZAK DISTRICT,Kyrgyzstan,['BLA'],['BLA'],1.78,80.0,UZB,"small beard
long hairs","Terrorism act
Financing terrorist activity
Forgery of documents
illegal crossing of the state border",Kyrgyzstan,
2016/27469,SEZDBEK,MEYMANBAEV,1981/03/05,KG,https://ws-public.interpol.int/notices/v1/red/2016-27469/images/60070840,https://ws-public.interpol.int/notices/v1/red/2016-27469/images,https://ws-public.interpol.int/notices/v1/red/2016-27469,M,VILLAGE KARA-BULAK,Kyrgyzstan,,,0.0,0.0,"RUS, KIR",,Murder,Russia,
2016/22134,OIBEK,DZHURABAEV,1983/04/12,"UZ, KG",https://ws-public.interpol.int/notices/v1/red/2016-22134/images/60053428,https://ws-public.interpol.int/notices/v1/red/2016-22134/images,https://ws-public.interpol.int/notices/v1/red/2016-22134,M,ANDIZHAN,Uzbekistan,,['OTHD'],1.65,0.0,"RUS, UZB, ARA",,"getting trained with the aim of terrorist activity
 participation in illegal armed formation",Russia,
2014/72323,BEKBOLOT,KYDYRGYCHOV,1979/02/15,"KG, RU",https://ws-public.interpol.int/notices/v1/red/2014-72323/images/59664616,https://ws-public.interpol.int/notices/v1/red/2014-72323/images,https://ws-public.interpol.int/notices/v1/red/2014-72323,M,CHOLPON-ATA TOWN,Kyrgyzstan,,['OTHD'],0.0,0.0,"KIR, RUS",,murder,Russia,
2013/70515,ZAYURBEK,ANARBEK UULU,1994/01/04,KG,https://ws-public.interpol.int/notices/v1/red/2013-70515/images/59377074,https://ws-public.interpol.int/notices/v1/red/2013-70515/images,https://ws-public.interpol.int/notices/v1/red/2013-70515,M,KERBEN SETTLEMENT,Kyrgyzstan,,['OTHD'],0.0,0.0,,,Rape and robbery,Russia,
2009/4284,SHUKHRAT,SATTAROV,1963/05/04,"RU, KG",https://ws-public.interpol.int/notices/v1/red/2009-4284/images/58568408,https://ws-public.interpol.int/notices/v1/red/2009-4284/images,https://ws-public.interpol.int/notices/v1/red/2009-4284,M,BAYAUT / SYRDARIINSKAYA,Uzbekistan,,,,,"ARA, TUR, RUS, TAT",,LARGE SCALE FRAUD,Russia,
2010/6182,RUSLAN,NASRETDINOV,1981/05/26,KG,https://ws-public.interpol.int/notices/v1/red/2010-6182/images/54315641,https://ws-public.interpol.int/notices/v1/red/2010-6182/images,https://ws-public.interpol.int/notices/v1/red/2010-6182,M,,Kyrgyzstan,['BRO'],['BLA'],0.0,0.0,"RUS, KIR",,"RAPE, THEFT, VIOLENCE AGAINST A GROUP OF PERSONS AND AGAINST AN INDIVIDUAL PURSUANT",Czech Republic,
2009/41872,YUSUP KHAYTAKHUNOVICH,YUSUPOV,1979/10/08,KG,https://ws-public.interpol.int/notices/v1/red/2009-41872/images/54273430,https://ws-public.interpol.int/notices/v1/red/2009-41872/images,https://ws-public.interpol.int/notices/v1/red/2009-41872,M,BISHKEK,Kyrgyzstan,['GRE'],['WHI'],1.9,0.0,"RUS, KIR, UIG",,MURDER,Kyrgyzstan,
