entity_id,forename,name,date_of_birth,nationalities,thumbnail,images,self_link,sex_id,place_of_birth,country_of_birth,eyes_colors_id,hairs_id,height,weight,languages_spoken_ids,distinguishing_marks,arrest_charge,arrest_issuing_country,arrest_charge_translation
2017/142898,KUEH,KOH ING,1975/08/22,MY,https://ws-public.interpol.int/notices/v1/red/2017-142898/images/60593909,https://ws-public.interpol.int/notices/v1/red/2017-142898/images,https://ws-public.interpol.int/notices/v1/red/2017-142898,F,"SIBU, SARAWAK",Malaysia,['BRO'],['YELB'],1.6,50,"CHI, MAY, ENG",,CHEATING (3 CHARGES),Malaysia,
2015/3364,SIRUL AZHAR,UMAR,1971/01/29,MY,https://ws-public.interpol.int/notices/v1/red/2015-3364/images/59700234,https://ws-public.interpol.int/notices/v1/red/2015-3364/images,https://ws-public.interpol.int/notices/v1/red/2015-3364,M,,Malaysia,['BLA'],,0.0,0,MAY,,MURDER,Malaysia,
2014/56166,LOK SENG,TAN,1968/02/14,MY,https://ws-public.interpol.int/notices/v1/red/2014-56166/images/59609904,https://ws-public.interpol.int/notices/v1/red/2014-56166/images,https://ws-public.interpol.int/notices/v1/red/2014-56166,M,PULAU PINANG,Malaysia,['BLA'],['BLA'],1.65,65,,Long hair,"i) Conspiracy to deal with property known or believed to represent proceeds of an indictable offence
ii) Offering and advantage to an agent",HK,
2012/328264,SOON AIK,LOO,1980/11/20,MY,https://ws-public.interpol.int/notices/v1/red/2012-328264/images/57351943,https://ws-public.interpol.int/notices/v1/red/2012-328264/images,https://ws-public.interpol.int/notices/v1/red/2012-328264,M,,Malaysia,['BLA'],['BLA'],1.7,72,CHI,,Murder,Singapore,
