entity_id,forename,name,date_of_birth,nationalities,thumbnail,images,self_link,sex_id,place_of_birth,country_of_birth,eyes_colors_id,hairs_id,height,weight,languages_spoken_ids,distinguishing_marks,arrest_charge,arrest_issuing_country,arrest_charge_translation
2024/36562,PAVEL,POSPISIL,1987/05/10,CZ,https://ws-public.interpol.int/notices/v1/red/2024-36562/images/63096512,https://ws-public.interpol.int/notices/v1/red/2024-36562/images,https://ws-public.interpol.int/notices/v1/red/2024-36562,M,Prague 2,Czech Republic,['BRO'],,,,CZE,,"1) Fraud; 2) Unauthorised Obtaining, Forgery and Alteration of Means of Payment",Czech Republic,
2016/92147,MARTIN,ZOUREK,1971/11/01,CZ,https://ws-public.interpol.int/notices/v1/red/2016-92147/images/60269025,https://ws-public.interpol.int/notices/v1/red/2016-92147/images,https://ws-public.interpol.int/notices/v1/red/2016-92147,M,Brno,Czech Republic,,,,,,,"Evasion of Tax, Social Security Insurance Fee and Similar Compulsory Payment",Czech Republic,
2013/11608,PETR,ADAMCIK,1971/09/20,CZ,https://ws-public.interpol.int/notices/v1/red/2013-11608/images/58266996,https://ws-public.interpol.int/notices/v1/red/2013-11608/images,https://ws-public.interpol.int/notices/v1/red/2013-11608,M,Frydek-Mistek,Czech Republic,['GRY'],['BRO'],,,,,"Fraud, Evasion of Taxes, Fees and Similar Compulsory Payments",Czech Republic,
2020/2911,EVA,ZAMECNIKOVA,1981/10/16,CZ,https://ws-public.interpol.int/notices/v1/red/2020-2911/images/61688238,https://ws-public.interpol.int/notices/v1/red/2020-2911/images,https://ws-public.interpol.int/notices/v1/red/2020-2911,F,Ilava,Slovakia,,,,,,,First Degree Murder,Slovakia,
2017/201302,JAROSLAV,BURSIK,1982/01/28,CZ,https://ws-public.interpol.int/notices/v1/red/2017-201302/images/60754009,https://ws-public.interpol.int/notices/v1/red/2017-201302/images,https://ws-public.interpol.int/notices/v1/red/2017-201302,M,Vyskov,Czech Republic,['BLU'],['BRO'],1.85,,,,Fraud,Czech Republic,
2014/45750,MARTIN,DOKSANSKY,1971/01/17,CZ,https://ws-public.interpol.int/notices/v1/red/2014-45750/images/59572385,https://ws-public.interpol.int/notices/v1/red/2014-45750/images,https://ws-public.interpol.int/notices/v1/red/2014-45750,M,KLADNO,Czech Republic,['BRO'],['BRO'],1.96,0.0,,,"evasión de impuestos, tasas y otros pagos obligatorios",Czech Republic,
2008/17175,RADOS,NENUTIL,1961/07/04,CZ,,https://ws-public.interpol.int/notices/v1/red/2008-17175/images,https://ws-public.interpol.int/notices/v1/red/2008-17175,M,NOVY JICIN,Czech Republic,"['BLU', 'GRY']","['BRO', 'GRY']",1.725,0.0,,,fraud,Czech Republic,
2014/74522,MARTIN,CECH,1958/03/16,CZ,https://ws-public.interpol.int/notices/v1/red/2014-74522/images/59671786,https://ws-public.interpol.int/notices/v1/red/2014-74522/images,https://ws-public.interpol.int/notices/v1/red/2014-74522,M,MORAVSKÁ TŘEBOVÁ,Czech Republic,['BLU'],['GRY'],0.0,0.0,,,"Fraud, Misappropriation",Czech Republic,
2009/24002,KAREL,SROUBEK,1981/02/20,CZ,https://ws-public.interpol.int/notices/v1/red/2009-24002/images/59192136,https://ws-public.interpol.int/notices/v1/red/2009-24002/images,https://ws-public.interpol.int/notices/v1/red/2009-24002,M,PRAGUE,Czech Republic,['BRO'],['HAIB'],1.85,0.0,,"tatoo on left side of chest, right shoulder","disorderly conduct, damaging of another's property, attack of an law enforcement officer",Czech Republic,
2013/43847,PETR,PUCA,1970/01/30,CZ,https://ws-public.interpol.int/notices/v1/red/2013-43847/images/58885239,https://ws-public.interpol.int/notices/v1/red/2013-43847/images,https://ws-public.interpol.int/notices/v1/red/2013-43847,M,OSTRAVA,Czech Republic,['BROD'],['OTHD'],1.85,,"CZE, SPA",,"Credit Fraud, Infringement of Stranger's Rights",Czech Republic,
2010/9825,BARBORA,CERNA,1972/12/09,CZ,https://ws-public.interpol.int/notices/v1/red/2010-9825/images/54439220,https://ws-public.interpol.int/notices/v1/red/2010-9825/images,https://ws-public.interpol.int/notices/v1/red/2010-9825,F,PRAGUE,Czech Republic,['BLU'],['BROF'],1.75,0.0,,N/A,Fraud,Czech Republic,
2009/7803,JOSEF,SIN,1956/02/17,CZ,https://ws-public.interpol.int/notices/v1/red/2009-7803/images/59666858,https://ws-public.interpol.int/notices/v1/red/2009-7803/images,https://ws-public.interpol.int/notices/v1/red/2009-7803,M,,Czech Republic,,,0.0,0.0,CZE,,"Receiving of stolen goods (product of crime), criminal association and smuggling aggravated by the use of aircraft",Brazil,
2009/7784,LUDEK,HOVORKA,1960/07/13,CZ,https://ws-public.interpol.int/notices/v1/red/2009-7784/images/59666848,https://ws-public.interpol.int/notices/v1/red/2009-7784/images,https://ws-public.interpol.int/notices/v1/red/2009-7784,M,CZECH REPUBLIC,,,,0.0,0.0,,,"Receiving of stolen goods (product of crime), criminal association and smuggling aggravated by the use of aircraft",Brazil,
2007/54803,FRANTISEK,PROCHAZKA,1974/09/24,CZ,https://ws-public.interpol.int/notices/v1/red/2007-54803/images/53822287,https://ws-public.interpol.int/notices/v1/red/2007-54803/images,https://ws-public.interpol.int/notices/v1/red/2007-54803,M,CESKA LIPA,Czech Republic,['OTHD'],['OTHD'],1.85,85.0,"ENG, CZE",Wears glasses or contact lenses,Theft,Czech Republic,
1994/45042,FRANTISEK,HUDEC,1950/12/24,CZ,https://ws-public.interpol.int/notices/v1/red/1994-45042/images/52245125,https://ws-public.interpol.int/notices/v1/red/1994-45042/images,https://ws-public.interpol.int/notices/v1/red/1994-45042,M,Karlovy Vary,Czech Republic,,['BRO'],1.7,0.0,,Probably has a beard.,murder – assassination,Czech Republic,
