entity_id,forename,name,date_of_birth,nationalities,thumbnail,images,self_link,sex_id,place_of_birth,country_of_birth,eyes_colors_id,hairs_id,height,weight,languages_spoken_ids,distinguishing_marks,arrest_charge,arrest_issuing_country,arrest_charge_translation
2024/22855,LUIS ABEL,GUZMAN,1980/12/10,AR,https://ws-public.interpol.int/notices/v1/red/2024-22855/images/63041561,https://ws-public.interpol.int/notices/v1/red/2024-22855/images,https://ws-public.interpol.int/notices/v1/red/2024-22855,M,,Argentina,,,,,SPA,,HOMICIDIO,Argentina,
2024/17273,HÉCTOR EDUARDO,CASTILLO,1971/05/29,"AR, BO",https://ws-public.interpol.int/notices/v1/red/2024-17273/images/63020082,https://ws-public.interpol.int/notices/v1/red/2024-17273/images,https://ws-public.interpol.int/notices/v1/red/2024-17273,M,Jujuy,Argentina,,,,,SPA,,VIOLACION,Bolivia,
2023/17451,RUBEN ADOLFO,DIAZ CAYO,1986/10/02,AR,https://ws-public.interpol.int/notices/v1/red/2023-17451/images/62691746,https://ws-public.interpol.int/notices/v1/red/2023-17451/images,https://ws-public.interpol.int/notices/v1/red/2023-17451,M,SALTA CAPITAL,Argentina,,,,,SPA,,VIOLACION,Bolivia,
2023/16643,MARTÍN OSVALDO,GARCIA,1976/06/23,AR,https://ws-public.interpol.int/notices/v1/red/2023-16643/images/62688636,https://ws-public.interpol.int/notices/v1/red/2023-16643/images,https://ws-public.interpol.int/notices/v1/red/2023-16643,M,,,,,,,SPA,,ABUSO SEXUAL CON ACCESO CARNAL AGRAVADO POR SER COMETIDO POR ENCARGADO DE LA GUARDA Y CONTRA UNA MENOR DE DIECIOCHO AÑOS APROVECHANDO LA SITUACIÓN DE CONVIVENCIA PREEXISTENTE CON LA MISMA.,Argentina,
2022/85324,MANUEL,GARCÍA FERNÁNDEZ,1973/06/29,AR,https://ws-public.interpol.int/notices/v1/red/2022-85324/images/62628334,https://ws-public.interpol.int/notices/v1/red/2022-85324/images,https://ws-public.interpol.int/notices/v1/red/2022-85324,M,SAN MIGUEL DE TUCUMÁN,Argentina,['BRO'],['GRY'],1.75,0.0,SPA,"Contextura normal acorde a su edad, le falta pelo en la coronilla, ojos marrones, usa anteojos para ver y no tiene tatuajes.-",ABUSO SEXUAL CON ACCESO CARNAL DOBLEMENTE AGRAVADO POR EL VÍNCULO Y LA CONVIVENCIA,Argentina,
2022/85800,DANIEL OSCAR,CHERUTTI,1947/01/18,"IT, AR",https://ws-public.interpol.int/notices/v1/red/2022-85800/images/62630101,https://ws-public.interpol.int/notices/v1/red/2022-85800/images,https://ws-public.interpol.int/notices/v1/red/2022-85800,M,"CAÑUELAS, PROVINCIA DE BUENOS AIRES",Argentina,,,0.0,0.0,,,"EN CALIDAD DE AUTOR, PRIVACIÓN ILEGAL DE LA LIBERTAD DE UN TOTAL DE CIENTO OCHO (108) PERSONAS, PRIVACIÓN ILEGAL DE LA LIBERTAD AGRAVADA –POR SU DURACIÓN DE MÁS DE UN MES- DE SIETE (7) PERSONAS, APLICACIÓN DE TORMENTOS RESPECTO DE CIENTO CUATRO (104) PERSONAS Y SUSTRACCIÓN DE MENORES RESPECTO DE DOS (2) PERSONAS; Y COMPLEMENTARIAMENTE, SE LE ATRIBUYE LA COMISIÓN EN CALIDAD DE CÓMPLICE PRIMARIO, DEL HOMICIDIO AGRAVADO DE DIECINUEVE (19) PERSONAS",Argentina,
2022/72244,DANIEL ALBERTO,CALZETTA,1984/03/19,AR,https://ws-public.interpol.int/notices/v1/red/2022-72244/images/62582319,https://ws-public.interpol.int/notices/v1/red/2022-72244/images,https://ws-public.interpol.int/notices/v1/red/2022-72244,M,SAN ANTONIO DE PADUA,Argentina,,,0.0,0.0,SPA,,"ABUSO SEXUAL SIMPLE CONTRA UN MENOR DE 13 AÑOS DE EDAD, COMETIDO EN AL MENOS UNA OPORTUNIDAD, AGRAVADO POR LA CALIDAD DE ASCENDIENTE DEL AUTOR APROVECHANDO LA SITUACIÓN DE CONVIVENCIA PREEXISTENTE CON LA MISMA - HECHO I) EN CONCURSO REAL CON ABUSO SEXUAL CON ACCESO CARNAL AGRAVADO COMETIDO CONTRA UNA MENOR DE DIECIOCHO AÑOS DE EDAD AGRAVADO POR LA CALIDAD DE ASCENDIENTE APROVECHANDO LA SITUACIÓN DE CONVIVENCIA PREEXISTENTE COMETIDO DE MANERA REITERADA EN CUANTO MENOS DOS OPORTUNIDADES - HECHO II) LOS QUE A SU VEZ CONCURSAN IDEALMENTE CON EL DELITO DE CORRUPCIÓN DE MENORES AGRAVADA POR IDÉNTICA CALIDAD DEL SUJETO ACTIVO",Argentina,
2022/72112,MIGUEL FERNANDO,GONZALEZ,1991/10/03,AR,https://ws-public.interpol.int/notices/v1/red/2022-72112/images/62581937,https://ws-public.interpol.int/notices/v1/red/2022-72112/images,https://ws-public.interpol.int/notices/v1/red/2022-72112,M,,Argentina,,,1.75,0.0,SPA,,"HOMICIDIO AGRAVADO POR EL USO DE ARMA DE FUEGO A TITULO DE AUTOR, HOMICIDIO AGRAVADO POR EL USO DE ARMA DE FUEGO EN GRADO DE TENTATIVA A TITULO DE COAUTOR, EN CONCURSO REAL",Argentina,
2022/67204,LUCAS FERNANDO,CLAVEU,1997/06/07,AR,,https://ws-public.interpol.int/notices/v1/red/2022-67204/images,https://ws-public.interpol.int/notices/v1/red/2022-67204,M,,Argentina,,,,,SPA,,ABUSO SEXUAL AGRAVADO POR HABER SIDO COMETIDO CON ACCESO CARNAL Y POR SER LA VICTIMA MENOR DE ONCE AÑOS DE VIDA Y APROVECHANDO LA SITUACIÓN DE CONVIVENCIA,Argentina,
2022/26400,SERGIO OSCAR,CEPEDA,1980/05/10,AR,https://ws-public.interpol.int/notices/v1/red/2022-26400/images/62422817,https://ws-public.interpol.int/notices/v1/red/2022-26400/images,https://ws-public.interpol.int/notices/v1/red/2022-26400,M,,Argentina,,,,,SPA,,"ABUSO SEXUAL AGRAVADO POR LA CONVIVENCIA PREEXISTENTE Y POR LA CALIDAD DE GUARDADOR DEL SUJETO ACTIVO, ABUSO SEXUAL CON ACCESO CARNAL AGRAVADO POR LA CONVIVENCIA PREEXISTENTE Y POR LA CALIDAD DE GUARDADOR DEL SUJETO ACTIVO (DOS HECHOS) Y CORRUPCIÓN DE MENORES AGRAVADA POR EL EMPLEO DE VIOLENCIA Y POR LA CALIDAD DE GUARDADOR DEL SUJETO ACTIVO, TODO EN CONCURSO IDEAL",Argentina,
2022/10895,HUGO NICOLÁS,MEDEL DELGADO,1987/09/19,AR,https://ws-public.interpol.int/notices/v1/red/2022-10895/images/62369762,https://ws-public.interpol.int/notices/v1/red/2022-10895/images,https://ws-public.interpol.int/notices/v1/red/2022-10895,M,,Argentina,,,,,SPA,,ROBO AGRAVADO POR EL USO DE ARMAS Y POR ESCALAMIENTO,Argentina,
2022/12227,FERNANDO ALBERTO,VILLALBA,1995/11/06,AR,https://ws-public.interpol.int/notices/v1/red/2022-12227/images/62374275,https://ws-public.interpol.int/notices/v1/red/2022-12227/images,https://ws-public.interpol.int/notices/v1/red/2022-12227,M,,Argentina,,,0.0,0.0,SPA,,HOMICIDIO AGRAVADO POR EL USO DE ARMA DE FUEGO EN GRADO DE TENTATIVA,Argentina,
2022/6411,CARLOS EZEQUIEL,LEDESMA,1999/01/26,AR,https://ws-public.interpol.int/notices/v1/red/2022-6411/images/62353090,https://ws-public.interpol.int/notices/v1/red/2022-6411/images,https://ws-public.interpol.int/notices/v1/red/2022-6411,M,,Argentina,,,0.0,0.0,SPA,,TENTATIVA DE HOMICIDIO,Argentina,
2021/83697,GUSTAVO RAMON,VALDEZ LOPEZ,1993/11/02,AR,https://ws-public.interpol.int/notices/v1/red/2021-83697/images/62328251,https://ws-public.interpol.int/notices/v1/red/2021-83697/images,https://ws-public.interpol.int/notices/v1/red/2021-83697,M,,Argentina,,,,,SPA,,INFRACCIÓN LEY 23.737,Argentina,
2021/81868,RENZO RODRIGO,CORIA,1993/02/13,AR,https://ws-public.interpol.int/notices/v1/red/2021-81868/images/62321498,https://ws-public.interpol.int/notices/v1/red/2021-81868/images,https://ws-public.interpol.int/notices/v1/red/2021-81868,M,,Argentina,,,,,SPA,,"TENTATIVA DE HOMICIDIO AGRAVADO POR EL CONCURSO PREMEDITADO DE MÁS DE DOS PERSONAS, POR SER COMETIDO CON ARMA DE FUEGO Y CON LA PARTICIPACIÓN DE UN MENOR DE 18 AÑOS DE EDAD.",Argentina,
2021/75365,DONATO OMAR,FERNANDEZ,1980/06/17,AR,https://ws-public.interpol.int/notices/v1/red/2021-75365/images/62299022,https://ws-public.interpol.int/notices/v1/red/2021-75365/images,https://ws-public.interpol.int/notices/v1/red/2021-75365,M,,Argentina,,,,,SPA,,ROBO CALIFICADO Y ASOCIACIÓN ILÍCITA,Argentina,
2021/70012,MARIANO CARLOS,TEBES,1986/12/22,AR,https://ws-public.interpol.int/notices/v1/red/2021-70012/images/62280575,https://ws-public.interpol.int/notices/v1/red/2021-70012/images,https://ws-public.interpol.int/notices/v1/red/2021-70012,M,,Argentina,,,,,,,ABUSO SEXUAL CON ACCESO CARNAL AGRAVADO POR EL VINCULO Y APROVECHAMIENTO DE SITUACIÓN DE CONVIVENCIA.,Argentina,
2021/69991,DANTE ALBERTO,IBARRA,1989/07/22,AR,https://ws-public.interpol.int/notices/v1/red/2021-69991/images/62280519,https://ws-public.interpol.int/notices/v1/red/2021-69991/images,https://ws-public.interpol.int/notices/v1/red/2021-69991,M,,Argentina,,,,,,,ABUSO SEXUAL CON ACCESO CARNAL CALIFICADO REITERADO,Argentina,
2021/69569,FERNANDO DARIO,MACIEL,1984/04/09,AR,https://ws-public.interpol.int/notices/v1/red/2021-69569/images/62278862,https://ws-public.interpol.int/notices/v1/red/2021-69569/images,https://ws-public.interpol.int/notices/v1/red/2021-69569,M,LA PLATA,Argentina,,,0.0,0.0,SPA,,"HOMICIDIO AGRAVADO POR EL CONCURSO PREMEDITADO DE DOS O MÁS PERSONAS, POR SU COMISIÓN POR ALEVOSÍA, POR HABERSE COMETIDO CON EL OBJETO DE PROCURAR SU IMPUNIDAD Y POR HABERSE PERPETRADO EN RAZÓN DE LA CONDICIÓN -DE POLICÍA- QUE REVESTÍAN LAS VÍCTIMAS, TODO ELLO EN CONCURSO REAL - TRES HECHOS - CON EL DELITO DE ROBO AGRAVADO POR EL USO DE ARMA DE FUEGO APTAS PARA EL DISPARO",Argentina,
2021/69535,ARIEL MAXIMILIANO,LORETTO,1989/01/23,AR,https://ws-public.interpol.int/notices/v1/red/2021-69535/images/62278759,https://ws-public.interpol.int/notices/v1/red/2021-69535/images,https://ws-public.interpol.int/notices/v1/red/2021-69535,M,,Argentina,,,0.0,0.0,SPA,,"ROBO TRIPLEMENTE AGRAVADO POR SER COMETIDO EN POBLADO Y EN BANDA, POR EL USO DE ARMA BLANCA Y POR EL USO DE ARMA DE FUEGO CUYA APTITUD PARA EL DISPARO NO SE TUVO POR ACREDITADA.",Argentina,
2021/66525,JORGE NICOLAS,GARCIA,1990/03/10,AR,https://ws-public.interpol.int/notices/v1/red/2021-66525/images/62269220,https://ws-public.interpol.int/notices/v1/red/2021-66525/images,https://ws-public.interpol.int/notices/v1/red/2021-66525,M,Salta,Argentina,,['BLA'],1.75,,SPA,"Tez trigueña, cabello corte tipo militar, posee tatuaje en brazo izquierdo con la imagen de San Cayetano, en el brazo derecho el dibujo de un animal canino con la leyenda Bull Terrier y en la pantorrilla de la pierna izquierda una cruz de 20 cm.",HOMICIDIO DOBLEMENTE AGRAVADO POR EL VINCULO Y EL GENERO.,Argentina,
2021/64850,LEANDRO SANTIAGO,SACCO,1997/05/22,AR,https://ws-public.interpol.int/notices/v1/red/2021-64850/images/62263475,https://ws-public.interpol.int/notices/v1/red/2021-64850/images,https://ws-public.interpol.int/notices/v1/red/2021-64850,M,,Argentina,,,,,,,ABUSO SEXUAL CON ACCESO CARNAL,Argentina,
2021/62746,PEDRO ORLANDO,FERNANDEZ GONZALEZ,1995/01/26,AR,https://ws-public.interpol.int/notices/v1/red/2021-62746/images/62256290,https://ws-public.interpol.int/notices/v1/red/2021-62746/images,https://ws-public.interpol.int/notices/v1/red/2021-62746,M,Mendoza,Argentina,['OTHD'],['OTHD'],,,,"Tez trigueña, nariz ancha, cejas pobladas y anchas.",ABUSO SEXUAL CON ACCESO CARNAL AGRAVADO POR EL VÍNCULO,Argentina,
2021/41555,FEDERICO NICOLAS,CANTERO,1994/01/26,AR,,https://ws-public.interpol.int/notices/v1/red/2021-41555/images,https://ws-public.interpol.int/notices/v1/red/2021-41555,M,,Argentina,,,,,,,ROBO AGRAVADO POR EL USO DE ARMA DE FUEGO CUYA APTITUD PARA EL DISPARO NO PUEDE TENERSE DE NINGÚN MODO POR ACREDITADA,Argentina,
2021/42372,DANIEL DAVID,PISCIONE,1990/06/10,AR,https://ws-public.interpol.int/notices/v1/red/2021-42372/images/62185101,https://ws-public.interpol.int/notices/v1/red/2021-42372/images,https://ws-public.interpol.int/notices/v1/red/2021-42372,M,"Rosario, provincia de Santa Fe",Argentina,,,,,,,EVASIÓN AGRAVADA POR EL USO DE ARMA DE FUEGO,Argentina,
2021/42367,MARTIN ALEJANDRO,CARTELLI,1973/03/06,AR,https://ws-public.interpol.int/notices/v1/red/2021-42367/images/62185052,https://ws-public.interpol.int/notices/v1/red/2021-42367/images,https://ws-public.interpol.int/notices/v1/red/2021-42367,M,San Nicolas,Argentina,,,,,SPA,,EVASIÓN AGRAVADA POR EL USO DE ARMA DE FUEGO,Argentina,
2021/42298,CLAUDIO JAVIER,MANSILLA,1982/11/28,AR,https://ws-public.interpol.int/notices/v1/red/2021-42298/images/62183962,https://ws-public.interpol.int/notices/v1/red/2021-42298/images,https://ws-public.interpol.int/notices/v1/red/2021-42298,M,Santa Fe,Argentina,,,,,SPA,,"HOMICIDIO AGRAVADO POR USO DE ARMA DE FUEGO - DOS HECHOS EN CONCURSO IDEAL - EN CONCURSO REAL CON ABUSO DE ARMAS, PORTACIÓN ILEGÍTIMA DE ARMA DE GUERRA Y RESISTENCIA A LA AUTORIDAD - TRES HECHOS EN CONCURSO REAL - Y EVASIÓN AGRAVADA POR EL USO DE ARMA DE FUEGO",Argentina,
2021/35769,HÉCTOR OMAR,AQUINO,1997/04/10,AR,https://ws-public.interpol.int/notices/v1/red/2021-35769/images/62156654,https://ws-public.interpol.int/notices/v1/red/2021-35769/images,https://ws-public.interpol.int/notices/v1/red/2021-35769,M,"RESISTENCIA, PROVINCIA DE CHACO",Argentina,,,0.0,0.0,SPA,,"HOMICIDIO AGRAVADO POR CONCURSO PREMEDITADO DE DOS Ó MÁS PERSONAS Y POR EL USO DE ARMA DE FUEGO, EN CONCURSO REAL CON HOMICIDIO AGRAVADO POR CONCURSO PREMEDITADO DE DOS Ó MÁS PERSONAS Y POR EL USO DE ARMA DE FUEGO EN GRADO DE TENTATIVA",Argentina,
2021/35749,JOSÉ NEMESIO,GALLARDO,1956/04/10,AR,https://ws-public.interpol.int/notices/v1/red/2021-35749/images/62156622,https://ws-public.interpol.int/notices/v1/red/2021-35749/images,https://ws-public.interpol.int/notices/v1/red/2021-35749,M,"Río Grande Tierra del Fuego, Antártida e Islas del Atlántico",Argentina,['OTHD'],['GRY'],1.82,,SPA,"Cabello canoso semiondeado; cejas oscuras y tupidas ancho intermedio; nariz ancha; tez trigueña; ojos oscuros; bigote canoso; cara redondeada; mentón redondeado; contextura física intermedia y estatura aproximada de 1,82 metros.
Asimismo, presenta limitaciones locomotoras con presunto uso de bastón.",ABUSO SEXUAL GRAVEMENTE ULTRAJANTE,Argentina,
2021/33839,CRISTIAN ERNESTO,LUNA,1991/11/01,AR,https://ws-public.interpol.int/notices/v1/red/2021-33839/images/62148838,https://ws-public.interpol.int/notices/v1/red/2021-33839/images,https://ws-public.interpol.int/notices/v1/red/2021-33839,M,,Argentina,,,0.0,0.0,,,HOMICIDIO SIMPLE AGRAVADO POR EL USO DE ARMA DE FUEGO EN GRADO DE TENTATIVA,Argentina,
2021/30419,JOSE LUIS,SANCHEZ,1982/06/06,AR,https://ws-public.interpol.int/notices/v1/red/2021-30419/images/62134201,https://ws-public.interpol.int/notices/v1/red/2021-30419/images,https://ws-public.interpol.int/notices/v1/red/2021-30419,M,Bahía Blanca,Argentina,,,,,,,ROBO AGRAVADO POR EL USO DE ARMA DE FUEGO CUYA APTITUD PARA EL DISPARO NO PUDE SER ACREDITADA.,Argentina,
2021/26622,NICOLÁS MAXIMILIANO,RIVEROS,1994/11/28,AR,https://ws-public.interpol.int/notices/v1/red/2021-26622/images/62116728,https://ws-public.interpol.int/notices/v1/red/2021-26622/images,https://ws-public.interpol.int/notices/v1/red/2021-26622,M,Misiones,Argentina,,,,,SPA,,TRÁFICO ILÍCITO DE SUSTANCIAS ESTUPEFACIENTES,Argentina,
2021/25251,MARIANO NICOLAS,SUAREZ,1997/06/19,AR,https://ws-public.interpol.int/notices/v1/red/2021-25251/images/62090712,https://ws-public.interpol.int/notices/v1/red/2021-25251/images,https://ws-public.interpol.int/notices/v1/red/2021-25251,M,,Argentina,,,0.0,0.0,SPA,,TRANSPORTE DE ESTUPEFACIENTES AGRAVADO POR LA INTERVENCIÓN DE TRES O MÁS PERSONAS ORGANIZADAS PARA COMETERLO.,Argentina,
2021/23479,DIEGO ARMANDO,DIAZ,1991/04/17,AR,https://ws-public.interpol.int/notices/v1/red/2021-23479/images/62067066,https://ws-public.interpol.int/notices/v1/red/2021-23479/images,https://ws-public.interpol.int/notices/v1/red/2021-23479,M,,Argentina,,,,,SPA,,Infracción Ley Federal N° 23.737 sobre Estupefaciente.,Argentina,
2021/16153,FERNANDO ORESTE,MIRANDA,1998/06/03,AR,https://ws-public.interpol.int/notices/v1/red/2021-16153/images/62040730,https://ws-public.interpol.int/notices/v1/red/2021-16153/images,https://ws-public.interpol.int/notices/v1/red/2021-16153,M,,Argentina,,,0.0,0.0,,,"ABUSO SEXUAL CON ACCESO CARNAL, AGRAVADO POR LA SITUACIÓN DE CONVIVENCIA PREEXISTENTE CON LA VÍCTIMA.",Argentina,
2021/13766,GUSTAVO EZEQUIEL,RIVERO,1990/07/20,AR,https://ws-public.interpol.int/notices/v1/red/2021-13766/images/62031965,https://ws-public.interpol.int/notices/v1/red/2021-13766/images,https://ws-public.interpol.int/notices/v1/red/2021-13766,M,,Argentina,,,0.0,0.0,SPA,,HOMICIDIO AGRAVADO POR EL USO DE ARMA DE FUEGO,Argentina,
2021/13031,AXEL GABRIEL,DIAZ,1988/12/25,AR,https://ws-public.interpol.int/notices/v1/red/2021-13031/images/62029396,https://ws-public.interpol.int/notices/v1/red/2021-13031/images,https://ws-public.interpol.int/notices/v1/red/2021-13031,M,,Argentina,,,,,,,"HOMICIDIO CALIFICADO POR EL EMPLEO DE ARMA DE FUEGO EN GRADO DE TENTATIVA, EN CONCURSO IDEAL CON LESIONES GRAVES AGRAVADAS POR EL EMPLEO DE ARMA DE FUEGO.",Argentina,
2019/77515,MARIO GABRIEL,TORRES,1981/04/16,AR,https://ws-public.interpol.int/notices/v1/red/2019-77515/images/61498720,https://ws-public.interpol.int/notices/v1/red/2019-77515/images,https://ws-public.interpol.int/notices/v1/red/2019-77515,M,,Argentina,,,0.0,0.0,SPA,,ABUSO SEXUAL SIMPLE; ABUSO SEXUAL GRAVEMENTE ULTRAJANTE AGRAVADO POR SER COMETIDO POR QUIEN ESTÁ ENCARGADO DE LA GUARDA Y APROVECHÁNDOSE DE LA SITUACIÓN DE CONVIVENCIA PREEXISTENTE EN CONCURSO IDEAL CON CORRUPCIÓN DE MENORES AGRAVADA POR LA SITUACIÓN DE CONVIVENCIA PREEXISTENTE Y ABUSO SEXUAL CON ACCESO CARNAL AGRAVADO POR SER COMETIDO POR QUIEN ESTÁ ENCARGADO DE LA GUARDA Y APROVECHÁNDOSE DE LA SITUACIÓN DE CONVIVENCIA PREEXISTENTE EN CONCURSO IDEAL CON CORRUPCIÓN DE MENORES AGRAVADA TODOS LOS CUALES CONCURREN MATERIALMENTE ENTRE SI.,Argentina,
2021/8043,ROBERTO CRISTIAN,RODRIGUEZ,1976/10/01,AR,https://ws-public.interpol.int/notices/v1/red/2021-8043/images/62011354,https://ws-public.interpol.int/notices/v1/red/2021-8043/images,https://ws-public.interpol.int/notices/v1/red/2021-8043,M,"San Isidro, provincia de Buenos Aires",Argentina,,,,,SPA,,ABUSO SEXUAL SIMPLE REITERADO Y ABUSO SEXUAL CON ACCESO CARNAL,Argentina,
2021/6145,LUIS CONRADO,GRUICH,1993/07/05,AR,https://ws-public.interpol.int/notices/v1/red/2021-6145/images/62005040,https://ws-public.interpol.int/notices/v1/red/2021-6145/images,https://ws-public.interpol.int/notices/v1/red/2021-6145,M,Provincia de Neuquen,Argentina,,,,,SPA,,"HOMICIDIO, HOMICIDIO EN GRADO DE TENTATIVA Y LESIONES GRAVES, AGRAVADOS POR EL USO DE ARMA DE FUEGO, EN CONCURSO REAL.",Argentina,
2021/6789,GABRIEL ALEJANDRO,LENGLE,1997/10/26,AR,https://ws-public.interpol.int/notices/v1/red/2021-6789/images/62007519,https://ws-public.interpol.int/notices/v1/red/2021-6789/images,https://ws-public.interpol.int/notices/v1/red/2021-6789,M,"Moreno, provincia de Buenos Aires",Argentina,,['OTHD'],,,,"Tez morena, cabello corto","ABUSO SEXUAL CON ACCESO CARNAL REITERADOS EN AL MENOS EN DOS OPORTUNIDADES, LESIONES LEVES AGRAVADAS POR MEDIAR UNA CIRCUNSTANCIA DE GÉNERO Y POR TRATARSE DEL CÓNYUGE Y AMENAZAS AGRAVADAS POR EL USO DE ARMA.",Argentina,
2021/6139,LUCAS EZEQUIEL,VERON,1993/11/02,AR,https://ws-public.interpol.int/notices/v1/red/2021-6139/images/62005038,https://ws-public.interpol.int/notices/v1/red/2021-6139/images,https://ws-public.interpol.int/notices/v1/red/2021-6139,M,,Argentina,,,,,SPA,,"HOMICIDIO, HOMICIDIO EN GRADO DE TENTATIVA Y LESIONES GRAVES, AGRAVADOS POR EL USO DE ARMA DE FUEGO, EN CONCURSO REAL.",Argentina,
2020/84751,ALEXIS VICTOR,PERALTA,1994/12/11,AR,https://ws-public.interpol.int/notices/v1/red/2020-84751/images/61975277,https://ws-public.interpol.int/notices/v1/red/2020-84751/images,https://ws-public.interpol.int/notices/v1/red/2020-84751,M,BUENOS AIRES,Argentina,,,,,,,"SECUESTRO EXTORSIVO AGRAVADO POR LA CANTIDAD DE INTERVINIENTES, POR HABER SIDO COMETIDO CON LA INTERVENCIÓN DE DOS MENORES (DOS HECHOS) Y AGRAVADO POR HABERSE LOGRADO EL FIN PROPUESTO -COBRO DE RESCATE-(UN HECHO); ROBO AGRAVADO POR EL USO DE ARMAS DE FUEGO, TODOS ELLOS EN CONCURSO REAL.",Argentina,
2020/82529,FERNANDO VICTOR JOSE,VALLEJOS,1996/07/28,AR,https://ws-public.interpol.int/notices/v1/red/2020-82529/images/61968987,https://ws-public.interpol.int/notices/v1/red/2020-82529/images,https://ws-public.interpol.int/notices/v1/red/2020-82529,M,,Argentina,,,0.0,0.0,SPA,,ROBO AGRAVADO POR EL USO DE ARMA IMPROPIA,Argentina,
2020/84739,BRANDO EZEQUIEL,GODOY,2000/08/03,AR,https://ws-public.interpol.int/notices/v1/red/2020-84739/images/61975233,https://ws-public.interpol.int/notices/v1/red/2020-84739/images,https://ws-public.interpol.int/notices/v1/red/2020-84739,M,BUENOS AIRES,Argentina,,,,,,,"SECUESTRO EXTORSIVO AGRAVADO POR LA CANTIDAD DE INTERVINIENTES, POR HABER SIDO COMETIDO CON LA INTERVENCIÓN DE DOS MENORES (DOS HECHOS) Y AGRAVADO POR HABERSE LOGRADO EL FIN PROPUESTO -COBRO DE RESCATE-(UN HECHO); ROBO AGRAVADO POR EL USO DE ARMAS DE FUEGO, TODOS ELLOS EN CONCURSO REAL.",Argentina,
2021/1279,LUIS ARMANDO,NORIEGA,1984/01/10,AR,https://ws-public.interpol.int/notices/v1/red/2021-1279/images/61997591,https://ws-public.interpol.int/notices/v1/red/2021-1279/images,https://ws-public.interpol.int/notices/v1/red/2021-1279,M,Ciudad Autónoma de Buenos Aires,Argentina,,,,,,,"ROBO AGRAVADO POR EL USO DE ARMA DE FUEGO EN CONCURSO REAL CON HOMICIDIO ""CRIMINIS CAUSA"" EN GRADO DE TENTATIVA, PORTACION ILEGAL DE ARMA DE FUEGO DE USO CIVIL Y HOMICIDIO SIMPLE",Argentina,
2020/85538,SILVIA DEL VALLE,FERNANDEZ,1954/04/25,AR,https://ws-public.interpol.int/notices/v1/red/2020-85538/images/61977827,https://ws-public.interpol.int/notices/v1/red/2020-85538/images,https://ws-public.interpol.int/notices/v1/red/2020-85538,F,"EMBARCACIÓN, SAN MARTÍN, PROVINCIA DE SALTA",Argentina,,,0.0,0.0,,,INFRACCIÓN LEY FEDERAL Nº 22.415 SOBRE CONTRABANDO DEL CÓDIGO ADUANERO ARGENTINO,Argentina,
2021/1785,ERNESTO MARTIN,MOYA,1974/08/11,AR,https://ws-public.interpol.int/notices/v1/red/2021-1785/images/61990533,https://ws-public.interpol.int/notices/v1/red/2021-1785/images,https://ws-public.interpol.int/notices/v1/red/2021-1785,M,CIUDAD AUTÓNOMA DE BUENOS AIRES,Argentina,,,0.0,0.0,,,"HOMICIDIO AGRAVADO POR EL VINCULO Y POR TRATARSE DE UNA MUJER MEDIANDO VIOLENCIA DE GÉNERO, EN GRADO DE TENTATIVA.",Argentina,
2021/1298,EZEQUIEL GASTON,DA GRACA,2001/03/14,AR,https://ws-public.interpol.int/notices/v1/red/2021-1298/images/61988527,https://ws-public.interpol.int/notices/v1/red/2021-1298/images,https://ws-public.interpol.int/notices/v1/red/2021-1298,M,"ESCOBAR, PROVINCIA DE BUENOS AIRES",Argentina,,,0.0,0.0,,,ROBO DOBLEMENTE CALIFICADO POR HABER SIDO COMETIDO EN LUGAR POBLADO Y EN BANDA Y CON EL USO DE ARMA DE FUEGO UTILIZADA DE MANERA IMPROPIA,Argentina,
2020/86790,ULISES ALEXIS,GAMARRA,2002/08/04,AR,https://ws-public.interpol.int/notices/v1/red/2020-86790/images/61981781,https://ws-public.interpol.int/notices/v1/red/2020-86790/images,https://ws-public.interpol.int/notices/v1/red/2020-86790,M,BUENOS AIRES,Argentina,,,0.0,0.0,,,HOMICIDIO SIMPLE EN GRADO DE TENTATIVA,Argentina,
2020/84759,CARLOS ANDRES,COWES,1991/07/13,AR,https://ws-public.interpol.int/notices/v1/red/2020-84759/images/61975309,https://ws-public.interpol.int/notices/v1/red/2020-84759/images,https://ws-public.interpol.int/notices/v1/red/2020-84759,M,"OLAVARRIA, BUENOS AIRES",Argentina,['OTHL'],,,,,PIEL BLANCA,ABUSO SEXUAL GRAVEMENTE ULTRAJANTE,Argentina,
2020/84548,DIEGO ADRIAN,GARCIA MENESES,1989/08/04,"AR, CL",https://ws-public.interpol.int/notices/v1/red/2020-84548/images/61974687,https://ws-public.interpol.int/notices/v1/red/2020-84548/images,https://ws-public.interpol.int/notices/v1/red/2020-84548,M,,Chile,,,0.0,0.0,,,ABUSO SEXUAL CON ACCESO CARNAL; EN CONCURSO REAL CON AMENAZAS; EN CONTEXTO DE VIOLENCIA DE GENERO,Argentina,
2020/86670,MARCELO DANIEL,KRAWIEC,1976/09/08,AR,https://ws-public.interpol.int/notices/v1/red/2020-86670/images/61981384,https://ws-public.interpol.int/notices/v1/red/2020-86670/images,https://ws-public.interpol.int/notices/v1/red/2020-86670,M,,Argentina,,,0.0,0.0,,,"ABUSO SEXUAL AGRAVADO POR HABER SIDO COMETIDO POR EL MIEMBRO DE UN CULTO RELIGIOSO, COMETIDO DE MANERA REITERADA, CON EL GRADO DE AUTOR",Argentina,
2021/957,ROBERTO MARTÍN,JALDIN,1989/03/21,AR,,https://ws-public.interpol.int/notices/v1/red/2021-957/images,https://ws-public.interpol.int/notices/v1/red/2021-957,M,,,,,,,SPA,,ABUSO SEXUAL AGRAVADO POR EL EMPLEO DE ARMA Y RESISTENCIA A LA AUTORIDAD EN CONCURSO REAL CON DAÑO.,Argentina,
2020/83531,NAHUEL ENZO TOMAS,HENRIQUEZ CORIA,2002/03/05,AR,https://ws-public.interpol.int/notices/v1/red/2020-83531/images/61971738,https://ws-public.interpol.int/notices/v1/red/2020-83531/images,https://ws-public.interpol.int/notices/v1/red/2020-83531,M,,Argentina,,,0.0,0.0,SPA,,HOMICIDIO SIMPLE,Argentina,
2020/83846,HERNÁN GABRIEL,MARECO,1996/03/07,AR,https://ws-public.interpol.int/notices/v1/red/2020-83846/images/61972678,https://ws-public.interpol.int/notices/v1/red/2020-83846/images,https://ws-public.interpol.int/notices/v1/red/2020-83846,M,,Argentina,,,0.0,0.0,,,ABUSO SEXUAL,Argentina,
2020/83935,GASTON ARIEL,RIVAS,1981/10/30,AR,https://ws-public.interpol.int/notices/v1/red/2020-83935/images/61972978,https://ws-public.interpol.int/notices/v1/red/2020-83935/images,https://ws-public.interpol.int/notices/v1/red/2020-83935,M,,Argentina,,,0.0,0.0,SPA,,LESIONES GRAVES MEDIANDO VIOLENCIA DE GÉNERO EN CONCURSO REAL CON COACCIÓN,Argentina,
2020/74259,WALTER NICOLAS,ESPINO,1984/05/27,AR,https://ws-public.interpol.int/notices/v1/red/2020-74259/images/61944565,https://ws-public.interpol.int/notices/v1/red/2020-74259/images,https://ws-public.interpol.int/notices/v1/red/2020-74259,M,,Argentina,,,,,SPA,,TENENCIA DE PORNOGRAFÍA INFANTIL CON FINES DE DISTRIBUCION EN CONCURSO REAL ENTRE SI,Argentina,
2020/73968,OSCAR,CHAPUR,1939/11/10,AR,,https://ws-public.interpol.int/notices/v1/red/2020-73968/images,https://ws-public.interpol.int/notices/v1/red/2020-73968,M,"San Ramón de la Nueva Oran, Provincia de Salta",Argentina,,,,,SPA,,PRIVACIÓN ILEGITIMA DE LA LIBERTAD DE UNA PERSONA AGRAVADA POR HABER SIDO COMETIDA CON VIOLENCIA Y POR UN TIEMPO SUPERIOR A UN MES,Argentina,
2020/73225,SEBASTIAN ANDRÉS,RAMÍREZ LEIVA,1990/08/08,"CL, AR",https://ws-public.interpol.int/notices/v1/red/2020-73225/images/61941418,https://ws-public.interpol.int/notices/v1/red/2020-73225/images,https://ws-public.interpol.int/notices/v1/red/2020-73225,M,,Chile,,,,,SPA,,Criminal organization; Aggravated theft,Brazil,
2020/72480,DARIO EZEQUIEL,CASTILLO LIZARDO,1981/08/22,AR,https://ws-public.interpol.int/notices/v1/red/2020-72480/images/61938854,https://ws-public.interpol.int/notices/v1/red/2020-72480/images,https://ws-public.interpol.int/notices/v1/red/2020-72480,M,"PARTIDO DE GENERAL RODRÍGUEZ,PROVINCIA DE BUENOS AIRES",Argentina,,,0.0,0.0,SPA,,COMERCIO DE ESTUPEFACIENTES FRACCIONADOS EN DOSIS DESTINADAS DIRECTAMENTE A LOS CONSUMIDORES; SIEMBRA O CULTIVO DE PLANTAS UTILIZABLES PARA PRODUCIR ESTUPEFACIENTES Y SU EXTRACCIÓN; Y TENENCIA ILEGAL DE ARMA DE FUEGO DE USO CIVIL; EN CONCURSO REAL,Argentina,
2020/72043,GABRIEL ADRIAN,GRAZIDE,1973/03/31,AR,https://ws-public.interpol.int/notices/v1/red/2020-72043/images/61937091,https://ws-public.interpol.int/notices/v1/red/2020-72043/images,https://ws-public.interpol.int/notices/v1/red/2020-72043,M,,Argentina,,,,,SPA,,"CORRUPCIÓN DE MENORES AGRAVADA POR TRATARSE LA VÍCTIMA MENOR DE 13 AÑOS DE EDAD AL MOMENTO DE COMETIDOS LOS HECHOS EN CONCURSO IDEAL CON ABUSO SEXUAL GRAVEMENTE ULTRAJANTE  AGRAVADO POR SER LA VÍCTIMA MENOR DE EDAD Y APROVECHARSE EL IMPUTADO DE AUTOS DE LA SITUACIÓN DE CONVIVENCIA PREEXISTENTE CON LA MISMA, REITERADO EN 5 OPORTUNIDADES Y ABUSO SEXUAL CON ACCESO CARNAL AGRAVADO POR SER LA VÍCTIMA MENOR DE EDAD Y APROVECHARSE EL IMPUTADO DE AUTOS DE LA SITUACIÓN DE CONVIVENCIA PREEXISTENTE CON LA MISMA EN GRADO DE TENTATIVA, CONCURSANDO ESTOS DOS ÚLTIMOS MATERIALMENTE ENTRE SÍ.",Argentina,
2020/57786,PAULO ROBERTO,GONZALEZ,1958/09/15,AR,https://ws-public.interpol.int/notices/v1/red/2020-57786/images/61888171,https://ws-public.interpol.int/notices/v1/red/2020-57786/images,https://ws-public.interpol.int/notices/v1/red/2020-57786,M,San Javier - Provincia de Misiones,Argentina,,,,,SPA,,HOMICIDIO AGRAVADO POR EL USO DE ARMA DE FUEGO EN GRADO DE TENTATIVA EN CONCURSO REAL CON HOMICIDOO AGRAVADO POR EL USO DE ARMA DE FUEGO,Argentina,
2020/53509,IVAN,GARCIA,1988/12/19,AR,https://ws-public.interpol.int/notices/v1/red/2020-53509/images/61873127,https://ws-public.interpol.int/notices/v1/red/2020-53509/images,https://ws-public.interpol.int/notices/v1/red/2020-53509,M,Capital Federal,Argentina,['BROD'],['BLA'],1.6,70.0,SPA,"Cara redondeada.
Se encontraría armado.",HOMICIDIO CALIFICADO POR EL USO DE ARMA DE FUEGO EN GRADO DE TENTATIVA.,Argentina,
2020/51943,CRISTIAN ANDRES,ORTUÑO,1994/09/10,AR,https://ws-public.interpol.int/notices/v1/red/2020-51943/images/61870866,https://ws-public.interpol.int/notices/v1/red/2020-51943/images,https://ws-public.interpol.int/notices/v1/red/2020-51943,M,,,,,,,SPA,,Homicidio agravado por haber sido perpetrado con la intervencion de dos o mas personas.,Argentina,
2020/54336,RAUL ALEJANDRO,CABRERA,1972/01/30,AR,https://ws-public.interpol.int/notices/v1/red/2020-54336/images/61878017,https://ws-public.interpol.int/notices/v1/red/2020-54336/images,https://ws-public.interpol.int/notices/v1/red/2020-54336,M,"Partido de General Alvear,Provincia de Buenos Aires",Argentina,,,,,SPA,,"TRAFICO DE ESTUPEFACIENTES EN LA MODALIDAD DE TENENCIA DE ESTAS SUSTANCIAS CON FINES DE COMERCIALIZACIÓN- DOS HECHOS QUE CONCURREN ENTRE SI-, AGRAVADO POR HABERSE LLEVADO POR DOS O MAS PERSONAS.
TENENCIA ILEGÍTIMA DE UN DOCUMENTO NACIONAL DE IDENTIDAD AJENO.",Argentina,
2020/54071,LUCAS ALFREDO,GORDILLO LUCCA,1992/09/12,AR,https://ws-public.interpol.int/notices/v1/red/2020-54071/images/61887011,https://ws-public.interpol.int/notices/v1/red/2020-54071/images,https://ws-public.interpol.int/notices/v1/red/2020-54071,M,Provincia de Tucuman,Argentina,,,,,SPA,"Tes Trigueña, bigote y barba",HOMICIDIO AGRAVADO POR HABERSE COMETIDO POR EL CONCURSO PREMEDITADO DE DOS O MAS PERSONAS,Argentina,
2020/54243,MANUEL RAMON,PORCEL,1989/08/26,AR,https://ws-public.interpol.int/notices/v1/red/2020-54243/images/61875471,https://ws-public.interpol.int/notices/v1/red/2020-54243/images,https://ws-public.interpol.int/notices/v1/red/2020-54243,M,,Argentina,,['OTHD'],1.65,0.0,SPA,Tez Trigueña.,HOMICIDIO AGRAVADO POR EL USO DE ARMA DE FUEGO,Argentina,
2020/54957,ROMINA ALEJANDRA,VELAZQUEZ,1996/04/14,AR,https://ws-public.interpol.int/notices/v1/red/2020-54957/images/61878095,https://ws-public.interpol.int/notices/v1/red/2020-54957/images,https://ws-public.interpol.int/notices/v1/red/2020-54957,F,,Argentina,,,,,SPA,,ROBO AGRAVADO POR EL USO DE ARMAS EN CONCURSO REAL CON HOMICIDIO AGRAVADO CRIMINIS CAUSAE,Argentina,
2020/55125,EDISON ANTONIO,INFANTE,1997/03/29,AR,https://ws-public.interpol.int/notices/v1/red/2020-55125/images/61882007,https://ws-public.interpol.int/notices/v1/red/2020-55125/images,https://ws-public.interpol.int/notices/v1/red/2020-55125,M,"VILLA REGINA, PROVINCIA DE RÍO NEGRO",Argentina,,,0.0,0.0,SPA,,HOMICIDIO TRIPLEMENTE CALIFICADO POR FEMICIDIO EJECUTANDO EL HECHO CON ALEVOSÍA Y CRIMINIS CAUSAE ESTE AGRAVANTE EN CONCURSO IDEAL CON LOS DELITOS DE ROBO CON ARMA Y ABUSO SEXUAL GRAVEMENTE ULTRAJANTE AMBOS ÚLTIMOS CONCURREN EN FORMA REAL ENTRE SÍ EN CARÁCTER DE AUTOR,Argentina,
2020/54965,DIEGO OMAR,ALARCON,1992/04/29,AR,https://ws-public.interpol.int/notices/v1/red/2020-54965/images/61878108,https://ws-public.interpol.int/notices/v1/red/2020-54965/images,https://ws-public.interpol.int/notices/v1/red/2020-54965,M,,Argentina,,,,,SPA,,HOMICIDIO AGRAVADO POR EL USO DE ARMA DE FUEGO,Argentina,
2020/54963,RUBEN OSCAR,RIVERO,1975/06/11,AR,https://ws-public.interpol.int/notices/v1/red/2020-54963/images/61878105,https://ws-public.interpol.int/notices/v1/red/2020-54963/images,https://ws-public.interpol.int/notices/v1/red/2020-54963,M,,Argentina,,,,,SPA,,HOMICIDIO AGRAVADO POR EL USO DE ARMA DE FUEGO,Argentina,
2020/54967,ALBERTO EZEQUIEL,RIVERO,1988/02/18,AR,https://ws-public.interpol.int/notices/v1/red/2020-54967/images/61878110,https://ws-public.interpol.int/notices/v1/red/2020-54967/images,https://ws-public.interpol.int/notices/v1/red/2020-54967,M,,Argentina,,,,,SPA,,HOMICIDIO AGRAVADO POR EL USO DE ARMA DE FUEGO,Argentina,
2020/21252,NICOLE ANDREA,AGUILERA SILVA,1996/10/11,"CL, AR",https://ws-public.interpol.int/notices/v1/red/2020-21252/images/61755825,https://ws-public.interpol.int/notices/v1/red/2020-21252/images,https://ws-public.interpol.int/notices/v1/red/2020-21252,F,,Argentina,,,0.0,0.0,SPA,,Infracción a la Ley Federal N° 22.415  contrabando,Argentina,
2020/20417,JUAN CARLOS,YUGOVAZ,1982/10/07,AR,https://ws-public.interpol.int/notices/v1/red/2020-20417/images/61752459,https://ws-public.interpol.int/notices/v1/red/2020-20417/images,https://ws-public.interpol.int/notices/v1/red/2020-20417,M,"BERISSO, PROVINCIA DE BUENOS AIRES",Argentina,,,,,SPA,,"ABUSO SEXUAL GRAVEMENTE ULTRAJANTE, CALIFICADO POR EL VINCULO Y LA CONVIVENCIA PREEXISTENTE.",Argentina,
2020/2589,OSCAR BENITO,CARDOZO,1976/08/15,AR,https://ws-public.interpol.int/notices/v1/red/2020-2589/images/61688559,https://ws-public.interpol.int/notices/v1/red/2020-2589/images,https://ws-public.interpol.int/notices/v1/red/2020-2589,M,"Puerto Libertad, Departamento Iguazú, Provincia de Misiones",Argentina,,,,,SPA,,ABUSO SEXUAL CON ACCESO CARNAL,Argentina,
2019/131404,LEONARDO FRANCO,BARRAZA,1993/06/25,AR,https://ws-public.interpol.int/notices/v1/red/2019-131404/images/61674142,https://ws-public.interpol.int/notices/v1/red/2019-131404/images,https://ws-public.interpol.int/notices/v1/red/2019-131404,M,Ciudad de Buenos Aires,Argentina,,,,,SPA,,Homicidio en ocasión de robo,Argentina,
2019/131594,MIGUEL AUGUSTO,MAIDANA,1995/10/12,AR,https://ws-public.interpol.int/notices/v1/red/2019-131594/images/61674790,https://ws-public.interpol.int/notices/v1/red/2019-131594/images,https://ws-public.interpol.int/notices/v1/red/2019-131594,M,,Argentina,,,,,SPA,,Homicidio,Argentina,
2019/131606,MARCOS SALVADOR,LUGO,1978/04/18,AR,https://ws-public.interpol.int/notices/v1/red/2019-131606/images/61674839,https://ws-public.interpol.int/notices/v1/red/2019-131606/images,https://ws-public.interpol.int/notices/v1/red/2019-131606,M,,Argentina,,,0.0,0.0,SPA,,Homicidio,Argentina,
2019/127958,ALBERTO RAMON,IBARRA,1974/09/24,AR,https://ws-public.interpol.int/notices/v1/red/2019-127958/images/61661596,https://ws-public.interpol.int/notices/v1/red/2019-127958/images,https://ws-public.interpol.int/notices/v1/red/2019-127958,M,"AVELLANEDA ,Provincia de BUENOS AIRES.",Argentina,,,,,,,ABUSO SEXUAL CON ACCESO CARNAL AGRAVADO POR HABER SIDO COMETIDO POR UN ASCENDIENTE DE LA VÍCTIMA EN FORMA CONTINUADA.,Argentina,
2019/121509,OMAR GASTON,DAVALOS,1989/12/29,AR,,https://ws-public.interpol.int/notices/v1/red/2019-121509/images,https://ws-public.interpol.int/notices/v1/red/2019-121509,M,"Clorinda, Provincia de Formosa",Argentina,,,,,SPA,,CONTRABANDO DE ESTUPEFACIENTE,Argentina,
2019/115001,IVAN ALBERTO,ACOSTA,1993/05/12,AR,https://ws-public.interpol.int/notices/v1/red/2019-115001/images/61611960,https://ws-public.interpol.int/notices/v1/red/2019-115001/images,https://ws-public.interpol.int/notices/v1/red/2019-115001,M,"Isidro Casanova, Partido de la Matanza",Argentina,,,,,SPA,,HOMICIDIO SIMPLE,Argentina,
2019/113211,WALTER JAVIER,RIOS,1964/08/23,AR,https://ws-public.interpol.int/notices/v1/red/2019-113211/images/61605932,https://ws-public.interpol.int/notices/v1/red/2019-113211/images,https://ws-public.interpol.int/notices/v1/red/2019-113211,M,,Argentina,,,,,SPA,,ABUSO SEXUAL CON ACCESO CARNAL,Argentina,
2019/113185,FRANCISCO EDUARDO,MENDOZA,1997/03/08,AR,https://ws-public.interpol.int/notices/v1/red/2019-113185/images/61605867,https://ws-public.interpol.int/notices/v1/red/2019-113185/images,https://ws-public.interpol.int/notices/v1/red/2019-113185,M,Provincia de Buenos Aires,Argentina,,,,,SPA,,HOMICIDIO AGRAVADO POR EL USO DE ARMA DE FUEGO EN CONCURSO REAL CON HOMICIDIO AGRAVADO POR EL USO DE ARMA DE FUEGO EN GRADO DE TENTATIVA,Argentina,
2019/106584,MICHEL IVAN,FALCONI,1990/09/16,AR,https://ws-public.interpol.int/notices/v1/red/2019-106584/images/61586114,https://ws-public.interpol.int/notices/v1/red/2019-106584/images,https://ws-public.interpol.int/notices/v1/red/2019-106584,M,,Argentina,,,,,SPA,,Homicidio simple cometido mediante el empleo de arma de fuego en concurso real con homicidio simple cometido mediante el empleo de arma de fuego en grado de tentativa.,Argentina,
2019/100309,GUSTAVO ROLANDO,VARGAS,1970/09/10,AR,https://ws-public.interpol.int/notices/v1/red/2019-100309/images/61565273,https://ws-public.interpol.int/notices/v1/red/2019-100309/images,https://ws-public.interpol.int/notices/v1/red/2019-100309,M,CIUDAD AUTONOMA DE BUENOS AIRES,Argentina,,,,,SPA,,"ABUSO SEXUAL SIMPLE, ABUSO SEXUAL AGRAVADO, AMENAZAS COACTIVAS Y GROOMING, TODOS EN CONCURSO REAL ENTRE SI",Argentina,
2019/93387,JUAN FACUNDO,BALLETTI,1981/07/10,AR,https://ws-public.interpol.int/notices/v1/red/2019-93387/images/61544127,https://ws-public.interpol.int/notices/v1/red/2019-93387/images,https://ws-public.interpol.int/notices/v1/red/2019-93387,M,,Argentina,,,,,SPA,,"ABUSO SEXUAL CON ACCESO CARNAL AGRAVADO POR LA CALIDAD DE ASCENDIENTE DEL SUJETO ACTIVO Y COMETIDO APROVECHANDO LA SITUACIÓN DE CONVIVENCIA PREEXISTENTE CON EL MENOR EN CONCURSO REAL CON ABUSO SEXUAL CON ACCESO CARNAL AGRAVADO POR LA CALIDAD DE ASCENDIENTE DEL SUJETO ACTIVO, LOS CUALES CONCURSAN A SU VEZ IDEALMENTE CON EL DELITO DE CORRUPCIÓN DE MENORES AGRAVADA POR LA CALIDAD DE ASCENDIENTE DEL SUJETO ACTIVO.",Argentina,
2019/92315,FRANCO LUCIANO,FERNANDEZ JOULIA,1980/11/07,AR,https://ws-public.interpol.int/notices/v1/red/2019-92315/images/61541320,https://ws-public.interpol.int/notices/v1/red/2019-92315/images,https://ws-public.interpol.int/notices/v1/red/2019-92315,M,OLAVARRÍA,Argentina,,,,,SPA,,ABUSO SEXUAL CON ACCESO CARNAL DOBLEMENTE AGRAVADO POR EL VINCULO Y POR LA CONVIVENCIA PREEXISTENTE CON LA VICTIMA,Argentina,
2019/89723,JONATHAN EZEQUIEL,MOYANO,1995/11/09,AR,https://ws-public.interpol.int/notices/v1/red/2019-89723/images/61533672,https://ws-public.interpol.int/notices/v1/red/2019-89723/images,https://ws-public.interpol.int/notices/v1/red/2019-89723,M,,Argentina,,,,,SPA,,Homicidio criminis causa en grado de tentativa.,Argentina,
2019/82586,RODRIGO,RUIZ,1983/03/01,AR,,https://ws-public.interpol.int/notices/v1/red/2019-82586/images,https://ws-public.interpol.int/notices/v1/red/2019-82586,M,,Argentina,,,,,SPA,,HOMICIDIO AGRAVADO POR HABER SIDO COMETIDO POR UN MIEMBRO DE FUERZA DE SEGURIDAD PUBLICA Y POR EL USO DE ARMA DE FUEGO EN CONCURSO REAL CON HOMICIDIO AGRAVADO POR HABER SIDO COMETIDO POR UN MIEMBRO DE FUERZA DE SEGURIDAD PUBLICA Y POR EL USO DE ARMA DE FUEGO EN GRADO DE TENTATIVA.,Argentina,
2019/72153,MARINO,RIOS ARELLANO,1962/03/03,AR,https://ws-public.interpol.int/notices/v1/red/2019-72153/images/61482481,https://ws-public.interpol.int/notices/v1/red/2019-72153/images,https://ws-public.interpol.int/notices/v1/red/2019-72153,M,,Argentina,,,,,SPA,,ASOCIACIÓN ILÍCITA EN CARÁCTER DE COAUTOR Y EXTORSIÓN EN CARÁCTER DE PARTICIPE NECESARIO.,Argentina,
2019/77024,MARGARITA,PERALTA,1964/08/20,AR,https://ws-public.interpol.int/notices/v1/red/2019-77024/images/61497522,https://ws-public.interpol.int/notices/v1/red/2019-77024/images,https://ws-public.interpol.int/notices/v1/red/2019-77024,F,,Argentina,,,,,SPA,,ESTAFA,Argentina,
2019/72149,ADRIAN RAMON,MOZZINO,1976/06/11,AR,https://ws-public.interpol.int/notices/v1/red/2019-72149/images/61482471,https://ws-public.interpol.int/notices/v1/red/2019-72149/images,https://ws-public.interpol.int/notices/v1/red/2019-72149,M,,Argentina,,,,,SPA,,ASOCIACIÓN ILÍCITA EN CARÁCTER DE COAUTOR Y EXTORSIÓN EN CARÁCTER DE PARTICIPE NECESARIO.,Argentina,
2019/71708,ALBERTO HORACIO,ZVIZER,1961/02/07,AR,https://ws-public.interpol.int/notices/v1/red/2019-71708/images/61480975,https://ws-public.interpol.int/notices/v1/red/2019-71708/images,https://ws-public.interpol.int/notices/v1/red/2019-71708,M,,Argentina,,,0.0,0.0,SPA,,EXTORSIÓN,Argentina,
2019/67812,MARCELO ADRIAN,GIMENEZ,1975/04/01,AR,https://ws-public.interpol.int/notices/v1/red/2019-67812/images/61467691,https://ws-public.interpol.int/notices/v1/red/2019-67812/images,https://ws-public.interpol.int/notices/v1/red/2019-67812,M,,Argentina,,,,,SPA,,"ABUSO SEXUAL CON ACCESO CARNAL DOBLEMENTE AGRAVADO, VARIOS HECHOS REITERADOS INDETERMINADOS EN CONCURSO REAL",Argentina,
2019/65574,FLAVIO NAHUEL,AGUILAR,1995/04/12,AR,https://ws-public.interpol.int/notices/v1/red/2019-65574/images/61459776,https://ws-public.interpol.int/notices/v1/red/2019-65574/images,https://ws-public.interpol.int/notices/v1/red/2019-65574,M,,Argentina,,,,,SPA,,ROBO AGRAVADO POR HABERSE COMETIDO EN POBLADO Y EN BANDA,Argentina,
2019/65582,FRANCISCO ARMANDO,AGUILAR,1962/10/25,AR,https://ws-public.interpol.int/notices/v1/red/2019-65582/images/61459784,https://ws-public.interpol.int/notices/v1/red/2019-65582/images,https://ws-public.interpol.int/notices/v1/red/2019-65582,M,,Argentina,,,,,SPA,,ROBO AGRAVADO POR HABERSE COMETIDO EN POBLADO Y EN BANDA,Argentina,
2019/64600,JOSE ANTONIO,TABORDA,1968/06/02,AR,https://ws-public.interpol.int/notices/v1/red/2019-64600/images/61456053,https://ws-public.interpol.int/notices/v1/red/2019-64600/images,https://ws-public.interpol.int/notices/v1/red/2019-64600,M,Cordoba,Argentina,,,,,SPA,,ABUSO SEXUAL GRAVEMENTE ULTRAJANTE AGRAVADO POR SU ROL DE ENCARGADO DE GUARDA DE LA VICTIMA.,Argentina,
2019/60845,CLAUDIO DONATO,GODOY,1988/09/13,AR,https://ws-public.interpol.int/notices/v1/red/2019-60845/images/61445013,https://ws-public.interpol.int/notices/v1/red/2019-60845/images,https://ws-public.interpol.int/notices/v1/red/2019-60845,M,,Argentina,,,,,SPA,,ABUSO SEXUAL CON ACCESO CARNAL,Argentina,
2019/59291,MARTIN RICARDO,BARRETO,1988/08/12,AR,https://ws-public.interpol.int/notices/v1/red/2019-59291/images/61440246,https://ws-public.interpol.int/notices/v1/red/2019-59291/images,https://ws-public.interpol.int/notices/v1/red/2019-59291,M,,,,,,,SPA,,CONTRABANDO DE IMPORTACIÓN DE ESTUPEFACIENTE AGRAVADO EN GRADO DE TENTATIVA.,Argentina,
2019/58512,QUIMEY KAIANE,GAZAL,1996/05/06,AR,https://ws-public.interpol.int/notices/v1/red/2019-58512/images/61437908,https://ws-public.interpol.int/notices/v1/red/2019-58512/images,https://ws-public.interpol.int/notices/v1/red/2019-58512,F,,Argentina,,,0.0,0.0,SPA,,ASOCIACIÓN ILÍCITA,Argentina,
2019/53280,AGUSTIN BERNARDINO,BRITEZ,1944/05/28,AR,https://ws-public.interpol.int/notices/v1/red/2019-53280/images/61420991,https://ws-public.interpol.int/notices/v1/red/2019-53280/images,https://ws-public.interpol.int/notices/v1/red/2019-53280,M,"ESPERANZA, PROVINCIA DE MISIONES",Argentina,,,0.0,0.0,SPA,,ABUSO SEXUAL GRAVEMENTE ULTRAJANTE CALIFICADO POR EL VINCULO,Argentina,
2019/52444,VICENTE MATIAS,PIGNATA,1984/04/23,AR,https://ws-public.interpol.int/notices/v1/red/2019-52444/images/61418113,https://ws-public.interpol.int/notices/v1/red/2019-52444/images,https://ws-public.interpol.int/notices/v1/red/2019-52444,M,,,,,,,SPA,,Lavado de activos proveniente del trafico ilícito de estupefacientes.,Argentina,
2019/51927,LEANDRO ANTONIO,PALACIOS,1994/10/26,AR,https://ws-public.interpol.int/notices/v1/red/2019-51927/images/61416454,https://ws-public.interpol.int/notices/v1/red/2019-51927/images,https://ws-public.interpol.int/notices/v1/red/2019-51927,M,"CIPOLLETI, PROVINCIA DE RIÓ NEGRO",Argentina,,['BRO'],1.64,,SPA,"SIN BARBA, CUTIS TRIGUEÑO CLARO",ABUSO SEXUAL GRAVEMENTE ULTRAJANTE,Argentina,
2019/51727,JULIO OMAR,CALIVAR,1960/02/23,AR,https://ws-public.interpol.int/notices/v1/red/2019-51727/images/61415879,https://ws-public.interpol.int/notices/v1/red/2019-51727/images,https://ws-public.interpol.int/notices/v1/red/2019-51727,M,SAN JUAN,Argentina,,,,,SPA,,ABUSO SEXUAL GRAVEMENTE ULTRAJANTE,Argentina,
2019/48813,ADOLFO JOSE,VILCHES,1979/05/09,AR,https://ws-public.interpol.int/notices/v1/red/2019-48813/images/61406034,https://ws-public.interpol.int/notices/v1/red/2019-48813/images,https://ws-public.interpol.int/notices/v1/red/2019-48813,M,"Colonia Güemes, Departamento PARANÁ.",Argentina,,,,,SPA,,ABUSO SEXUAL GRAVEMENTE ULTRAJANTE AGRAVADO,Argentina,
2019/47336,OSVALDO ANGEL SEBASTIAN,MARTINEZ,1997/10/24,AR,https://ws-public.interpol.int/notices/v1/red/2019-47336/images/61399541,https://ws-public.interpol.int/notices/v1/red/2019-47336/images,https://ws-public.interpol.int/notices/v1/red/2019-47336,M,,Argentina,,,,,SPA,,ROBO AGRAVADO POR EL EMPLEO DE ARMA DE FUEGO EN GRADO DE TENTATIVA EN CONCURSO REAL CON HOMICIDIO CRIMINIS,Argentina,
2019/40795,CARLOS DAVID,TORRES,1973/04/09,AR,https://ws-public.interpol.int/notices/v1/red/2019-40795/images/61378791,https://ws-public.interpol.int/notices/v1/red/2019-40795/images,https://ws-public.interpol.int/notices/v1/red/2019-40795,M,PROVINCIA DE MENDOZA,Argentina,['BRO'],['BRO'],1.75,,SPA,"CUTIS TRIGUEÑO, CABELLO OSCURO ENTRECANO, SIN BARBA NI BIGOTES, FRENTE RECTA, CEJAS ARQUEADAS, PARPADOS CUBIERTOS, BOCA Y LABIOS MEDIANOS, MENTON VERTICAL, OREJAS MEDIANAS, LOBULOS ADHERIDOS.",ABUSO SEXUAL CON ACCESO CARNAL,Argentina,
2019/41863,JAVIER ALEJANDRO,PINTO,1984/03/04,AR,https://ws-public.interpol.int/notices/v1/red/2019-41863/images/61381817,https://ws-public.interpol.int/notices/v1/red/2019-41863/images,https://ws-public.interpol.int/notices/v1/red/2019-41863,M,,Argentina,,,,,SPA,,PRIVACIÓN ILEGAL DE LA LIBERTAD AGRAVADA COACTIVA SEGUIDA DE MUERTE DOLOSA,Argentina,
2019/26148,ROBERTO ANDRES,GARCIA,1997/03/23,AR,https://ws-public.interpol.int/notices/v1/red/2019-26148/images/61331153,https://ws-public.interpol.int/notices/v1/red/2019-26148/images,https://ws-public.interpol.int/notices/v1/red/2019-26148,M,MENDOZA,Argentina,,,,,SPA,,HOMICIDIO EN OCACION DE ROBO,Argentina,
2019/25660,NERI ANTOLIN,SOSA,1974/05/06,AR,https://ws-public.interpol.int/notices/v1/red/2019-25660/images/61329830,https://ws-public.interpol.int/notices/v1/red/2019-25660/images,https://ws-public.interpol.int/notices/v1/red/2019-25660,M,"Localidad de Laguna Naineck, Provincia de FORMOSA",Argentina,,,,,SPA,,ABUSO SEXUAL CON ACCESO CARNAL EN CONCURSO CON VIOLACIÓN DE DOMICILIO.,Argentina,
2019/24705,LEONARDO GABRIEL,ROTUNDO,1974/09/04,AR,https://ws-public.interpol.int/notices/v1/red/2019-24705/images/61304061,https://ws-public.interpol.int/notices/v1/red/2019-24705/images,https://ws-public.interpol.int/notices/v1/red/2019-24705,M,Buenos Aires,Argentina,,,,,SPA,,ABUSO SEXUAL AGRAVADO POR CONFIGURAR UN SOMETIMIENTO SEXUAL GRAVEMENTE ULTRAJANTE PARA LA VICTIMA,Argentina,
2019/22443,MIGUEL ANGEL,RAMIREZ,1976/08/23,AR,https://ws-public.interpol.int/notices/v1/red/2019-22443/images/61296861,https://ws-public.interpol.int/notices/v1/red/2019-22443/images,https://ws-public.interpol.int/notices/v1/red/2019-22443,M,MISIONES,Argentina,,,0.0,0.0,SPA,,HOMICIDIO AGRAVADO,Argentina,
2019/13426,JONATAN EMANUEL,DUARTE,1989/03/08,AR,https://ws-public.interpol.int/notices/v1/red/2019-13426/images/61278462,https://ws-public.interpol.int/notices/v1/red/2019-13426/images,https://ws-public.interpol.int/notices/v1/red/2019-13426,M,,Argentina,,,0.0,0.0,SPA,,HOMICIDIO SIMPLE,Argentina,
2019/13844,SILVIO DAVID,ESTRADA,1989/12/28,AR,https://ws-public.interpol.int/notices/v1/red/2019-13844/images/61271177,https://ws-public.interpol.int/notices/v1/red/2019-13844/images,https://ws-public.interpol.int/notices/v1/red/2019-13844,M,,,,,,,SPA,,ASOCIACIÓN ILÍCITA. TRANSPORTE DE ESTUPEFACIENTES AGRAVADO POR LA PARTICIPACIÓN DE TRES O MAS PERSONAS ORGANIZADAS,Argentina,
2018/78921,ALEXIS ROBERTO,BARRAZA,1997/08/06,AR,https://ws-public.interpol.int/notices/v1/red/2018-78921/images/61162131,https://ws-public.interpol.int/notices/v1/red/2018-78921/images,https://ws-public.interpol.int/notices/v1/red/2018-78921,M,,Argentina,,,,,SPA,,"ROBO AGRAVADO POR EL USO DE ARMA DE FUEGO, PORTACIÓN ILEGAL DE ARMA DE FUEGO DE USO CIVIL, Y HOMICIDIO AGRAVADO POR SER CRIMINIS CAUSAE Y POR EL USO DE ARMA DE FUEGO",Argentina,
2018/54724,MAURICIO MATÍAS,LEYES SCHNEIDER,1980/09/13,AR,https://ws-public.interpol.int/notices/v1/red/2018-54724/images/61086376,https://ws-public.interpol.int/notices/v1/red/2018-54724/images,https://ws-public.interpol.int/notices/v1/red/2018-54724,M,PROVINCIA DE SALTA,Argentina,,,,,SPA,,CONTRABANDO DE EXPORTACIÓN DE ESTUPEFACIENTES -MARIHUANA- AGRAVADO POR EL PRESUNTO DESTINO DE COMERCIALIZACIÓN EN GRADO DE TENTATIVA,Argentina,
2018/53009,FABRICIO,GONZALEZ,1988/01/09,AR,https://ws-public.interpol.int/notices/v1/red/2018-53009/images/61080830,https://ws-public.interpol.int/notices/v1/red/2018-53009/images,https://ws-public.interpol.int/notices/v1/red/2018-53009,M,CAPITAL FEDERAL,Argentina,,,,,SPA,,ABUSO SEXUAL CON ACCESO CARNAL,Argentina,
2018/52335,GUSTAVO ARIEL JONATAN,MARTINEZ,1987/02/23,AR,https://ws-public.interpol.int/notices/v1/red/2018-52335/images/61078348,https://ws-public.interpol.int/notices/v1/red/2018-52335/images,https://ws-public.interpol.int/notices/v1/red/2018-52335,M,,Argentina,,,,,SPA,,HOMICIDIO EN GRADO DE TENTATIVA AGRAVADO POR EL USO DE ARMA DE FUEGO (REITERADO EN DOS HECHOS),Argentina,
2018/39549,GABRIEL GERARDO,ARIAS,1977/11/07,AR,,https://ws-public.interpol.int/notices/v1/red/2018-39549/images,https://ws-public.interpol.int/notices/v1/red/2018-39549,M,"Prof. Salvador Mazza, Provincia de SALTA.",Argentina,['OTHD'],['BLA'],1.74,,SPA,"COLOR DE CUTIS: TRIGUEÑO
COLOR DE CABELLO: NEGRO OSCURO CORTO
BARBA: TUPIDA
FRENTE: AMPLIA CALVICIE INCIPIENTE
OJOS: MARRONES OSCUROS
CEJAS: CORTAS TUPIDAS
PARPADOS: SIMETRICOS NARIZ: RECTA
TATUAJE EN REGION ANTERIOR DE TORAX ""MADRE"", BRAZO DERECHO CARA EXTERNA CORAZON ROJO CON FLECHA ATRAVEZADA Y LAS INICIALES ""G"" Y ""A""",TENENCIA Y TRAFICO DE ESTUPEFACIENTES,Argentina,
2018/40024,GASTON NORBERTO EDUARDO,MARTIN,1979/05/07,AR,,https://ws-public.interpol.int/notices/v1/red/2018-40024/images,https://ws-public.interpol.int/notices/v1/red/2018-40024,M,,Argentina,,,,,SPA,,ABUSO SEXUAL AGRAVADO POR ACCESO CARNAL CONTRA UN MENOR EN CONCURSO IDEAL CON CORRUPCION DE MENORES AGRAVADA.,Argentina,
2018/38183,MATHIAS RICARDO,BREZOLIN VUORI,1989/05/06,"BR, AR",https://ws-public.interpol.int/notices/v1/red/2018-38183/images/61030965,https://ws-public.interpol.int/notices/v1/red/2018-38183/images,https://ws-public.interpol.int/notices/v1/red/2018-38183,M,SANTO ANGELO  - RIO GRANDE DO SUL STATE,Brazil,,,0.0,0.0,POR,,AGGRAVATED MURDER,Brazil,
2018/32889,NICOLAS ANDRES,BLANCO SALDUMBIDE,1996/05/21,AR,,https://ws-public.interpol.int/notices/v1/red/2018-32889/images,https://ws-public.interpol.int/notices/v1/red/2018-32889,M,,Argentina,,,,,SPA,,HOMICIDIO AGRAVADO POR EL USO DE ARMA DE FUEGO EN CONCURSO REAL CON PORTACIÓN ILEGAL DE ARMA DE GUERRA.,Argentina,
2018/32887,JOSE MANUEL,JAURENA,1970/12/22,AR,https://ws-public.interpol.int/notices/v1/red/2018-32887/images/61013840,https://ws-public.interpol.int/notices/v1/red/2018-32887/images,https://ws-public.interpol.int/notices/v1/red/2018-32887,M,,Argentina,,,,,SPA,,HOMICIDIO AGRAVADO POR EMPLEO DE ARMA DE FUEGO,Argentina,
2018/3962,EDUARDO CESAR,ROS RAMIREZ,1980/03/20,AR,https://ws-public.interpol.int/notices/v1/red/2018-3962/images/60921137,https://ws-public.interpol.int/notices/v1/red/2018-3962/images,https://ws-public.interpol.int/notices/v1/red/2018-3962,M,"Tres Lomas, Provincia de Buenos Aires",Argentina,,,,,,,ABUSO SEXUAL CON ACCESO CARNAL EN CONTEXTO DE VIOLENCIA DE GÉNERO.,Argentina,
2017/293489,LUCAS GASTON,CUBILLA,1994/11/27,AR,https://ws-public.interpol.int/notices/v1/red/2017-293489/images/60908385,https://ws-public.interpol.int/notices/v1/red/2017-293489/images,https://ws-public.interpol.int/notices/v1/red/2017-293489,M,,Argentina,,,,,SPA,,"ROBO AGRAVADO POR EL USO DE ARMA DE FUEGO, HOMICIDIO ""CRIMINIS CAUSAE"" EN GRADO DE TENTATIVA AGRAVADO POR EL USO DE ARMA DE FUEGO Y PORTACION ILEGAL DE ARMA DE FUEGO DE USO CIVIL, TODOS ELLOS CONCURSADOS REALMENTE ENTRE SI.",Argentina,
2017/293501,JOSE SEBASTIAN,SARACHO,1993/05/06,AR,https://ws-public.interpol.int/notices/v1/red/2017-293501/images/60908420,https://ws-public.interpol.int/notices/v1/red/2017-293501/images,https://ws-public.interpol.int/notices/v1/red/2017-293501,M,,Argentina,,,,,SPA,,"ROBO AGRAVADO POR EL USO DE ARMA DE FUEGO, HOMICIDIO ""CRIMINIS CAUSAE"" EN GRADO DE TENTATIVA AGRAVADO POR EL USO DE ARMA DE FUEGO Y PORTACION ILEGAL DE ARMA DE FUEGO DE USO CIVIL, TODOS ELLOS CONCURSADOS REALMENTE ENTRE SI.",Argentina,
2017/291592,JOSE LUIS,SANCHEZ,1990/05/05,AR,https://ws-public.interpol.int/notices/v1/red/2017-291592/images/60902140,https://ws-public.interpol.int/notices/v1/red/2017-291592/images,https://ws-public.interpol.int/notices/v1/red/2017-291592,M,,Argentina,,,,,SPA,,TRAFICO DE ESTUPEFACIENTES AGRAVADO POR LA PARTICIPACION DE TRES O MAR PERSONAS.,Argentina,
2017/291598,LUIS ENRIQUE,SEGUNDO,1992/08/12,AR,https://ws-public.interpol.int/notices/v1/red/2017-291598/images/60902158,https://ws-public.interpol.int/notices/v1/red/2017-291598/images,https://ws-public.interpol.int/notices/v1/red/2017-291598,M,,Argentina,,,,,,,TRAFICO DE ESTUPEFACIENTES AGRAVADO POR LA PARTICIPACION DE TRES O MAR PERSONAS.,Argentina,
2017/290264,CARLOS EMILIO,CENCI,1985/04/15,AR,https://ws-public.interpol.int/notices/v1/red/2017-290264/images/61526610,https://ws-public.interpol.int/notices/v1/red/2017-290264/images,https://ws-public.interpol.int/notices/v1/red/2017-290264,M,RIO CUARTO - PROVINCIA DE CORDOBA,Argentina,,,,,SPA,,ESTAFAS REITERADAS EN CONCURSO REAL EN CALIDAD DE AUTOR,Argentina,
2017/287384,MIGUEL CAYETANO,SUAREZ,1981/11/07,AR,https://ws-public.interpol.int/notices/v1/red/2017-287384/images/60889023,https://ws-public.interpol.int/notices/v1/red/2017-287384/images,https://ws-public.interpol.int/notices/v1/red/2017-287384,M,BUENOS AIRES,Argentina,,,,,,,tenencia de estupefacientes con fines de comercializacion,Argentina,
2017/255865,MAHOUA,CHEN,1974/11/25,AR,https://ws-public.interpol.int/notices/v1/red/2017-255865/images/60828966,https://ws-public.interpol.int/notices/v1/red/2017-255865/images,https://ws-public.interpol.int/notices/v1/red/2017-255865,M,,Argentina,,,,,CHI,,EXTORSION.,Argentina,
2017/221882,ANGEL SANTIAGO,MAZZOCCHI,1995/06/03,AR,https://ws-public.interpol.int/notices/v1/red/2017-221882/images/60862893,https://ws-public.interpol.int/notices/v1/red/2017-221882/images,https://ws-public.interpol.int/notices/v1/red/2017-221882,M,,Argentina,,,,,SPA,,HOMICIDIO EN GRADO DE TENTATIVA.,Argentina,
2017/221880,BRAIAN CELSO EZEQUIEL,MAZZOCCHI,1994/03/28,AR,https://ws-public.interpol.int/notices/v1/red/2017-221880/images/60862887,https://ws-public.interpol.int/notices/v1/red/2017-221880/images,https://ws-public.interpol.int/notices/v1/red/2017-221880,M,"BARADERO, PROVINCIA DE BUENOS AIRES",Argentina,,,0.0,0.0,SPA,,HOMICIDIO EN GRADO DE TENTATIVA.,Argentina,
2017/221394,ANIBAL,NUÑEZ BRISUELA,1988/09/15,"PY, AR",https://ws-public.interpol.int/notices/v1/red/2017-221394/images/60787131,https://ws-public.interpol.int/notices/v1/red/2017-221394/images,https://ws-public.interpol.int/notices/v1/red/2017-221394,M,,Paraguay,,,,,SPA,,HOMICIDIO DOBLEMENTE CALIFICADO.,Argentina,
2017/204512,CECILIA BELEN,BILLORDO,1989/09/21,AR,https://ws-public.interpol.int/notices/v1/red/2017-204512/images/60767685,https://ws-public.interpol.int/notices/v1/red/2017-204512/images,https://ws-public.interpol.int/notices/v1/red/2017-204512,F,LANUS,Argentina,,,,,SPA,,CONTRABANDO DE ESTUPEFACIENTES EN GRADO DE TENTATIVA,Argentina,
2017/203652,JEREMIAS GABRIEL,SOTO ORTEGA,1989/09/02,AR,,https://ws-public.interpol.int/notices/v1/red/2017-203652/images,https://ws-public.interpol.int/notices/v1/red/2017-203652,M,,Argentina,,,,,SPA,,LESIONES GRAVES EN CONCURSO REAL CON ROBO AGRAVADO POR EL USO DE ARMA BLANCA.,Argentina,
2017/203026,ROBERTO CESAR,MADALA,1964/09/22,AR,https://ws-public.interpol.int/notices/v1/red/2017-203026/images/60759759,https://ws-public.interpol.int/notices/v1/red/2017-203026/images,https://ws-public.interpol.int/notices/v1/red/2017-203026,M,,Argentina,,,,,SPA,,ABUSO SEXUAL CON ACCESO CARNAL AGRAVADO POR TRATARSE DE UNA MENOR DE EDAD Y POR MEDIAR CONVIVENCIA PREEXISTENTE.,Argentina,
2017/202171,JOSE ALBERTO,AGUIRRE,1975/03/19,AR,https://ws-public.interpol.int/notices/v1/red/2017-202171/images/60756949,https://ws-public.interpol.int/notices/v1/red/2017-202171/images,https://ws-public.interpol.int/notices/v1/red/2017-202171,M,,Argentina,,,,,SPA,,"ABUSO SEXUAL SIMPLE, ABUSO SEXUAL CON ACCESO CARNAL AGRAVADO POR HABER SIDO COMETIDO POR UN ASCENDIENTE REITERADO EN DOS OPORTUNIDADES, TODOS ELLOS EN CONCURSO REAL, EN CONCURSO IDEAL CON CORRUPCION DE MENORES AGRAVADA POR SER LA VICTIMA MENOR DE 13 AÑOS Y MEDIAR ADEMAS AMENAZAS.",Argentina,
2017/192430,ALEJANDRO AGUSTIN,PEYROT,1971/05/18,AR,https://ws-public.interpol.int/notices/v1/red/2017-192430/images/60724462,https://ws-public.interpol.int/notices/v1/red/2017-192430/images,https://ws-public.interpol.int/notices/v1/red/2017-192430,M,CIUDAD AUTONOMA DE BUENOS AIRES,Argentina,,,,,SPA,,ROBO AGRAVADO POR EL USO DE ARMA DE FUEGO Y POR SU COMISION EN POBLADO Y EN BANDA,Argentina,
2017/195425,SEBASTIAN RUBEN,ALONSO,1988/09/12,AR,https://ws-public.interpol.int/notices/v1/red/2017-195425/images/60731179,https://ws-public.interpol.int/notices/v1/red/2017-195425/images,https://ws-public.interpol.int/notices/v1/red/2017-195425,M,"LOMAS DE ZAMORA, PROVINCIA DE BUENOS AIRES",Argentina,,,,,SPA,,HOMICIDIO CALIFICADO EN GRADO DE TENTATIVA EN CONCURSO MATERIAL CON ROCO CALIFICADO POR EL EMPLEO DE ARMA  DE FUEGO,Argentina,
2017/188044,WALTER ALEJANDRO,BARTONCELLO,1974/08/27,AR,https://ws-public.interpol.int/notices/v1/red/2017-188044/images/60708977,https://ws-public.interpol.int/notices/v1/red/2017-188044/images,https://ws-public.interpol.int/notices/v1/red/2017-188044,M,,Argentina,,,,,SPA,"POSEE TATUAJES EN AMBOS BRAZOS, PECHO, ESPALDA, ABDOMEN Y PANTORRILLA DERECHA.",HOMICIDIO COMETIDO CON ARMA DE FUEGO,Argentina,
2017/188046,LEONARDO FABIO,URRA,1983/09/12,AR,https://ws-public.interpol.int/notices/v1/red/2017-188046/images/60711512,https://ws-public.interpol.int/notices/v1/red/2017-188046/images,https://ws-public.interpol.int/notices/v1/red/2017-188046,M,,Argentina,,,,,,,"ABUSO SEXUAL CALIFICADO POR ACCESO CARNAL Y POR CONSTITUIR UN SOMETIMIENTO GRAVEMENTE ULTRAJANTE, APROVECHANDO LA SITUACIÓN DE CONVIVENCIA PREEXISTENTE, EN CONCURSO REAL CON PRODUCCIÓN Y TENENCIA DE PORNOGRAFÍA INFANTIL CON FINES DE COMERCIALIZACIÓN",Argentina,
2017/188058,MARCOS ANTONIO,BARTONCELLO,1978/05/23,AR,https://ws-public.interpol.int/notices/v1/red/2017-188058/images/60709032,https://ws-public.interpol.int/notices/v1/red/2017-188058/images,https://ws-public.interpol.int/notices/v1/red/2017-188058,M,,Argentina,,,,,SPA,,HOMICIDIO COMETIDO CON ARMA DE FUEGO,Argentina,
2017/186827,ADRIAN,TUCCI,1970/06/29,AR,https://ws-public.interpol.int/notices/v1/red/2017-186827/images/60704684,https://ws-public.interpol.int/notices/v1/red/2017-186827/images,https://ws-public.interpol.int/notices/v1/red/2017-186827,M,,Argentina,,,,,,,CONTRABANDO DE ESTUPEFACIENTES AGRAVADO CON FINES DE COMERCIALIZACION AGRAVADO POR EL NUMERO DE PERSONAS INTERVINIENTES EN EL HECHO Y POR EL MEDIO UTILIZADO - AERONAVE PARA EL TRASLADO DEL ESTUPEFACIENTE.,Argentina,
2017/169620,DIEGO GASTON,LARROUTURON,1977/12/10,AR,https://ws-public.interpol.int/notices/v1/red/2017-169620/images/60662037,https://ws-public.interpol.int/notices/v1/red/2017-169620/images,https://ws-public.interpol.int/notices/v1/red/2017-169620,M,,Argentina,,,,,SPA,,HOMICIDIO AGRAVADO POR HABERSE COMETIDO CON LA PREMEDITACION DE DOS O MAS PERSONAS REITERADO EN DOS OCASIONES,Argentina,
2017/169606,DAMIAN ALEJANDRO,ZALAZAR,1988/09/03,AR,,https://ws-public.interpol.int/notices/v1/red/2017-169606/images,https://ws-public.interpol.int/notices/v1/red/2017-169606,M,,Argentina,,,,,SPA,,"ROBO AGRAVADO POR SU COMISION CON ARMA BLANCA EN CONCURSO REAL CON HOMICIDIO AGRAVADO POR TRATARSE DE LA VICTIMA, MIEMBRO INTEGRANTE DEL SERVICIO PENITENCIARIO Y AGRAVADO POR SU COMISION CON UN ARMA DE FUEGO, EN GRADO DE TENTATIVA",Argentina,
2017/168828,JIMENA,RUBIO,1981/07/14,AR,https://ws-public.interpol.int/notices/v1/red/2017-168828/images/60659453,https://ws-public.interpol.int/notices/v1/red/2017-168828/images,https://ws-public.interpol.int/notices/v1/red/2017-168828,F,,,,['OTHD'],,,SPA,,TRANSPORTE DE ESTUPEFACIENTES,Argentina,
2017/162936,MARTIN RUBEN,ALMIRON,1996/08/24,AR,https://ws-public.interpol.int/notices/v1/red/2017-162936/images/60639574,https://ws-public.interpol.int/notices/v1/red/2017-162936/images,https://ws-public.interpol.int/notices/v1/red/2017-162936,M,PROVINCIA DE BUENOS AIRES,Argentina,,,,,SPA,,ABUSO DE ARMAS (DOS HECHOS) Y HOMICIDIO AGRAVADO POR COMETERSE CONTRA MIEMBROS DE LA FUERZA POLICIAL EN GRADO DE TENTATIVA.,Argentina,
2017/146604,DIEGO ALONSO,PAPADOPULOS,1994/02/13,AR,,https://ws-public.interpol.int/notices/v1/red/2017-146604/images,https://ws-public.interpol.int/notices/v1/red/2017-146604,M,,,,,,,SPA,,ASOCIACION ILICITA  EN CONCURSO REAL CON EXTORSION,Argentina,
2017/146599,MARCELO CESAR,GONZALEZ,1968/09/10,AR,https://ws-public.interpol.int/notices/v1/red/2017-146599/images/60603125,https://ws-public.interpol.int/notices/v1/red/2017-146599/images,https://ws-public.interpol.int/notices/v1/red/2017-146599,M,"GENERAL GUEMES, PROVINCIA DE SALTA",Argentina,,,,,SPA,,"TRANSPORTE DE ESTUPEFACIENTES, EN CONCURSO REAL CON EL DELITO DE USO DE DOCUMENTO PUBLICO FALSIFICADO",Argentina,
2017/146542,HECTOR DANIEL,NUÑEZ,1973/01/08,AR,https://ws-public.interpol.int/notices/v1/red/2017-146542/images/60602908,https://ws-public.interpol.int/notices/v1/red/2017-146542/images,https://ws-public.interpol.int/notices/v1/red/2017-146542,M,CAPITAL FEDERAL,Argentina,,,,,SPA,,TRATA DE PERSONAS CON FINES DE EXPLOTACION LABORAL AGRAVADO POR TRATARSE DE MENORES DE EDAD CON ABUSO DE LA SITUACION DE VULNERABILIDAD EN QUE SE ENCONTRABAN.,Argentina,
2017/131907,OSCAR ALBERTO ALEJANDRO,DIAZ,1993/02/27,AR,https://ws-public.interpol.int/notices/v1/red/2017-131907/images/61875599,https://ws-public.interpol.int/notices/v1/red/2017-131907/images,https://ws-public.interpol.int/notices/v1/red/2017-131907,M,,Argentina,,['OTHD'],1.75,0.0,SPA,Tez Trigueña,"ASSOCIACION ILICITA DEDICADA AL CONTRABANDO DE ESTUPEFACIENTES, AGRAVADO POR LA PARTICIPACION DE DOS O MAS PERSONAS ORGANIZADAS, POR LA CANTIDAD DE ESTUPEFACIENTES Y POR LA CUANTIA DE MERCADERIAS.",Argentina,
2017/132162,SILVIO CESAR,ARGUELLO,1963/11/03,AR,https://ws-public.interpol.int/notices/v1/red/2017-132162/images/60566759,https://ws-public.interpol.int/notices/v1/red/2017-132162/images,https://ws-public.interpol.int/notices/v1/red/2017-132162,M,PROVINCIA DE MISIONES,Argentina,,,,,SPA,,ABUSO SEXUAL CON ACCESO CARNAL.,Argentina,
2017/64527,LEVI JOSUE,FLORES JIMENEZ,1998/08/26,AR,,https://ws-public.interpol.int/notices/v1/red/2017-64527/images,https://ws-public.interpol.int/notices/v1/red/2017-64527,M,,Argentina,,,,,SPA,,TRATA DE PERSONAS CON FINES DE EXPLOTACIÓN LABORAL,Argentina,
2017/17169,EFRAIN GUSTAVO,DALLMANN,1972/10/02,AR,https://ws-public.interpol.int/notices/v1/red/2017-17169/images/60568902,https://ws-public.interpol.int/notices/v1/red/2017-17169/images,https://ws-public.interpol.int/notices/v1/red/2017-17169,M,PROVINCIA DE MISIONES,Argentina,,,,,SPA,,TRANSPORTE DE ESTUPEFACIENTES AGRAVADO POR LA PARTICIPACION DE TRES O MAS PERSONAS ORGANIZADAS.,Argentina,
2017/15991,DAMIAN,FUENTEALBA GUIÑEZ,1989/11/13,AR,https://ws-public.interpol.int/notices/v1/red/2017-15991/images/60329492,https://ws-public.interpol.int/notices/v1/red/2017-15991/images,https://ws-public.interpol.int/notices/v1/red/2017-15991,M,PROVINCIA DE RIO NEGRO,Argentina,,,1.72,0.0,SPA,"CUTIS TRIGUEÑO TONO MEDIANO, CABELLO CRESPO, FRENTE VERTICAL MEDIANA, IRIS IZQUIERDO CASTAÑO, CEJAS ARQUEADAS, NARIZ CONVEXA, BOCA MEDIANA, LABIOS MEDIANOS, COMISURAS LABIALES BAJAS, OREJAS MEDIANAS,",ABUSO SEXUAL AGRAVADO POR EL VINCULO,Argentina,
2017/14914,ROBERTO ALEJANDRO,NAHUELPAN,1975/05/01,AR,https://ws-public.interpol.int/notices/v1/red/2017-14914/images/60326093,https://ws-public.interpol.int/notices/v1/red/2017-14914/images,https://ws-public.interpol.int/notices/v1/red/2017-14914,M,,Argentina,,,,,,,HOMICIDIO AGRAVADO,Argentina,
2017/8814,YOEL WALTER,TORRES,1995/02/10,AR,https://ws-public.interpol.int/notices/v1/red/2017-8814/images/60304447,https://ws-public.interpol.int/notices/v1/red/2017-8814/images,https://ws-public.interpol.int/notices/v1/red/2017-8814,M,"CIUDADELA, PROVINCIA DE BUENOS AIRES",Argentina,,,,,SPA,,ROBO AGRAVADO POR EL USO DE ARMA CUYA APTITUD PARA EL DISPARO NO PUEDE TENERSE DE NINGUN MODO ACREDITADA (TRES HECHOS).,Argentina,
2017/4505,JUAN PEDRO RICARDO,RESQUIN,1981/01/07,AR,,https://ws-public.interpol.int/notices/v1/red/2017-4505/images,https://ws-public.interpol.int/notices/v1/red/2017-4505,M,"MERCEDES, PROVINCIA DE BUENOS AIRES",Argentina,,,,,SPA,,ROBO CALIFICADO POR EL USO DE ARMA DE FUEGO CUYA APTITUD PARA EL DISPARO NO PUDO TENERSE ACREDITADA.,Argentina,
2017/195425,SEBASTIAN RUBEN,ALONSO,1988/09/12,AR,https://ws-public.interpol.int/notices/v1/red/2017-195425/images/60731179,https://ws-public.interpol.int/notices/v1/red/2017-195425/images,https://ws-public.interpol.int/notices/v1/red/2017-195425,M,"LOMAS DE ZAMORA, PROVINCIA DE BUENOS AIRES",Argentina,,,,,SPA,,HOMICIDIO CALIFICADO EN GRADO DE TENTATIVA EN CONCURSO MATERIAL CON ROCO CALIFICADO POR EL EMPLEO DE ARMA  DE FUEGO,Argentina,
2017/188044,WALTER ALEJANDRO,BARTONCELLO,1974/08/27,AR,https://ws-public.interpol.int/notices/v1/red/2017-188044/images/60708977,https://ws-public.interpol.int/notices/v1/red/2017-188044/images,https://ws-public.interpol.int/notices/v1/red/2017-188044,M,,Argentina,,,,,SPA,"POSEE TATUAJES EN AMBOS BRAZOS, PECHO, ESPALDA, ABDOMEN Y PANTORRILLA DERECHA.",HOMICIDIO COMETIDO CON ARMA DE FUEGO,Argentina,
2017/188046,LEONARDO FABIO,URRA,1983/09/12,AR,https://ws-public.interpol.int/notices/v1/red/2017-188046/images/60711512,https://ws-public.interpol.int/notices/v1/red/2017-188046/images,https://ws-public.interpol.int/notices/v1/red/2017-188046,M,,Argentina,,,,,,,"ABUSO SEXUAL CALIFICADO POR ACCESO CARNAL Y POR CONSTITUIR UN SOMETIMIENTO GRAVEMENTE ULTRAJANTE, APROVECHANDO LA SITUACIÓN DE CONVIVENCIA PREEXISTENTE, EN CONCURSO REAL CON PRODUCCIÓN Y TENENCIA DE PORNOGRAFÍA INFANTIL CON FINES DE COMERCIALIZACIÓN",Argentina,
2017/188058,MARCOS ANTONIO,BARTONCELLO,1978/05/23,AR,https://ws-public.interpol.int/notices/v1/red/2017-188058/images/60709032,https://ws-public.interpol.int/notices/v1/red/2017-188058/images,https://ws-public.interpol.int/notices/v1/red/2017-188058,M,,Argentina,,,,,SPA,,HOMICIDIO COMETIDO CON ARMA DE FUEGO,Argentina,
2017/186827,ADRIAN,TUCCI,1970/06/29,AR,https://ws-public.interpol.int/notices/v1/red/2017-186827/images/60704684,https://ws-public.interpol.int/notices/v1/red/2017-186827/images,https://ws-public.interpol.int/notices/v1/red/2017-186827,M,,Argentina,,,,,,,CONTRABANDO DE ESTUPEFACIENTES AGRAVADO CON FINES DE COMERCIALIZACION AGRAVADO POR EL NUMERO DE PERSONAS INTERVINIENTES EN EL HECHO Y POR EL MEDIO UTILIZADO - AERONAVE PARA EL TRASLADO DEL ESTUPEFACIENTE.,Argentina,
2017/169620,DIEGO GASTON,LARROUTURON,1977/12/10,AR,https://ws-public.interpol.int/notices/v1/red/2017-169620/images/60662037,https://ws-public.interpol.int/notices/v1/red/2017-169620/images,https://ws-public.interpol.int/notices/v1/red/2017-169620,M,,Argentina,,,,,SPA,,HOMICIDIO AGRAVADO POR HABERSE COMETIDO CON LA PREMEDITACION DE DOS O MAS PERSONAS REITERADO EN DOS OCASIONES,Argentina,
2017/169606,DAMIAN ALEJANDRO,ZALAZAR,1988/09/03,AR,,https://ws-public.interpol.int/notices/v1/red/2017-169606/images,https://ws-public.interpol.int/notices/v1/red/2017-169606,M,,Argentina,,,,,SPA,,"ROBO AGRAVADO POR SU COMISION CON ARMA BLANCA EN CONCURSO REAL CON HOMICIDIO AGRAVADO POR TRATARSE DE LA VICTIMA, MIEMBRO INTEGRANTE DEL SERVICIO PENITENCIARIO Y AGRAVADO POR SU COMISION CON UN ARMA DE FUEGO, EN GRADO DE TENTATIVA",Argentina,
2017/168828,JIMENA,RUBIO,1981/07/14,AR,https://ws-public.interpol.int/notices/v1/red/2017-168828/images/60659453,https://ws-public.interpol.int/notices/v1/red/2017-168828/images,https://ws-public.interpol.int/notices/v1/red/2017-168828,F,,,,['OTHD'],,,SPA,,TRANSPORTE DE ESTUPEFACIENTES,Argentina,
2017/162936,MARTIN RUBEN,ALMIRON,1996/08/24,AR,https://ws-public.interpol.int/notices/v1/red/2017-162936/images/60639574,https://ws-public.interpol.int/notices/v1/red/2017-162936/images,https://ws-public.interpol.int/notices/v1/red/2017-162936,M,PROVINCIA DE BUENOS AIRES,Argentina,,,,,SPA,,ABUSO DE ARMAS (DOS HECHOS) Y HOMICIDIO AGRAVADO POR COMETERSE CONTRA MIEMBROS DE LA FUERZA POLICIAL EN GRADO DE TENTATIVA.,Argentina,
2017/146604,DIEGO ALONSO,PAPADOPULOS,1994/02/13,AR,,https://ws-public.interpol.int/notices/v1/red/2017-146604/images,https://ws-public.interpol.int/notices/v1/red/2017-146604,M,,,,,,,SPA,,ASOCIACION ILICITA  EN CONCURSO REAL CON EXTORSION,Argentina,
2017/146599,MARCELO CESAR,GONZALEZ,1968/09/10,AR,https://ws-public.interpol.int/notices/v1/red/2017-146599/images/60603125,https://ws-public.interpol.int/notices/v1/red/2017-146599/images,https://ws-public.interpol.int/notices/v1/red/2017-146599,M,"GENERAL GUEMES, PROVINCIA DE SALTA",Argentina,,,,,SPA,,"TRANSPORTE DE ESTUPEFACIENTES, EN CONCURSO REAL CON EL DELITO DE USO DE DOCUMENTO PUBLICO FALSIFICADO",Argentina,
2017/146542,HECTOR DANIEL,NUÑEZ,1973/01/08,AR,https://ws-public.interpol.int/notices/v1/red/2017-146542/images/60602908,https://ws-public.interpol.int/notices/v1/red/2017-146542/images,https://ws-public.interpol.int/notices/v1/red/2017-146542,M,CAPITAL FEDERAL,Argentina,,,,,SPA,,TRATA DE PERSONAS CON FINES DE EXPLOTACION LABORAL AGRAVADO POR TRATARSE DE MENORES DE EDAD CON ABUSO DE LA SITUACION DE VULNERABILIDAD EN QUE SE ENCONTRABAN.,Argentina,
2017/131907,OSCAR ALBERTO ALEJANDRO,DIAZ,1993/02/27,AR,https://ws-public.interpol.int/notices/v1/red/2017-131907/images/61875599,https://ws-public.interpol.int/notices/v1/red/2017-131907/images,https://ws-public.interpol.int/notices/v1/red/2017-131907,M,,Argentina,,['OTHD'],1.75,0.0,SPA,Tez Trigueña,"ASSOCIACION ILICITA DEDICADA AL CONTRABANDO DE ESTUPEFACIENTES, AGRAVADO POR LA PARTICIPACION DE DOS O MAS PERSONAS ORGANIZADAS, POR LA CANTIDAD DE ESTUPEFACIENTES Y POR LA CUANTIA DE MERCADERIAS.",Argentina,
2017/132162,SILVIO CESAR,ARGUELLO,1963/11/03,AR,https://ws-public.interpol.int/notices/v1/red/2017-132162/images/60566759,https://ws-public.interpol.int/notices/v1/red/2017-132162/images,https://ws-public.interpol.int/notices/v1/red/2017-132162,M,PROVINCIA DE MISIONES,Argentina,,,,,SPA,,ABUSO SEXUAL CON ACCESO CARNAL.,Argentina,
2017/64527,LEVI JOSUE,FLORES JIMENEZ,1998/08/26,AR,,https://ws-public.interpol.int/notices/v1/red/2017-64527/images,https://ws-public.interpol.int/notices/v1/red/2017-64527,M,,Argentina,,,,,SPA,,TRATA DE PERSONAS CON FINES DE EXPLOTACIÓN LABORAL,Argentina,
2017/17169,EFRAIN GUSTAVO,DALLMANN,1972/10/02,AR,https://ws-public.interpol.int/notices/v1/red/2017-17169/images/60568902,https://ws-public.interpol.int/notices/v1/red/2017-17169/images,https://ws-public.interpol.int/notices/v1/red/2017-17169,M,PROVINCIA DE MISIONES,Argentina,,,,,SPA,,TRANSPORTE DE ESTUPEFACIENTES AGRAVADO POR LA PARTICIPACION DE TRES O MAS PERSONAS ORGANIZADAS.,Argentina,
2017/15991,DAMIAN,FUENTEALBA GUIÑEZ,1989/11/13,AR,https://ws-public.interpol.int/notices/v1/red/2017-15991/images/60329492,https://ws-public.interpol.int/notices/v1/red/2017-15991/images,https://ws-public.interpol.int/notices/v1/red/2017-15991,M,PROVINCIA DE RIO NEGRO,Argentina,,,1.72,0.0,SPA,"CUTIS TRIGUEÑO TONO MEDIANO, CABELLO CRESPO, FRENTE VERTICAL MEDIANA, IRIS IZQUIERDO CASTAÑO, CEJAS ARQUEADAS, NARIZ CONVEXA, BOCA MEDIANA, LABIOS MEDIANOS, COMISURAS LABIALES BAJAS, OREJAS MEDIANAS,",ABUSO SEXUAL AGRAVADO POR EL VINCULO,Argentina,
2017/14914,ROBERTO ALEJANDRO,NAHUELPAN,1975/05/01,AR,https://ws-public.interpol.int/notices/v1/red/2017-14914/images/60326093,https://ws-public.interpol.int/notices/v1/red/2017-14914/images,https://ws-public.interpol.int/notices/v1/red/2017-14914,M,,Argentina,,,,,,,HOMICIDIO AGRAVADO,Argentina,
2017/8814,YOEL WALTER,TORRES,1995/02/10,AR,https://ws-public.interpol.int/notices/v1/red/2017-8814/images/60304447,https://ws-public.interpol.int/notices/v1/red/2017-8814/images,https://ws-public.interpol.int/notices/v1/red/2017-8814,M,"CIUDADELA, PROVINCIA DE BUENOS AIRES",Argentina,,,,,SPA,,ROBO AGRAVADO POR EL USO DE ARMA CUYA APTITUD PARA EL DISPARO NO PUEDE TENERSE DE NINGUN MODO ACREDITADA (TRES HECHOS).,Argentina,
2017/4505,JUAN PEDRO RICARDO,RESQUIN,1981/01/07,AR,,https://ws-public.interpol.int/notices/v1/red/2017-4505/images,https://ws-public.interpol.int/notices/v1/red/2017-4505,M,"MERCEDES, PROVINCIA DE BUENOS AIRES",Argentina,,,,,SPA,,ROBO CALIFICADO POR EL USO DE ARMA DE FUEGO CUYA APTITUD PARA EL DISPARO NO PUDO TENERSE ACREDITADA.,Argentina,
2017/195425,SEBASTIAN RUBEN,ALONSO,1988/09/12,AR,https://ws-public.interpol.int/notices/v1/red/2017-195425/images/60731179,https://ws-public.interpol.int/notices/v1/red/2017-195425/images,https://ws-public.interpol.int/notices/v1/red/2017-195425,M,"LOMAS DE ZAMORA, PROVINCIA DE BUENOS AIRES",Argentina,,,,,SPA,,HOMICIDIO CALIFICADO EN GRADO DE TENTATIVA EN CONCURSO MATERIAL CON ROCO CALIFICADO POR EL EMPLEO DE ARMA  DE FUEGO,Argentina,
2017/188044,WALTER ALEJANDRO,BARTONCELLO,1974/08/27,AR,https://ws-public.interpol.int/notices/v1/red/2017-188044/images/60708977,https://ws-public.interpol.int/notices/v1/red/2017-188044/images,https://ws-public.interpol.int/notices/v1/red/2017-188044,M,,Argentina,,,,,SPA,"POSEE TATUAJES EN AMBOS BRAZOS, PECHO, ESPALDA, ABDOMEN Y PANTORRILLA DERECHA.",HOMICIDIO COMETIDO CON ARMA DE FUEGO,Argentina,
2017/188046,LEONARDO FABIO,URRA,1983/09/12,AR,https://ws-public.interpol.int/notices/v1/red/2017-188046/images/60711512,https://ws-public.interpol.int/notices/v1/red/2017-188046/images,https://ws-public.interpol.int/notices/v1/red/2017-188046,M,,Argentina,,,,,,,"ABUSO SEXUAL CALIFICADO POR ACCESO CARNAL Y POR CONSTITUIR UN SOMETIMIENTO GRAVEMENTE ULTRAJANTE, APROVECHANDO LA SITUACIÓN DE CONVIVENCIA PREEXISTENTE, EN CONCURSO REAL CON PRODUCCIÓN Y TENENCIA DE PORNOGRAFÍA INFANTIL CON FINES DE COMERCIALIZACIÓN",Argentina,
2017/188058,MARCOS ANTONIO,BARTONCELLO,1978/05/23,AR,https://ws-public.interpol.int/notices/v1/red/2017-188058/images/60709032,https://ws-public.interpol.int/notices/v1/red/2017-188058/images,https://ws-public.interpol.int/notices/v1/red/2017-188058,M,,Argentina,,,,,SPA,,HOMICIDIO COMETIDO CON ARMA DE FUEGO,Argentina,
2017/186827,ADRIAN,TUCCI,1970/06/29,AR,https://ws-public.interpol.int/notices/v1/red/2017-186827/images/60704684,https://ws-public.interpol.int/notices/v1/red/2017-186827/images,https://ws-public.interpol.int/notices/v1/red/2017-186827,M,,Argentina,,,,,,,CONTRABANDO DE ESTUPEFACIENTES AGRAVADO CON FINES DE COMERCIALIZACION AGRAVADO POR EL NUMERO DE PERSONAS INTERVINIENTES EN EL HECHO Y POR EL MEDIO UTILIZADO - AERONAVE PARA EL TRASLADO DEL ESTUPEFACIENTE.,Argentina,
2017/169620,DIEGO GASTON,LARROUTURON,1977/12/10,AR,https://ws-public.interpol.int/notices/v1/red/2017-169620/images/60662037,https://ws-public.interpol.int/notices/v1/red/2017-169620/images,https://ws-public.interpol.int/notices/v1/red/2017-169620,M,,Argentina,,,,,SPA,,HOMICIDIO AGRAVADO POR HABERSE COMETIDO CON LA PREMEDITACION DE DOS O MAS PERSONAS REITERADO EN DOS OCASIONES,Argentina,
2017/169606,DAMIAN ALEJANDRO,ZALAZAR,1988/09/03,AR,,https://ws-public.interpol.int/notices/v1/red/2017-169606/images,https://ws-public.interpol.int/notices/v1/red/2017-169606,M,,Argentina,,,,,SPA,,"ROBO AGRAVADO POR SU COMISION CON ARMA BLANCA EN CONCURSO REAL CON HOMICIDIO AGRAVADO POR TRATARSE DE LA VICTIMA, MIEMBRO INTEGRANTE DEL SERVICIO PENITENCIARIO Y AGRAVADO POR SU COMISION CON UN ARMA DE FUEGO, EN GRADO DE TENTATIVA",Argentina,
2017/168828,JIMENA,RUBIO,1981/07/14,AR,https://ws-public.interpol.int/notices/v1/red/2017-168828/images/60659453,https://ws-public.interpol.int/notices/v1/red/2017-168828/images,https://ws-public.interpol.int/notices/v1/red/2017-168828,F,,,,['OTHD'],,,SPA,,TRANSPORTE DE ESTUPEFACIENTES,Argentina,
2017/162936,MARTIN RUBEN,ALMIRON,1996/08/24,AR,https://ws-public.interpol.int/notices/v1/red/2017-162936/images/60639574,https://ws-public.interpol.int/notices/v1/red/2017-162936/images,https://ws-public.interpol.int/notices/v1/red/2017-162936,M,PROVINCIA DE BUENOS AIRES,Argentina,,,,,SPA,,ABUSO DE ARMAS (DOS HECHOS) Y HOMICIDIO AGRAVADO POR COMETERSE CONTRA MIEMBROS DE LA FUERZA POLICIAL EN GRADO DE TENTATIVA.,Argentina,
2017/146604,DIEGO ALONSO,PAPADOPULOS,1994/02/13,AR,,https://ws-public.interpol.int/notices/v1/red/2017-146604/images,https://ws-public.interpol.int/notices/v1/red/2017-146604,M,,,,,,,SPA,,ASOCIACION ILICITA  EN CONCURSO REAL CON EXTORSION,Argentina,
2017/146599,MARCELO CESAR,GONZALEZ,1968/09/10,AR,https://ws-public.interpol.int/notices/v1/red/2017-146599/images/60603125,https://ws-public.interpol.int/notices/v1/red/2017-146599/images,https://ws-public.interpol.int/notices/v1/red/2017-146599,M,"GENERAL GUEMES, PROVINCIA DE SALTA",Argentina,,,,,SPA,,"TRANSPORTE DE ESTUPEFACIENTES, EN CONCURSO REAL CON EL DELITO DE USO DE DOCUMENTO PUBLICO FALSIFICADO",Argentina,
2017/146542,HECTOR DANIEL,NUÑEZ,1973/01/08,AR,https://ws-public.interpol.int/notices/v1/red/2017-146542/images/60602908,https://ws-public.interpol.int/notices/v1/red/2017-146542/images,https://ws-public.interpol.int/notices/v1/red/2017-146542,M,CAPITAL FEDERAL,Argentina,,,,,SPA,,TRATA DE PERSONAS CON FINES DE EXPLOTACION LABORAL AGRAVADO POR TRATARSE DE MENORES DE EDAD CON ABUSO DE LA SITUACION DE VULNERABILIDAD EN QUE SE ENCONTRABAN.,Argentina,
2017/131907,OSCAR ALBERTO ALEJANDRO,DIAZ,1993/02/27,AR,https://ws-public.interpol.int/notices/v1/red/2017-131907/images/61875599,https://ws-public.interpol.int/notices/v1/red/2017-131907/images,https://ws-public.interpol.int/notices/v1/red/2017-131907,M,,Argentina,,['OTHD'],1.75,0.0,SPA,Tez Trigueña,"ASSOCIACION ILICITA DEDICADA AL CONTRABANDO DE ESTUPEFACIENTES, AGRAVADO POR LA PARTICIPACION DE DOS O MAS PERSONAS ORGANIZADAS, POR LA CANTIDAD DE ESTUPEFACIENTES Y POR LA CUANTIA DE MERCADERIAS.",Argentina,
2017/132162,SILVIO CESAR,ARGUELLO,1963/11/03,AR,https://ws-public.interpol.int/notices/v1/red/2017-132162/images/60566759,https://ws-public.interpol.int/notices/v1/red/2017-132162/images,https://ws-public.interpol.int/notices/v1/red/2017-132162,M,PROVINCIA DE MISIONES,Argentina,,,,,SPA,,ABUSO SEXUAL CON ACCESO CARNAL.,Argentina,
2017/64527,LEVI JOSUE,FLORES JIMENEZ,1998/08/26,AR,,https://ws-public.interpol.int/notices/v1/red/2017-64527/images,https://ws-public.interpol.int/notices/v1/red/2017-64527,M,,Argentina,,,,,SPA,,TRATA DE PERSONAS CON FINES DE EXPLOTACIÓN LABORAL,Argentina,
2017/17169,EFRAIN GUSTAVO,DALLMANN,1972/10/02,AR,https://ws-public.interpol.int/notices/v1/red/2017-17169/images/60568902,https://ws-public.interpol.int/notices/v1/red/2017-17169/images,https://ws-public.interpol.int/notices/v1/red/2017-17169,M,PROVINCIA DE MISIONES,Argentina,,,,,SPA,,TRANSPORTE DE ESTUPEFACIENTES AGRAVADO POR LA PARTICIPACION DE TRES O MAS PERSONAS ORGANIZADAS.,Argentina,
2017/15991,DAMIAN,FUENTEALBA GUIÑEZ,1989/11/13,AR,https://ws-public.interpol.int/notices/v1/red/2017-15991/images/60329492,https://ws-public.interpol.int/notices/v1/red/2017-15991/images,https://ws-public.interpol.int/notices/v1/red/2017-15991,M,PROVINCIA DE RIO NEGRO,Argentina,,,1.72,0.0,SPA,"CUTIS TRIGUEÑO TONO MEDIANO, CABELLO CRESPO, FRENTE VERTICAL MEDIANA, IRIS IZQUIERDO CASTAÑO, CEJAS ARQUEADAS, NARIZ CONVEXA, BOCA MEDIANA, LABIOS MEDIANOS, COMISURAS LABIALES BAJAS, OREJAS MEDIANAS,",ABUSO SEXUAL AGRAVADO POR EL VINCULO,Argentina,
2017/14914,ROBERTO ALEJANDRO,NAHUELPAN,1975/05/01,AR,https://ws-public.interpol.int/notices/v1/red/2017-14914/images/60326093,https://ws-public.interpol.int/notices/v1/red/2017-14914/images,https://ws-public.interpol.int/notices/v1/red/2017-14914,M,,Argentina,,,,,,,HOMICIDIO AGRAVADO,Argentina,
2017/8814,YOEL WALTER,TORRES,1995/02/10,AR,https://ws-public.interpol.int/notices/v1/red/2017-8814/images/60304447,https://ws-public.interpol.int/notices/v1/red/2017-8814/images,https://ws-public.interpol.int/notices/v1/red/2017-8814,M,"CIUDADELA, PROVINCIA DE BUENOS AIRES",Argentina,,,,,SPA,,ROBO AGRAVADO POR EL USO DE ARMA CUYA APTITUD PARA EL DISPARO NO PUEDE TENERSE DE NINGUN MODO ACREDITADA (TRES HECHOS).,Argentina,
2017/4505,JUAN PEDRO RICARDO,RESQUIN,1981/01/07,AR,,https://ws-public.interpol.int/notices/v1/red/2017-4505/images,https://ws-public.interpol.int/notices/v1/red/2017-4505,M,"MERCEDES, PROVINCIA DE BUENOS AIRES",Argentina,,,,,SPA,,ROBO CALIFICADO POR EL USO DE ARMA DE FUEGO CUYA APTITUD PARA EL DISPARO NO PUDO TENERSE ACREDITADA.,Argentina,
2017/195425,SEBASTIAN RUBEN,ALONSO,1988/09/12,AR,https://ws-public.interpol.int/notices/v1/red/2017-195425/images/60731179,https://ws-public.interpol.int/notices/v1/red/2017-195425/images,https://ws-public.interpol.int/notices/v1/red/2017-195425,M,"LOMAS DE ZAMORA, PROVINCIA DE BUENOS AIRES",Argentina,,,,,SPA,,HOMICIDIO CALIFICADO EN GRADO DE TENTATIVA EN CONCURSO MATERIAL CON ROCO CALIFICADO POR EL EMPLEO DE ARMA  DE FUEGO,Argentina,
2017/188044,WALTER ALEJANDRO,BARTONCELLO,1974/08/27,AR,https://ws-public.interpol.int/notices/v1/red/2017-188044/images/60708977,https://ws-public.interpol.int/notices/v1/red/2017-188044/images,https://ws-public.interpol.int/notices/v1/red/2017-188044,M,,Argentina,,,,,SPA,"POSEE TATUAJES EN AMBOS BRAZOS, PECHO, ESPALDA, ABDOMEN Y PANTORRILLA DERECHA.",HOMICIDIO COMETIDO CON ARMA DE FUEGO,Argentina,
2017/188046,LEONARDO FABIO,URRA,1983/09/12,AR,https://ws-public.interpol.int/notices/v1/red/2017-188046/images/60711512,https://ws-public.interpol.int/notices/v1/red/2017-188046/images,https://ws-public.interpol.int/notices/v1/red/2017-188046,M,,Argentina,,,,,,,"ABUSO SEXUAL CALIFICADO POR ACCESO CARNAL Y POR CONSTITUIR UN SOMETIMIENTO GRAVEMENTE ULTRAJANTE, APROVECHANDO LA SITUACIÓN DE CONVIVENCIA PREEXISTENTE, EN CONCURSO REAL CON PRODUCCIÓN Y TENENCIA DE PORNOGRAFÍA INFANTIL CON FINES DE COMERCIALIZACIÓN",Argentina,
2017/188058,MARCOS ANTONIO,BARTONCELLO,1978/05/23,AR,https://ws-public.interpol.int/notices/v1/red/2017-188058/images/60709032,https://ws-public.interpol.int/notices/v1/red/2017-188058/images,https://ws-public.interpol.int/notices/v1/red/2017-188058,M,,Argentina,,,,,SPA,,HOMICIDIO COMETIDO CON ARMA DE FUEGO,Argentina,
2017/186827,ADRIAN,TUCCI,1970/06/29,AR,https://ws-public.interpol.int/notices/v1/red/2017-186827/images/60704684,https://ws-public.interpol.int/notices/v1/red/2017-186827/images,https://ws-public.interpol.int/notices/v1/red/2017-186827,M,,Argentina,,,,,,,CONTRABANDO DE ESTUPEFACIENTES AGRAVADO CON FINES DE COMERCIALIZACION AGRAVADO POR EL NUMERO DE PERSONAS INTERVINIENTES EN EL HECHO Y POR EL MEDIO UTILIZADO - AERONAVE PARA EL TRASLADO DEL ESTUPEFACIENTE.,Argentina,
2017/169620,DIEGO GASTON,LARROUTURON,1977/12/10,AR,https://ws-public.interpol.int/notices/v1/red/2017-169620/images/60662037,https://ws-public.interpol.int/notices/v1/red/2017-169620/images,https://ws-public.interpol.int/notices/v1/red/2017-169620,M,,Argentina,,,,,SPA,,HOMICIDIO AGRAVADO POR HABERSE COMETIDO CON LA PREMEDITACION DE DOS O MAS PERSONAS REITERADO EN DOS OCASIONES,Argentina,
2017/169606,DAMIAN ALEJANDRO,ZALAZAR,1988/09/03,AR,,https://ws-public.interpol.int/notices/v1/red/2017-169606/images,https://ws-public.interpol.int/notices/v1/red/2017-169606,M,,Argentina,,,,,SPA,,"ROBO AGRAVADO POR SU COMISION CON ARMA BLANCA EN CONCURSO REAL CON HOMICIDIO AGRAVADO POR TRATARSE DE LA VICTIMA, MIEMBRO INTEGRANTE DEL SERVICIO PENITENCIARIO Y AGRAVADO POR SU COMISION CON UN ARMA DE FUEGO, EN GRADO DE TENTATIVA",Argentina,
2017/168828,JIMENA,RUBIO,1981/07/14,AR,https://ws-public.interpol.int/notices/v1/red/2017-168828/images/60659453,https://ws-public.interpol.int/notices/v1/red/2017-168828/images,https://ws-public.interpol.int/notices/v1/red/2017-168828,F,,,,['OTHD'],,,SPA,,TRANSPORTE DE ESTUPEFACIENTES,Argentina,
2017/162936,MARTIN RUBEN,ALMIRON,1996/08/24,AR,https://ws-public.interpol.int/notices/v1/red/2017-162936/images/60639574,https://ws-public.interpol.int/notices/v1/red/2017-162936/images,https://ws-public.interpol.int/notices/v1/red/2017-162936,M,PROVINCIA DE BUENOS AIRES,Argentina,,,,,SPA,,ABUSO DE ARMAS (DOS HECHOS) Y HOMICIDIO AGRAVADO POR COMETERSE CONTRA MIEMBROS DE LA FUERZA POLICIAL EN GRADO DE TENTATIVA.,Argentina,
2017/146604,DIEGO ALONSO,PAPADOPULOS,1994/02/13,AR,,https://ws-public.interpol.int/notices/v1/red/2017-146604/images,https://ws-public.interpol.int/notices/v1/red/2017-146604,M,,,,,,,SPA,,ASOCIACION ILICITA  EN CONCURSO REAL CON EXTORSION,Argentina,
2017/146599,MARCELO CESAR,GONZALEZ,1968/09/10,AR,https://ws-public.interpol.int/notices/v1/red/2017-146599/images/60603125,https://ws-public.interpol.int/notices/v1/red/2017-146599/images,https://ws-public.interpol.int/notices/v1/red/2017-146599,M,"GENERAL GUEMES, PROVINCIA DE SALTA",Argentina,,,,,SPA,,"TRANSPORTE DE ESTUPEFACIENTES, EN CONCURSO REAL CON EL DELITO DE USO DE DOCUMENTO PUBLICO FALSIFICADO",Argentina,
2017/146542,HECTOR DANIEL,NUÑEZ,1973/01/08,AR,https://ws-public.interpol.int/notices/v1/red/2017-146542/images/60602908,https://ws-public.interpol.int/notices/v1/red/2017-146542/images,https://ws-public.interpol.int/notices/v1/red/2017-146542,M,CAPITAL FEDERAL,Argentina,,,,,SPA,,TRATA DE PERSONAS CON FINES DE EXPLOTACION LABORAL AGRAVADO POR TRATARSE DE MENORES DE EDAD CON ABUSO DE LA SITUACION DE VULNERABILIDAD EN QUE SE ENCONTRABAN.,Argentina,
2017/131907,OSCAR ALBERTO ALEJANDRO,DIAZ,1993/02/27,AR,https://ws-public.interpol.int/notices/v1/red/2017-131907/images/61875599,https://ws-public.interpol.int/notices/v1/red/2017-131907/images,https://ws-public.interpol.int/notices/v1/red/2017-131907,M,,Argentina,,['OTHD'],1.75,0.0,SPA,Tez Trigueña,"ASSOCIACION ILICITA DEDICADA AL CONTRABANDO DE ESTUPEFACIENTES, AGRAVADO POR LA PARTICIPACION DE DOS O MAS PERSONAS ORGANIZADAS, POR LA CANTIDAD DE ESTUPEFACIENTES Y POR LA CUANTIA DE MERCADERIAS.",Argentina,
2017/132162,SILVIO CESAR,ARGUELLO,1963/11/03,AR,https://ws-public.interpol.int/notices/v1/red/2017-132162/images/60566759,https://ws-public.interpol.int/notices/v1/red/2017-132162/images,https://ws-public.interpol.int/notices/v1/red/2017-132162,M,PROVINCIA DE MISIONES,Argentina,,,,,SPA,,ABUSO SEXUAL CON ACCESO CARNAL.,Argentina,
2017/64527,LEVI JOSUE,FLORES JIMENEZ,1998/08/26,AR,,https://ws-public.interpol.int/notices/v1/red/2017-64527/images,https://ws-public.interpol.int/notices/v1/red/2017-64527,M,,Argentina,,,,,SPA,,TRATA DE PERSONAS CON FINES DE EXPLOTACIÓN LABORAL,Argentina,
2017/17169,EFRAIN GUSTAVO,DALLMANN,1972/10/02,AR,https://ws-public.interpol.int/notices/v1/red/2017-17169/images/60568902,https://ws-public.interpol.int/notices/v1/red/2017-17169/images,https://ws-public.interpol.int/notices/v1/red/2017-17169,M,PROVINCIA DE MISIONES,Argentina,,,,,SPA,,TRANSPORTE DE ESTUPEFACIENTES AGRAVADO POR LA PARTICIPACION DE TRES O MAS PERSONAS ORGANIZADAS.,Argentina,
2017/15991,DAMIAN,FUENTEALBA GUIÑEZ,1989/11/13,AR,https://ws-public.interpol.int/notices/v1/red/2017-15991/images/60329492,https://ws-public.interpol.int/notices/v1/red/2017-15991/images,https://ws-public.interpol.int/notices/v1/red/2017-15991,M,PROVINCIA DE RIO NEGRO,Argentina,,,1.72,0.0,SPA,"CUTIS TRIGUEÑO TONO MEDIANO, CABELLO CRESPO, FRENTE VERTICAL MEDIANA, IRIS IZQUIERDO CASTAÑO, CEJAS ARQUEADAS, NARIZ CONVEXA, BOCA MEDIANA, LABIOS MEDIANOS, COMISURAS LABIALES BAJAS, OREJAS MEDIANAS,",ABUSO SEXUAL AGRAVADO POR EL VINCULO,Argentina,
2017/14914,ROBERTO ALEJANDRO,NAHUELPAN,1975/05/01,AR,https://ws-public.interpol.int/notices/v1/red/2017-14914/images/60326093,https://ws-public.interpol.int/notices/v1/red/2017-14914/images,https://ws-public.interpol.int/notices/v1/red/2017-14914,M,,Argentina,,,,,,,HOMICIDIO AGRAVADO,Argentina,
2017/8814,YOEL WALTER,TORRES,1995/02/10,AR,https://ws-public.interpol.int/notices/v1/red/2017-8814/images/60304447,https://ws-public.interpol.int/notices/v1/red/2017-8814/images,https://ws-public.interpol.int/notices/v1/red/2017-8814,M,"CIUDADELA, PROVINCIA DE BUENOS AIRES",Argentina,,,,,SPA,,ROBO AGRAVADO POR EL USO DE ARMA CUYA APTITUD PARA EL DISPARO NO PUEDE TENERSE DE NINGUN MODO ACREDITADA (TRES HECHOS).,Argentina,
2017/4505,JUAN PEDRO RICARDO,RESQUIN,1981/01/07,AR,,https://ws-public.interpol.int/notices/v1/red/2017-4505/images,https://ws-public.interpol.int/notices/v1/red/2017-4505,M,"MERCEDES, PROVINCIA DE BUENOS AIRES",Argentina,,,,,SPA,,ROBO CALIFICADO POR EL USO DE ARMA DE FUEGO CUYA APTITUD PARA EL DISPARO NO PUDO TENERSE ACREDITADA.,Argentina,
