entity_id,forename,name,date_of_birth,nationalities,thumbnail,images,self_link,sex_id,place_of_birth,country_of_birth,eyes_colors_id,hairs_id,height,weight,languages_spoken_ids,distinguishing_marks,arrest_charge,arrest_issuing_country,arrest_charge_translation
2024/7419,IWAN LEENDERT,DIJKSTEEL,1952/12/12,SR,https://ws-public.interpol.int/notices/v1/red/2024-7419/images/62979235,https://ws-public.interpol.int/notices/v1/red/2024-7419/images,https://ws-public.interpol.int/notices/v1/red/2024-7419,M,,Suriname,['BROD'],['HAIB'],,,"DUT, ENG",,Participation in the commission to commit Murder,Suriname,
2023/57621,ANDUELO KENNETH,MAKANDRA,1990/07/11,SR,https://ws-public.interpol.int/notices/v1/red/2023-57621/images/62843746,https://ws-public.interpol.int/notices/v1/red/2023-57621/images,https://ws-public.interpol.int/notices/v1/red/2023-57621,M,Paramaribo,Suriname,['BRO'],['BLA'],,,"ENG, DUT",,"Article 188: participation in a criminal organization: Anyone who participates in an organization which
he knows or has serious reason to suspect has as its object the commission of crimes ACT of February
12, 1998, establishing the Narcotic Drugs Act (Wet Verdovende Middelen) (Official Gazette 1998 no.
14), as it reads after the amendments made therein by Official Gazette 2002 No. 68. Article 3 1. It is
forbidden that: a. the resources stated on List I of this Act; b. the resources designated under
paragraph 2 or 3 of this Article A. are imported, exported or shipped in transit; B. are prepared,
adapted, processed, sold, delivered, provided or transported; C. are possessed, present on hand or
used; D. are manufactured;",Suriname,
2023/7286,RAOUL JOHN,SYPENHOF,1981/04/10,SR,https://ws-public.interpol.int/notices/v1/red/2023-7286/images/62657267,https://ws-public.interpol.int/notices/v1/red/2023-7286/images,https://ws-public.interpol.int/notices/v1/red/2023-7286,M,Paramaribo,Suriname,['BRO'],['BLA'],,,"DUT, ENG",,"349; 349 juncto 72, 349 juncto 73: Murder; complicity and/or participation in murder
348; 348 juncto 72, 348 juncto 73: Aggravated homicide, complicity and or participation in aggravated homicide
342; 342 jo 72: intentional deprivation of liberty and/or participation in intentional deprivation of liberty.
188: Participation in a criminal Organization",Suriname,
2023/7308,MARVIN ANTHONY RALF,WILSON,1985/02/09,SR,https://ws-public.interpol.int/notices/v1/red/2023-7308/images/62657304,https://ws-public.interpol.int/notices/v1/red/2023-7308/images,https://ws-public.interpol.int/notices/v1/red/2023-7308,M,,,['BRO'],['BLA'],,,"ENG, DUT, SPA",,"349; 349 juncto 72, 349 juncto 73: Murder; complicity and/or participation in murder
348; 348 juncto 72, 348 juncto 73: aggravated homicide, complicity and or participation in aggravated homicide
342; 342 jo 72: intentional deprivation of liberty and/or participation.
188: Participation in a criminal Organization",Suriname,
2023/4467,MAIKEL VIKASH,HARPAL,1983/02/24,SR,https://ws-public.interpol.int/notices/v1/red/2023-4467/images/62646754,https://ws-public.interpol.int/notices/v1/red/2023-4467/images,https://ws-public.interpol.int/notices/v1/red/2023-4467,M,Marowijne,Suriname,['BROL'],['BROF'],,,"ENG, DUT",,"violation of Article 3 paragraph 1a and b under A, B and C; Article 3 paragraph 1a under A, B and C
juncto Article 11 juncto 12 of the Narcotic Drugs Act. article 188 Suriname penal Code",Suriname,
2023/4455,ANIL,GOERBIEN,1982/03/11,SR,https://ws-public.interpol.int/notices/v1/red/2023-4455/images/62646716,https://ws-public.interpol.int/notices/v1/red/2023-4455/images,https://ws-public.interpol.int/notices/v1/red/2023-4455,M,Paramaribo,Suriname,['BROL'],['BLA'],,,"DUT, ENG",,"violation of Article 3 paragraph 1a and b under A, B and C; Article 3 paragraph 1a under A, B and C
juncto Article 11 juncto 12 of the Narcotic Drugs Act. article 188 Suriname penal Code",Suriname,
2023/4477,FAIZEL MOHAMED,LEAKAT,1980/10/19,SR,https://ws-public.interpol.int/notices/v1/red/2023-4477/images/62646816,https://ws-public.interpol.int/notices/v1/red/2023-4477/images,https://ws-public.interpol.int/notices/v1/red/2023-4477,M,Paramaribo,Suriname,['BROL'],['GRYG'],,,"ENG, DUT",,"violation of Article 3 paragraph 1a and b under A, B and C; Article 3 paragraph 1a under A, B and C
juncto Article 11 juncto 12 of the Narcotic Drugs Act. article 188 Suriname penal Code",Suriname,
2022/81321,ROMANEO,KALIDIEN,1980/12/09,SR,https://ws-public.interpol.int/notices/v1/red/2022-81321/images/62614748,https://ws-public.interpol.int/notices/v1/red/2022-81321/images,https://ws-public.interpol.int/notices/v1/red/2022-81321,M,Paramaribo,Suriname,['BRO'],['BLA'],,,"DUT, ENG",,"Violating the Narcotic Drugs Act (Law of 12 February 1998 laying down the Law on narcotic drugs, as it reads after amendments made to it)
Participation in Criminal Organization (art.188 Surinamese Criminal Code)",Suriname,
2022/80235,JOEL TIMOTHEUS,MARTINUS,1982/02/11,SR,https://ws-public.interpol.int/notices/v1/red/2022-80235/images/62629792,https://ws-public.interpol.int/notices/v1/red/2022-80235/images,https://ws-public.interpol.int/notices/v1/red/2022-80235,M,Marowijne,Suriname,['BROD'],['BLA'],,,"POR, DUT",,"Article 349; 349 juncto 72 juncto 73: 
murder; complicity in murder and/or participation in murder.
Article 347; 347 juncto 72 juncto 73:
manslaughter, complicity in manslaughter and/or participation in manslaughter.

Article 188: participation in a criminal organization: Anyone who participates in an organization which he knows or has serious reason to suspect has as its object the commission of crimes.

ACT of February 12, 1998, establishing the Narcotic Drugs Act (Wet Verdovende Middelen) (Official Gazette 1998 no. 14), as it reads after the amendments made therein by Official Gazette 2002 No. 68. 
Article 3 

1.	It is forbidden that: 
a.	the resources stated on List I of this Act; 
b.	the resources designated under paragraph 2 or 3 of this Article 
A.	are imported, exported or shipped in transit;
B.	are prepared, adapted, processed, sold, delivered, provided or transported; 
C.	are possessed, present on hand or used;
D.	are manufactured;",Suriname,
2014/10123,LLOYD UNO WLADIMIR,ERNST,1955/03/03,SR,,https://ws-public.interpol.int/notices/v1/red/2014-10123/images,https://ws-public.interpol.int/notices/v1/red/2014-10123,M,PARAMARIBO,Suriname,,,,,"POR, FRE, SPA",,INTERNATIONAL NARCOTICS TRAFFICKING.,Brazil,
