entity_id,forename,name,date_of_birth,nationalities,thumbnail,images,self_link,sex_id,place_of_birth,country_of_birth,eyes_colors_id,hairs_id,height,weight,languages_spoken_ids,distinguishing_marks,arrest_charge,arrest_issuing_country,arrest_charge_translation
2024/51978,BEDRI,NOKA,1984/07/27,AL,https://ws-public.interpol.int/notices/v1/red/2024-51978/images/63160068,https://ws-public.interpol.int/notices/v1/red/2024-51978/images,https://ws-public.interpol.int/notices/v1/red/2024-51978,M,Novosej,Albania,,,,,,,Belonging to a criminal organisation // traffic in narcotics within the framework of an association // money laundering,Belgium,
2024/51962,ANDI,KUKA,1993/01/12,AL,https://ws-public.interpol.int/notices/v1/red/2024-51962/images/63159963,https://ws-public.interpol.int/notices/v1/red/2024-51962/images,https://ws-public.interpol.int/notices/v1/red/2024-51962,M,,,,,,,,,Belonging to a criminal organisation // traffic in narcotics within the framework of an association // money laundering,Belgium,
2018/28948,TAULANT,MEMO,1986/03/02,AL,https://ws-public.interpol.int/notices/v1/red/2018-28948/images/61334742,https://ws-public.interpol.int/notices/v1/red/2018-28948/images,https://ws-public.interpol.int/notices/v1/red/2018-28948,M,GJONC ERSEKA OR KORCE,Albania,,,0.0,0.0,ALB,,"Illegal logging of a state forest area, in common and continuously, with the caused  damage exceeding 10.000,00 Euros. Illegally carrying a gun.",Greece,
2018/28927,ERGEST,MEMO,1984/06/11,AL,https://ws-public.interpol.int/notices/v1/red/2018-28927/images/61334701,https://ws-public.interpol.int/notices/v1/red/2018-28927/images,https://ws-public.interpol.int/notices/v1/red/2018-28927,M,GJONC ERSEKA OR KORCE,Albania,,,0.0,0.0,ALB,,"Illegal logging of a state forest area, in common and continuously, with the caused  damage exceeding 10.000,00 Euros.",Greece,
2016/43721,ALEKS,BURRELI,1968/02/01,AL,https://ws-public.interpol.int/notices/v1/red/2016-43721/images/60124371,https://ws-public.interpol.int/notices/v1/red/2016-43721/images,https://ws-public.interpol.int/notices/v1/red/2016-43721,M,SUC,Albania,,,,,,,"1.  Conspiracy to commit felony
2.  Conspiracy to kill, 
3.  Illegal possession and carriage of weapons,",Cyprus,
2013/54969,ROMEO,RUSTEMAJ,1989/02/23,AL,https://ws-public.interpol.int/notices/v1/red/2013-54969/images/59204746,https://ws-public.interpol.int/notices/v1/red/2013-54969/images,https://ws-public.interpol.int/notices/v1/red/2013-54969,M,SELENICE/VLORE,Albania,,,0.0,0.0,,,"Attempted Homicides committed in other specific circumstances, Escape of the convicted from the place of detention",Albania,
2012/343189,GAZMENT,NEBIU,1976/06/05,AL,https://ws-public.interpol.int/notices/v1/red/2012-343189/images/57737796,https://ws-public.interpol.int/notices/v1/red/2012-343189/images,https://ws-public.interpol.int/notices/v1/red/2012-343189,M,VLORE,Albania,,,0.0,0.0,,,"Premeditated homicide in collaboration, Criminal organizations, Commission of criminal offences by the criminal organisation and the structured criminal gang, Illegal manufacturing and keeping military weapons and ammunition",Albania,
2010/38938,ERVIS,MECOLLARI,1987/07/02,AL,https://ws-public.interpol.int/notices/v1/red/2010-38938/images/54472492,https://ws-public.interpol.int/notices/v1/red/2010-38938/images,https://ws-public.interpol.int/notices/v1/red/2010-38938,M,KORCE,Albania,['BRO'],['BRO'],1.78,82.0,"ALB, ENG",MECOLLARI HAS HAD SURGERY ON HIS NOSE DUE TO EXCESSIVE HEROIN USE AND MAY HAVE SCARS OR MARKS ON HIS NOSE.,MURDER,United States of America,
2006/27586,SPARTAK,SAGERI,1973/08/14,AL,https://ws-public.interpol.int/notices/v1/red/2006-27586/images/61371939,https://ws-public.interpol.int/notices/v1/red/2006-27586/images,https://ws-public.interpol.int/notices/v1/red/2006-27586,M,"SHEMERTIR, ERSEKE",Albania,,,0.0,0.0,"ALB, ENG",,"Homicide committed in other specific circumstances against two or more persons, and criminal conspiracy",Albania,
2005/15825,ARTAN,SULSTAROVA,1980/08/30,AL,https://ws-public.interpol.int/notices/v1/red/2005-15825/images/61506648,https://ws-public.interpol.int/notices/v1/red/2005-15825/images,https://ws-public.interpol.int/notices/v1/red/2005-15825,M,Pogradec,Albania,['BRO'],['BRO'],1.82,99.0,"ALB, ENG",,"(1) Premeditated murder, 1st degree
(2) Murder, 2nd degree
(3) Assault with a dangerous weapon",United States of America,
