entity_id,forename,name,date_of_birth,nationalities,thumbnail,images,self_link,sex_id,place_of_birth,country_of_birth,eyes_colors_id,hairs_id,height,weight,languages_spoken_ids,distinguishing_marks,arrest_charge,arrest_issuing_country,arrest_charge_translation
2010/21746,DZEMSIT,DEHARI,1968/05/08,MK,https://ws-public.interpol.int/notices/v1/red/2010-21746/images/59529967,https://ws-public.interpol.int/notices/v1/red/2010-21746/images,https://ws-public.interpol.int/notices/v1/red/2010-21746,M,GARJE TETOVO,North Macedonia,,,,,,,"MURDER, MISUSE OF FIREARM AND AMMUNITION",Hungary,
2009/24461,AQUIF,AJRO,1980/12/16,"MK, US",https://ws-public.interpol.int/notices/v1/red/2009-24461/images/54205348,https://ws-public.interpol.int/notices/v1/red/2009-24461/images,https://ws-public.interpol.int/notices/v1/red/2009-24461,M,"WATERBURY, CONNECTICUT",United States of America,['BROH'],['BRO'],1.725,74.5,"ENG, ALB",,"1) assault first degree (2 counts)
2) assault second degree (2 counts)
3) assault third degree (2 counts)
4) reckless endangerment first degree (2 counts)


",United States of America,
