entity_id,forename,name,date_of_birth,nationalities,thumbnail,images,self_link,sex_id,place_of_birth,country_of_birth,eyes_colors_id,hairs_id,height,weight,languages_spoken_ids,distinguishing_marks,arrest_charge,arrest_issuing_country,arrest_charge_translation
2021/73114,MIRIAM,BWANALI,1980/12/06,ZW,,https://ws-public.interpol.int/notices/v1/red/2021-73114/images,https://ws-public.interpol.int/notices/v1/red/2021-73114,F,MAKONDE,Zimbabwe,,,0.0,0.0,"SNA, ENG",,KIDNAPPING,Zimbabwe,
2018/93271,XOLANI,DUBE,1994/09/02,ZW,https://ws-public.interpol.int/notices/v1/red/2018-93271/images/61205650,https://ws-public.interpol.int/notices/v1/red/2018-93271/images,https://ws-public.interpol.int/notices/v1/red/2018-93271,M,CHICHI,Zimbabwe,['BRO'],['BLA'],,,"ENG, NBL",,Escaping from lawful custody,Botswana,
2018/92919,TUMELO,MOYO,1994/04/04,ZW,,https://ws-public.interpol.int/notices/v1/red/2018-92919/images,https://ws-public.interpol.int/notices/v1/red/2018-92919,M,Gwanda,Zimbabwe,['BRO'],['BLA'],1.6,55.0,,black in complexion,Escaping from Lawfully custody,Botswana,
2018/84066,BORNFACE,MADUNUSA,1986/05/03,ZW,https://ws-public.interpol.int/notices/v1/red/2018-84066/images/61177402,https://ws-public.interpol.int/notices/v1/red/2018-84066/images,https://ws-public.interpol.int/notices/v1/red/2018-84066,M,GOKWE,Zimbabwe,['BRO'],['BLA'],1.56,78.0,"SNA, ENG",,Murder,Zimbabwe,
2018/50838,ANDREW,NDLOVU,1990/02/06,ZW,https://ws-public.interpol.int/notices/v1/red/2018-50838/images/61073285,https://ws-public.interpol.int/notices/v1/red/2018-50838/images,https://ws-public.interpol.int/notices/v1/red/2018-50838,M,GWERU,Zimbabwe,,,,,"ENG, NDE, SON",,HOUSE ROBBERY AND MURDER,South Africa,
2018/9327,MANATA,TRAVOR,1979,ZW,https://ws-public.interpol.int/notices/v1/red/2018-9327/images/60942376,https://ws-public.interpol.int/notices/v1/red/2018-9327/images,https://ws-public.interpol.int/notices/v1/red/2018-9327,M,HWEDZA,Zimbabwe,['BRO'],['BLA'],1.71,75.0,SNA,,MURDER,Zimbabwe,
2018/9293,RUSIKE,TANAKA,1987/06/27,ZW,,https://ws-public.interpol.int/notices/v1/red/2018-9293/images,https://ws-public.interpol.int/notices/v1/red/2018-9293,M,GWERU,Zimbabwe,['BRO'],['BLA'],1.62,70.0,SNA,,Murder,Zimbabwe,
2014/35530,MOREBLESSING,MAVUSO,1974/11/04,"SZ, ZW",https://ws-public.interpol.int/notices/v1/red/2014-35530/images/59536356,https://ws-public.interpol.int/notices/v1/red/2014-35530/images,https://ws-public.interpol.int/notices/v1/red/2014-35530,F,BULAWAYO,Zimbabwe,['BLA'],['BLA'],1.62,0.0,"SSW, NBL, ENG",,"Fraud, Corruption",Eswatini,
