entity_id,forename,name,date_of_birth,nationalities,thumbnail,images,self_link,sex_id,place_of_birth,country_of_birth,eyes_colors_id,hairs_id,height,weight,languages_spoken_ids,distinguishing_marks,arrest_charge,arrest_issuing_country,arrest_charge_translation
2023/3847,YUAN NIE,POH,1965/12/21,SG,https://ws-public.interpol.int/notices/v1/red/2023-3847/images/62682614,https://ws-public.interpol.int/notices/v1/red/2023-3847/images,https://ws-public.interpol.int/notices/v1/red/2023-3847,F,,Singapore,['BLA'],['GRY'],1.54,0,"ENG, CHI",,Abetment to commit cheating,Singapore,
2009/36254,MUHAMMAD RIDZUAN,BIN JOHAN,1981/11/10,SG,https://ws-public.interpol.int/notices/v1/red/2009-36254/images/54244011,https://ws-public.interpol.int/notices/v1/red/2009-36254/images,https://ws-public.interpol.int/notices/v1/red/2009-36254,M,,Singapore,['BROD'],['OTHD'],1.7,90,"ENG, MAY",NIL,MURDER,Singapore,
2009/35122,MUHAMMAD FAIDHIL,BIN MAWI,1985/06/19,SG,https://ws-public.interpol.int/notices/v1/red/2009-35122/images/54238722,https://ws-public.interpol.int/notices/v1/red/2009-35122/images,https://ws-public.interpol.int/notices/v1/red/2009-35122,M,,Singapore,['BLA'],['BLA'],1.68,0,"MAY, ENG",NO HISTORY ,MURDER,Singapore,
2008/14528,SOON JOO,NEO,1971/05/01,SG,https://ws-public.interpol.int/notices/v1/red/2008-14528/images/61132714,https://ws-public.interpol.int/notices/v1/red/2008-14528/images,https://ws-public.interpol.int/notices/v1/red/2008-14528,M,SINGAPORE,Singapore,['BLA'],['BLA'],1.7,0,"ENG, CHI",,Armed robbery and abduction,Singapore,
1998/7982,LAI CHUN,SIAK,1962/05/08,SG,https://ws-public.interpol.int/notices/v1/red/1998-7982/images/52693959,https://ws-public.interpol.int/notices/v1/red/1998-7982/images,https://ws-public.interpol.int/notices/v1/red/1998-7982,F,,Singapore,['BROD'],['BLA'],1.6,55,"CHI, ENG",,embezzlement,Singapore,
