entity_id,forename,name,date_of_birth,nationalities,thumbnail,images,self_link,sex_id,place_of_birth,country_of_birth,eyes_colors_id,hairs_id,height,weight,languages_spoken_ids,distinguishing_marks,arrest_charge,arrest_issuing_country,arrest_charge_translation
2021/45643,MOHAMED AHMED,SHIRE,1989/06/24,"CA, SO",https://ws-public.interpol.int/notices/v1/red/2021-45643/images/62195643,https://ws-public.interpol.int/notices/v1/red/2021-45643/images,https://ws-public.interpol.int/notices/v1/red/2021-45643,M,,,['BRO'],['BLA'],1.89,68.0,"SOM, ENG",,"Two counts of 1st Degree Murder 
One count of Attempted Murder",Canada,
2017/286230,AHMED MAHABUB,GEDI,1986,"SO, KE",,https://ws-public.interpol.int/notices/v1/red/2017-286230/images,https://ws-public.interpol.int/notices/v1/red/2017-286230,M,IJARA,Kenya,,['BLA'],1.64,0.0,"ENG, SOM, SWA",,"Count 1; possession of wildlife trophy contrary to section 95 as read with section 105 of the wildlife conservation and management Act 2013.

Count 2; dealing in wildlife trophy contrary to section 84(1) as read with section 92 and section 105 of the wildlife conservation and management Act 2013.",Kenya,
2010/3555,ABDI JAMA,ADAN,1968/01/01,SO,https://ws-public.interpol.int/notices/v1/red/2010-3555/images/54302177,https://ws-public.interpol.int/notices/v1/red/2010-3555/images,https://ws-public.interpol.int/notices/v1/red/2010-3555,M,,Somalia,['BRO'],['BLA'],1.7,66.0,"ENG, SOM",ADAN HAS A SCAR NEAR HIS LEFT EYE.,"MURDER, USING A DEADLY AND DANGEROUS WEAPON",United States of America,
2009/29083,MUHAMED AHMED,HASSAN,1983/02/18,SO,https://ws-public.interpol.int/notices/v1/red/2009-29083/images/54208167,https://ws-public.interpol.int/notices/v1/red/2009-29083/images,https://ws-public.interpol.int/notices/v1/red/2009-29083,M,MOGADISHU,Somalia,,,1.9,,SOM,STOOPING BUILT,HOMICIDE,Denmark,
2008/7769,MAHAMUD ABDULLAHI,ISSE,1935/07/08,SO,https://ws-public.interpol.int/notices/v1/red/2008-7769/images/61132751,https://ws-public.interpol.int/notices/v1/red/2008-7769/images,https://ws-public.interpol.int/notices/v1/red/2008-7769,M,,Somalia,['BRO'],['BLA'],1.755,68.5,"ENG, SOM",Burn scar on right thigh to hip area and receding hairline to top of head,1)Criminal Sexual Conduct in the First Degree (1 count) ; 2) Attempted Criminal Sexual Conduct in the First Degree (1count).,United States of America,
2008/2494,MOHAMUD ABUKAR,HAGI,1983/01/01,"SO, CA",https://ws-public.interpol.int/notices/v1/red/2008-2494/images/61144272,https://ws-public.interpol.int/notices/v1/red/2008-2494/images,https://ws-public.interpol.int/notices/v1/red/2008-2494,M,,Somalia,['BRO'],['BLA'],1.75,75.0,"SOM, ENG",Scar on cheek,"First degree murder, possession of an unregistered weapon.",Canada,
2007/43326,AHMED,HASSAN,1970/01/01,SO,,https://ws-public.interpol.int/notices/v1/red/2007-43326/images,https://ws-public.interpol.int/notices/v1/red/2007-43326,M,,Somalia,['BRO'],['BRO'],1.825,69.5,"SWA, SOM",Possibly a scar on right or left hip and abdomen,"1) Murder of a U.S. national outside the United States (1 Count); 
2) Using and carrying a firearm during a crime of violence that caused death. (1 Count); 
3) Using and carrying a firearm during a crime of violence. (1 Count)",United States of America,
2004/5425,MOHAMED ABDI,GULED,1981/07/29,SO,https://ws-public.interpol.int/notices/v1/red/2004-5425/images/62340720,https://ws-public.interpol.int/notices/v1/red/2004-5425/images,https://ws-public.interpol.int/notices/v1/red/2004-5425,M,,Somalia,['BRO'],['BLA'],1.78,58.0,"ENG, SOM",crooked nose,1st Degree Murder,Canada,
2004/5422,ALAS,WARSAME,1981/09/15,"SO, CA",https://ws-public.interpol.int/notices/v1/red/2004-5422/images/62340802,https://ws-public.interpol.int/notices/v1/red/2004-5422/images,https://ws-public.interpol.int/notices/v1/red/2004-5422,M,,China,['BRO'],['BLA'],1.88,67.0,"CHI, ENG, SOM",Scar on right hand,1st degree murder,Canada,
