entity_id,forename,name,date_of_birth,nationalities,thumbnail,images,self_link,sex_id,place_of_birth,country_of_birth,eyes_colors_id,hairs_id,height,weight,languages_spoken_ids,distinguishing_marks,arrest_charge,arrest_issuing_country,arrest_charge_translation
2021/48536,DENISS,KONASKINS,1975/08/24,LV,https://ws-public.interpol.int/notices/v1/red/2021-48536/images/62206742,https://ws-public.interpol.int/notices/v1/red/2021-48536/images,https://ws-public.interpol.int/notices/v1/red/2021-48536,M,,Latvia,,,1.8,,,,"Murder in especially aggravating circumstances - organized group, each member with a significant role with a goal to commit especially serious murder",Latvia,
2021/47979,IVANS,AGAPITOVS,1967/08/18,LV,https://ws-public.interpol.int/notices/v1/red/2021-47979/images/62204509,https://ws-public.interpol.int/notices/v1/red/2021-47979/images,https://ws-public.interpol.int/notices/v1/red/2021-47979,M,"Gulaipolska region, Uspenovka",Ukraine,,,,,RUS,,Murder Committed in Especially Aggravating Circumstances,Latvia,
2012/342716,ALEXEY,KERTSGUR,1978/04/30,"GE, IL, LV",https://ws-public.interpol.int/notices/v1/red/2012-342716/images/57728835,https://ws-public.interpol.int/notices/v1/red/2012-342716/images,https://ws-public.interpol.int/notices/v1/red/2012-342716,M,RIGA,Latvia,,,0.0,0.0,"ENG, ARA",,Piracy,Russia,
2000/24367,IGOR,NAGORNYI,1963/10/13,LV,https://ws-public.interpol.int/notices/v1/red/2000-24367/images/53495284,https://ws-public.interpol.int/notices/v1/red/2000-24367/images,https://ws-public.interpol.int/notices/v1/red/2000-24367,M,VENTSPILS CITY,Latvia,,['BROF'],1.85,,RUS,,Murder of two persons,Russia,
