entity_id,forename,name,date_of_birth,nationalities,thumbnail,images,self_link,sex_id,place_of_birth,country_of_birth,eyes_colors_id,hairs_id,height,weight,languages_spoken_ids,distinguishing_marks,arrest_charge,arrest_issuing_country,arrest_charge_translation
2020/51800,ALOYS,NTIWIRAGABO,1948,RW,https://ws-public.interpol.int/notices/v1/red/2020-51800/images/61866876,https://ws-public.interpol.int/notices/v1/red/2020-51800/images,https://ws-public.interpol.int/notices/v1/red/2020-51800,M,Commune Satinskyi/Gisenyi/ District de Ngororero,Rwanda,,,,,"KIN, FRE",,"Quatre (4) Chefs d’Accusation : 
Crimes de Génocide 
Chef d’Accusation N°1 : Génocide par meurtre des membres du groupe 
Chef d’Accusation N°2 : Conspiration en vue de commettre le Génocide 
Crimes contre l’Humanité 
Chef d’Accusation N°3 : Crime contre l’Humanité de Meurtre 
Chef d’Accusation N°4 : Crime contre l’Humanité d’Extermination",Rwanda,
2019/103687,VINCENT,NZIGIYIMFURA,1962,RW,https://ws-public.interpol.int/notices/v1/red/2019-103687/images/61576300,https://ws-public.interpol.int/notices/v1/red/2019-103687/images,https://ws-public.interpol.int/notices/v1/red/2019-103687,M,"KIGOMA,GITARAMA PREFECTURE, CURRENTLY NYANZA DISTRICT",Rwanda,,,0.0,0.0,KIN,,"Genocide,   Extermination as a Crime against Humanity",Rwanda,
2019/53005,MUGENI,NYIRAMBARUSHIMANA,1986/07/01,RW,https://ws-public.interpol.int/notices/v1/red/2019-53005/images/61421051,https://ws-public.interpol.int/notices/v1/red/2019-53005/images,https://ws-public.interpol.int/notices/v1/red/2019-53005,F,NYARUGENGE-KIGALI CITY,Rwanda,,,0.0,0.0,"SWA, KIN",,Human Trafficking,Rwanda,
2017/255358,ROGER,RUSAGARA,1985,RW,https://ws-public.interpol.int/notices/v1/red/2017-255358/images/60827619,https://ws-public.interpol.int/notices/v1/red/2017-255358/images,https://ws-public.interpol.int/notices/v1/red/2017-255358,M,SOUTH PROVINCE,Rwanda,,,0.0,0.0,"FRE, ENG, KIN",,Theft/Breach of Trust,Rwanda,
2012/6577,EMMANUEL,NKUBANA,1970,RW,,https://ws-public.interpol.int/notices/v1/red/2012-6577/images,https://ws-public.interpol.int/notices/v1/red/2012-6577,M,MBARARA-WESTERN UGANDA,Uganda,,,0.0,0.0,,,Assassination and escaping justice.,Rwanda,
2009/10882,MANASSE,BIGWENZARE,1935,RW,,https://ws-public.interpol.int/notices/v1/red/2009-10882/images,https://ws-public.interpol.int/notices/v1/red/2009-10882,M,KIVUYE/BYUMBA,Rwanda,,,0.0,0.0,"FRE, KIN, ENG",,"Genocide, conspiracy to commit genocide, complicity in genocide, crimes against humanity (murder and extermination)",Rwanda,
2001/16822,EMMANUEL,BAGAMBIKI,1948,RW,https://ws-public.interpol.int/notices/v1/red/2001-16822/images/61196688,https://ws-public.interpol.int/notices/v1/red/2001-16822/images,https://ws-public.interpol.int/notices/v1/red/2001-16822,M,"GISUMA, GITABA, BUMAZI, CYANGUGU",Rwanda,,,0.0,0.0,"KIN, FRE",,"RAPE, COMPLICITY OF RAPE",Rwanda,
2007/30112,LAURENT,KUBWIMANA,1952/11/12,RW,https://ws-public.interpol.int/notices/v1/red/2007-30112/images/61219356,https://ws-public.interpol.int/notices/v1/red/2007-30112/images,https://ws-public.interpol.int/notices/v1/red/2007-30112,M,"EX-GISHAMVU, BUTARE",Rwanda,,,0.0,0.0,"FRE, ENG, KIN",,"Genocide, complicity in genocide, conspiracy to commit genocide, crimes against humanity (murder, extermination), ordinary crimes (formation, membership, leadership, and participation in an association of a criminal gang, whose purpose and existence is to do harm to people or their property), inciting, aiding or abetting public disorder",Rwanda,
2001/53975,CHARLES,SIKUBWABO,1940,RW,https://ws-public.interpol.int/notices/v1/red/2001-53975/images/61164593,https://ws-public.interpol.int/notices/v1/red/2001-53975/images,https://ws-public.interpol.int/notices/v1/red/2001-53975,M,GISHYITA / KIBUYE,Rwanda,,,0.0,0.0,KIN,,"Genocide/complicity of genocide, conspiracy to commit genocide, crime against humanity",922,
2001/9026,ALOYS,NDIMBATI,1961,RW,https://ws-public.interpol.int/notices/v1/red/2001-9026/images/59563635,https://ws-public.interpol.int/notices/v1/red/2001-9026/images,https://ws-public.interpol.int/notices/v1/red/2001-9026,M,GISOVU / KIBUYE,Rwanda,,,0.0,0.0,,,"Genocide/complicity of genocide, direct and public incitement to commit genocide, crimes against humanity",922,
