entity_id,forename,name,date_of_birth,nationalities,thumbnail,images,self_link,sex_id,place_of_birth,country_of_birth,eyes_colors_id,hairs_id,height,weight,languages_spoken_ids,distinguishing_marks,arrest_charge,arrest_issuing_country,arrest_charge_translation
2024/53696,KENNY,SHILLINGFORD,1989/01/01,DM,https://ws-public.interpol.int/notices/v1/red/2024-53696/images/63175479,https://ws-public.interpol.int/notices/v1/red/2024-53696/images,https://ws-public.interpol.int/notices/v1/red/2024-53696,M,,Dominica,,,0.0,0.0,"ENG, FRE",,*Tentative d’assassinat,France,
2023/25652,DOWLIN NEFASSON,ALEXANDER,1972/05/11,DM,https://ws-public.interpol.int/notices/v1/red/2023-25652/images/62722673,https://ws-public.interpol.int/notices/v1/red/2023-25652/images,https://ws-public.interpol.int/notices/v1/red/2023-25652,M,Grand Bay - Berricoa,Dominica,['BLA'],['BLA'],1.67,,ENG,grain de beauté sur le côté droit de la tête - cheveux noirs ou chauve,"*Acquisition, détention, transport, offre, importation ou cession non autorisée de stupéfiants
*Participation à une association de malfaiteurs en vue de la préparation d’un délit puni de 10 ans d’emprisonnement",France,
2019/48344,MEHDI,EBRAHIMIESHRATABADI,1981/06/16,"IR, CY, DM",https://ws-public.interpol.int/notices/v1/red/2019-48344/images/61402894,https://ws-public.interpol.int/notices/v1/red/2019-48344/images,https://ws-public.interpol.int/notices/v1/red/2019-48344,M,MASHHAD,Iran,,,0.0,0.0,"PER, ENG, ARA",,Fraud,Iran,
