entity_id,forename,name,date_of_birth,nationalities,thumbnail,images,self_link,sex_id,place_of_birth,country_of_birth,eyes_colors_id,hairs_id,height,weight,languages_spoken_ids,distinguishing_marks,arrest_charge,arrest_issuing_country,arrest_charge_translation
2021/57073,VYTAUTAS,AVIZINIS,1983/03/14,LT,https://ws-public.interpol.int/notices/v1/red/2021-57073/images/62238250,https://ws-public.interpol.int/notices/v1/red/2021-57073/images,https://ws-public.interpol.int/notices/v1/red/2021-57073,M,,Lithuania,,,,,,,MURDER,Lithuania,
2020/45105,MINDAUGAS,BEDUNKEVICIUS,1979/01/14,LT,https://ws-public.interpol.int/notices/v1/red/2020-45105/images/61842737,https://ws-public.interpol.int/notices/v1/red/2020-45105/images,https://ws-public.interpol.int/notices/v1/red/2020-45105,M,,Lithuania,,,,,,,"Illicit trafficking in narcotic drugs and psychotropic substances; Illicit trafficking in weapons, munitions and explosives' Smuggling of a very large quantity of the narcotic substances",Lithuania,
2018/30050,ARUNAS,STIKLIORAITIS,1986/08/11,LT,https://ws-public.interpol.int/notices/v1/red/2018-30050/images/61004043,https://ws-public.interpol.int/notices/v1/red/2018-30050/images,https://ws-public.interpol.int/notices/v1/red/2018-30050,M,KAUNAS,Lithuania,,,,,,,"1. Damage of property
2. Disturbance of public order (hooliganism)
3. Evasion of Serving the Sentence",Lithuania,
2017/166867,EGIDIJUS,KIVERIS,1971/09/01,LT,https://ws-public.interpol.int/notices/v1/red/2017-166867/images/60652615,https://ws-public.interpol.int/notices/v1/red/2017-166867/images,https://ws-public.interpol.int/notices/v1/red/2017-166867,M,,Lithuania,,,0.0,0.0,,,"Illicit trafficking in narcotic drugs and psychotropic substances, Smuggling",Lithuania,
2016/69122,NERINGA,JAKELAITIENE,1978/08/07,LT,https://ws-public.interpol.int/notices/v1/red/2016-69122/images/60213703,https://ws-public.interpol.int/notices/v1/red/2016-69122/images,https://ws-public.interpol.int/notices/v1/red/2016-69122,F,,Lithuania,,,,,"LIT, ENG, RUS",,Attempt to commit a criminal offence; Murder,Lithuania,
2014/61672,ALGIMANTAS,RINGAILA,1979/09/19,LT,https://ws-public.interpol.int/notices/v1/red/2014-61672/images/59629198,https://ws-public.interpol.int/notices/v1/red/2014-61672/images,https://ws-public.interpol.int/notices/v1/red/2014-61672,M,KAUNAS REGION,Lithuania,,,0.0,0.0,"RUS, LIT",,Participation in a criminal organization; Illicit trafficking in narcotic drugs and psychotropic substances; Smuggling of class 1 narcotic substances and a precursor of psychotropic substances in a very large quantity; Attempted Smuggling of class 1 narcotic substances and a precursor of psychotropic substances in a very large quantity.,Lithuania,
