entity_id,forename,name,date_of_birth,nationalities,thumbnail,images,self_link,sex_id,place_of_birth,country_of_birth,eyes_colors_id,hairs_id,height,weight,languages_spoken_ids,distinguishing_marks,arrest_charge,arrest_issuing_country,arrest_charge_translation
2022/1707,SEVINCH,NIYAZI,1988/05/15,BG,https://ws-public.interpol.int/notices/v1/red/2022-1707/images/62336031,https://ws-public.interpol.int/notices/v1/red/2022-1707/images,https://ws-public.interpol.int/notices/v1/red/2022-1707,F,,,,,0.0,0.0,BUL,,"preliminary threat and extortion by organized group, Repeated threat and extortion,threat and extortion with the view of getting property in significant size, Repeated illegal misappropriation of computer materials and Illegal misappropriation of computer materials by organized group or by criminal organization",Azerbaijan,
2021/76557,GYURDZHAN,ANGELOV (STOYANOV),2000/03/13,BG,https://ws-public.interpol.int/notices/v1/red/2021-76557/images/62303688,https://ws-public.interpol.int/notices/v1/red/2021-76557/images,https://ws-public.interpol.int/notices/v1/red/2021-76557,M,,,,,0.0,0.0,BUL,,"extortion by organized group, Extortion with a purpose of occupying large size of property,Repeated illegal misappropriation of computer materials and Illegal misappropriation of computer materials by organized group or by criminal organization",Azerbaijan,
2021/76569,TEZDZHAN,ANGELOV (STOYANOV),1998/02/08,BG,https://ws-public.interpol.int/notices/v1/red/2021-76569/images/62303668,https://ws-public.interpol.int/notices/v1/red/2021-76569/images,https://ws-public.interpol.int/notices/v1/red/2021-76569,M,,,,,0.0,0.0,BUL,,"extortion by organized group, Extortion with a purpose of occupying large size of property,Repeated illegal misappropriation of computer materials and Illegal misappropriation of computer materials by organized group or by criminal organization",Azerbaijan,
2016/39706,NIKOLAY SVILENOV,GENCHEV,1987/07/17,BG,https://ws-public.interpol.int/notices/v1/red/2016-39706/images/60110700,https://ws-public.interpol.int/notices/v1/red/2016-39706/images,https://ws-public.interpol.int/notices/v1/red/2016-39706,M,Varna,Bulgaria,,,,,BUL,,murder,Bulgaria,
2012/1043,BOJIDAR ATANASOV,APOSTOLOV,1973/08/30,BG,https://ws-public.interpol.int/notices/v1/red/2012-1043/images/56550149,https://ws-public.interpol.int/notices/v1/red/2012-1043/images,https://ws-public.interpol.int/notices/v1/red/2012-1043,M,SOFIA,Bulgaria,['BRO'],,1.85,,BUL,,") forms and leads an organized criminal group, 2) keeps without a due permit narcotic substances, 3) carries through the border of the country narcotic substances, 4) keeps without a due permit narcotic substances with the purpose of distribution",Bulgaria,
2015/19759,AYDAN BEKIR,HASAN,1969/07/28,"BG, TR",https://ws-public.interpol.int/notices/v1/red/2015-19759/images/59753964,https://ws-public.interpol.int/notices/v1/red/2015-19759/images,https://ws-public.interpol.int/notices/v1/red/2015-19759,M,RADNEVO,Bulgaria,,,,,"TUR, BUL",,1) offence agaist the custom regime; 2) offence against the national health and the environment,Bulgaria,
2018/31404,RADOSLAV ANGELOV,KOLEV,1990/04/22,BG,https://ws-public.interpol.int/notices/v1/red/2018-31404/images/61008638,https://ws-public.interpol.int/notices/v1/red/2018-31404/images,https://ws-public.interpol.int/notices/v1/red/2018-31404,M,Sofia,Bulgaria,,,,,BUL,,escape from prison; death threat,Bulgaria,
2015/61239,NIKOLAY ALEKSANDROV,VIDOLOV,1976/05/09,BG,https://ws-public.interpol.int/notices/v1/red/2015-61239/images/59890418,https://ws-public.interpol.int/notices/v1/red/2015-61239/images,https://ws-public.interpol.int/notices/v1/red/2015-61239,M,Sofia,Bulgaria,,,,,BUL,,roberry,Bulgaria,
2013/16947,STANISLAV SEVDANILOV,STAMENOV,1985/09/11,BG,https://ws-public.interpol.int/notices/v1/red/2013-16947/images/58360593,https://ws-public.interpol.int/notices/v1/red/2013-16947/images,https://ws-public.interpol.int/notices/v1/red/2013-16947,M,RUSSE,Bulgaria,,,0.0,0.0,,,TRAFFICK IN DRUGS,Romania,
2017/6697,REDZHEP SHABAN,MURAD,1962/01/26,"BG, TR",https://ws-public.interpol.int/notices/v1/red/2017-6697/images/60296013,https://ws-public.interpol.int/notices/v1/red/2017-6697/images,https://ws-public.interpol.int/notices/v1/red/2017-6697,M,district Oreshnica,Bulgaria,,,,,"TUR, BUL",,Drugs traffic,Bulgaria,
2017/162255,SIMEON MIHAYLOV,HRISTOV,1986/01/07,BG,https://ws-public.interpol.int/notices/v1/red/2017-162255/images/60637058,https://ws-public.interpol.int/notices/v1/red/2017-162255/images,https://ws-public.interpol.int/notices/v1/red/2017-162255,M,OMURTAG,Bulgaria,['BRO'],,1.74,0.0,BUL,,1) participation of an organized criminal group; 2) murder; 3) and 4) causing bodily injuries,Bulgaria,
2017/162259,GEORGI RUMENOV,STEFANOV,1984/10/19,BG,https://ws-public.interpol.int/notices/v1/red/2017-162259/images/60637060,https://ws-public.interpol.int/notices/v1/red/2017-162259/images,https://ws-public.interpol.int/notices/v1/red/2017-162259,M,SOFIA,Bulgaria,,,0.0,0.0,,,"MURDER, CRIMINAL ORGANIZED GROUP",Bulgaria,
2017/126614,ALEKSANDAR ALEKSANDROV,VALKOV,1971/02/01,BG,https://ws-public.interpol.int/notices/v1/red/2017-126614/images/60551096,https://ws-public.interpol.int/notices/v1/red/2017-126614/images,https://ws-public.interpol.int/notices/v1/red/2017-126614,M,Chirpan,Bulgaria,,,,,BUL,,Murder,Bulgaria,
2016/7525,ZAID OSMAN,YUSEIN,1957/04/08,BG,https://ws-public.interpol.int/notices/v1/red/2016-7525/images/60000711,https://ws-public.interpol.int/notices/v1/red/2016-7525/images,https://ws-public.interpol.int/notices/v1/red/2016-7525,M,Dolno Ryahovo,Bulgaria,,,,,"BUL, TUR",,Illicit trafficking in narcotic substances,Bulgaria,
2016/91920,ERKEN SABRIEV,AHMEDOV,1952/12/16,BG,https://ws-public.interpol.int/notices/v1/red/2016-91920/images/60268197,https://ws-public.interpol.int/notices/v1/red/2016-91920/images,https://ws-public.interpol.int/notices/v1/red/2016-91920,M,Razgrad,Bulgaria,,,,,"BUL, TUR",,Rape,Bulgaria,
2016/2384,IVAYLO DIMITROV,KIRILOV,1963/10/05,BG,https://ws-public.interpol.int/notices/v1/red/2016-2384/images/59981413,https://ws-public.interpol.int/notices/v1/red/2016-2384/images,https://ws-public.interpol.int/notices/v1/red/2016-2384,M,Pernik,Bulgaria,,,,,,,"fraud, attempt of bribe-giving",Russia,
2016/71173,PETAR TODOROV,PETKOV,1982/12/09,BG,https://ws-public.interpol.int/notices/v1/red/2016-71173/images/60219557,https://ws-public.interpol.int/notices/v1/red/2016-71173/images,https://ws-public.interpol.int/notices/v1/red/2016-71173,M,Varna,Bulgaria,,,,,BUL,,Attempted murder,Bulgaria,
2016/10551,EVELIN NIKOLOV,BANEV,1964/10/08,BG,https://ws-public.interpol.int/notices/v1/red/2016-10551/images/60011224,https://ws-public.interpol.int/notices/v1/red/2016-10551/images,https://ws-public.interpol.int/notices/v1/red/2016-10551,M,,Bulgaria,,,0.0,0.0,,,SETTING UP AN ORGANIZED CRIMINAL GROUP AND TRAFFICKING IN DRUGS,Romania,
2015/643,SVETLOZAR VALENTINOV,STOILOV,1989/02/22,BG,https://ws-public.interpol.int/notices/v1/red/2015-643/images/59690956,https://ws-public.interpol.int/notices/v1/red/2015-643/images,https://ws-public.interpol.int/notices/v1/red/2015-643,M,SOFIA,Bulgaria,,,0.0,0.0,BUL,,Homicide,Bulgaria,
2015/55306,NIKOLA MILADINOV,ASENOV,1977/06/20,"TR, BG",https://ws-public.interpol.int/notices/v1/red/2015-55306/images/59870572,https://ws-public.interpol.int/notices/v1/red/2015-55306/images,https://ws-public.interpol.int/notices/v1/red/2015-55306,M,SHUMEN,Bulgaria,,,0.0,0.0,"BUL, TUR",,1) debauchery; 2) robbery,Bulgaria,
2015/616,VILI KRASIMIROV,GEORGIEV,1989/03/22,BG,https://ws-public.interpol.int/notices/v1/red/2015-616/images/59690880,https://ws-public.interpol.int/notices/v1/red/2015-616/images,https://ws-public.interpol.int/notices/v1/red/2015-616,M,BLAGOEVGRAD,Bulgaria,,,0.0,0.0,BUL,,Aggravated murder,Bulgaria,
2014/67166,KRASIMIR TODOROV,MIHAYLOV,1963/01/26,"BG, TR",https://ws-public.interpol.int/notices/v1/red/2014-67166/images/59647148,https://ws-public.interpol.int/notices/v1/red/2014-67166/images,https://ws-public.interpol.int/notices/v1/red/2014-67166,M,SEKULOVO,Bulgaria,,,0.0,0.0,"BUL, TUR",,Violation of the traffic rules and causing the death of another,Bulgaria,
2010/27596,MUSTAFA MEHMED,SHAKIR,1968/06/27,BG,https://ws-public.interpol.int/notices/v1/red/2010-27596/images/54418966,https://ws-public.interpol.int/notices/v1/red/2010-27596/images,https://ws-public.interpol.int/notices/v1/red/2010-27596,M,VLADIMIROVTSI,,['BROH'],['BRO'],1.76,0.0,BUL,,1) participation in a criminal organisation; 2) illicit trafficking in narcotic drugs and psychotropic substances,Bulgaria,
2014/25600,NIKOLAY KRASTEV,NIKOLOV,1967/11/06,BG,https://ws-public.interpol.int/notices/v1/red/2014-25600/images/60315295,https://ws-public.interpol.int/notices/v1/red/2014-25600/images,https://ws-public.interpol.int/notices/v1/red/2014-25600,M,BREZNIK,Bulgaria,['BROH'],['REDA'],0.0,0.0,BUL,,"1) Espace from Prison, 2 ) murder, 3) participation in a criminal organisation grop, 4) illegal keeping of firearms",Bulgaria,
2009/14156,VLADIMIR DELCHEV,IVANOV,1966/09/28,BG,https://ws-public.interpol.int/notices/v1/red/2009-14156/images/62314130,https://ws-public.interpol.int/notices/v1/red/2009-14156/images,https://ws-public.interpol.int/notices/v1/red/2009-14156,M,PERNIK,Bulgaria,,,0.0,0.0,BUL,,1) homicide; 2) larceny,Bulgaria,
2013/60240,YULIAN GEORGIEV,TSENEV,1986/02/06,BG,https://ws-public.interpol.int/notices/v1/red/2013-60240/images/59306259,https://ws-public.interpol.int/notices/v1/red/2013-60240/images,https://ws-public.interpol.int/notices/v1/red/2013-60240,M,ELIN PELIN,Bulgaria,,['BLA'],0.0,0.0,ENG,,"Theft in dwelling house, Cheating,Forgery, Forgery of valuable security/will, Forgery for purpose of cheating, Using as genuine a forged document or electronic record, Criminal conspiracy.",India,
2013/60260,KALIN IVANOV,IVANOV,1987/08/29,BG,https://ws-public.interpol.int/notices/v1/red/2013-60260/images/59308259,https://ws-public.interpol.int/notices/v1/red/2013-60260/images,https://ws-public.interpol.int/notices/v1/red/2013-60260,M,SOFIA,Bulgaria,,['BLA'],0.0,0.0,ENG,,"Theft in dwelling house, Cheating, Forgery, Forgery of valuable security/will, Forgery for purpose of cheating, Using as genuine a forged document or electronic record, Criminal conspiracy.",India,
2009/10176,BEYNUR ZEYNALOV,VELIEV,1976/09/19,BG,https://ws-public.interpol.int/notices/v1/red/2009-10176/images/59182083,https://ws-public.interpol.int/notices/v1/red/2009-10176/images,https://ws-public.interpol.int/notices/v1/red/2009-10176,M,KUBRAT,Bulgaria,,,0.0,0.0,"BUL, TUR",,MURDER,Bulgaria,
2005/24600,IVAN STOYANOV,BANKOV,1975/05/04,BG,https://ws-public.interpol.int/notices/v1/red/2005-24600/images/53309436,https://ws-public.interpol.int/notices/v1/red/2005-24600/images,https://ws-public.interpol.int/notices/v1/red/2005-24600,M,KOTEL,Bulgaria,['BLU'],['YELB'],1.73,0.0,BUL,,ARMED ROBBERY,Bulgaria,
2013/34497,ERDZHAN ARIFOV,MEHMEDOV,1966/03/22,BG,https://ws-public.interpol.int/notices/v1/red/2013-34497/images/58680870,https://ws-public.interpol.int/notices/v1/red/2013-34497/images,https://ws-public.interpol.int/notices/v1/red/2013-34497,M,MOMCHILGRAD,Bulgaria,['BRO'],,1.7,0.0,,,"1) MURDER, ILLEGAL POSSESSION OF A GUN; 2)SEXUAL EXPLOITATION OF MINORS",Bulgaria,
2013/13597,ANTON ZHIVKOV,PETKOVSKI,1966/10/11,BG,https://ws-public.interpol.int/notices/v1/red/2013-13597/images/58300949,https://ws-public.interpol.int/notices/v1/red/2013-13597/images,https://ws-public.interpol.int/notices/v1/red/2013-13597,M,SANDANSKI,Bulgaria,,,1.82,115.0,BUL,,1) and 2) homicide,Bulgaria,
2012/307150,PLAMEN BORISLAVOV,GALEV,1967/11/23,BG,https://ws-public.interpol.int/notices/v1/red/2012-307150/images/57003675,https://ws-public.interpol.int/notices/v1/red/2012-307150/images,https://ws-public.interpol.int/notices/v1/red/2012-307150,M,KARDZHALI,Bulgaria,['BRO'],['OTHD'],1.86,0.0,BUL,,1) LEADING OF A CRIMINAL ORGANISATION; 2) EXTORTION,Bulgaria,
2012/5541,SIMEON ANGELOV,SIMEONOV,1981/06/30,BG,https://ws-public.interpol.int/notices/v1/red/2012-5541/images/56633638,https://ws-public.interpol.int/notices/v1/red/2012-5541/images,https://ws-public.interpol.int/notices/v1/red/2012-5541,M,RUSE,Bulgaria,['BRO'],['REDA'],1.84,0.0,BUL,,PARTICIPATION IN CRIMINAL ORGANISATION,Bulgaria,
2007/49538,PLAMEN ZHELEV,IVANOV,1978/06/25,BG,https://ws-public.interpol.int/notices/v1/red/2007-49538/images/53800953,https://ws-public.interpol.int/notices/v1/red/2007-49538/images,https://ws-public.interpol.int/notices/v1/red/2007-49538,M,STARA ZAGORA,Bulgaria,,,1.88,0.0,BUL,,1) OFFENSE AGAINST THE NATIONAL HEALTH AND THE ENVIRONMENT; 2) ARSON; 3) FRAUD,Bulgaria,
2006/10986,VENETA ATANASOVA,DIMITROVA,1979/12/03,BG,https://ws-public.interpol.int/notices/v1/red/2006-10986/images/61402040,https://ws-public.interpol.int/notices/v1/red/2006-10986/images,https://ws-public.interpol.int/notices/v1/red/2006-10986,F,Harmanly,Bulgaria,['BRO'],['YELB'],1.6,,"TUR, BUL",,1) Offence against the customs regime; 2) Offence against the national health and the environment; 3) Participation in an organized criminal group,Bulgaria,
1998/20764,IVAN VELINOV,KITOV,1959/05/10,"BG, CR",https://ws-public.interpol.int/notices/v1/red/1998-20764/images/60984357,https://ws-public.interpol.int/notices/v1/red/1998-20764/images,https://ws-public.interpol.int/notices/v1/red/1998-20764,M,SOFIA,Bulgaria,['BRO'],,0.0,0.0,BUL," 
Over medium height",Fraud and misappropriation,Bulgaria,
