entity_id,forename,name,date_of_birth,nationalities,thumbnail,images,self_link,sex_id,place_of_birth,country_of_birth,eyes_colors_id,hairs_id,height,weight,languages_spoken_ids,distinguishing_marks,arrest_charge,arrest_issuing_country,arrest_charge_translation
2025/20251,AJITH KRISHANTHA,PEREIRA,1972/12/13,LK,https://ws-public.interpol.int/notices/v1/red/2025-20251/images/63405381,https://ws-public.interpol.int/notices/v1/red/2025-20251/images,https://ws-public.interpol.int/notices/v1/red/2025-20251,M,"Agulana, Moratuwa",Sri Lanka,,['BLA'],1.67,,ENG,"1. Black Mole on right elbow
2. Scarmark above left eye brow","Punishment for producing, manufacturing, possessing, selling, purchasing, transporting, warehouses, use, consume, import inter state, export interstate, import into India, Export from India or tranship any narcotic drug or psychotropic substance of commercial quantity.",India,
2019/35354,SIVARAJAH,NADARAJA,1973/12/05,LK,https://ws-public.interpol.int/notices/v1/red/2019-35354/images/61361468,https://ws-public.interpol.int/notices/v1/red/2019-35354/images,https://ws-public.interpol.int/notices/v1/red/2019-35354,M,COLOMBO 13,Sri Lanka,['BLA'],['HAIB'],1.63,0.0,"SIN, TAM",There is a birth mark on the chest.,Aiding & Abetting to assasinate Hon. Laxman Kadiragamer (Late Minister of Sri Lanka).,Sri Lanka,
2018/68597,SELVANTHAN,VIKNARASA,1987/12/10,LK,https://ws-public.interpol.int/notices/v1/red/2018-68597/images/61132607,https://ws-public.interpol.int/notices/v1/red/2018-68597/images,https://ws-public.interpol.int/notices/v1/red/2018-68597,M,,,['BLA'],['BLA'],,,"ENG, TAM",,MURDER AND ROBBERY,Sri Lanka,
2017/13627,THARMASEELAN,MUNISAMY,1972/08/21,LK,https://ws-public.interpol.int/notices/v1/red/2017-13627/images/60330226,https://ws-public.interpol.int/notices/v1/red/2017-13627/images,https://ws-public.interpol.int/notices/v1/red/2017-13627,M,,,['BLA'],['BLA'],1.55,,TAM,,Possession of 02 Hand Grenades and 200 live ammunitions.,Sri Lanka,
2008/25444,POWMI,MOHAMED,1962/04/03,LK,https://ws-public.interpol.int/notices/v1/red/2008-25444/images/53951660,https://ws-public.interpol.int/notices/v1/red/2008-25444/images,https://ws-public.interpol.int/notices/v1/red/2008-25444,M,ELABODAGAMA,,['BLA'],['BLA'],1.7,76.0,"TAM, SIN",Scar near right elbow;  scar over nose,Counterfeit currency;  common intention,India,
2004/46152,VIJAYARAJAH,MANICKAVASAGAR,1981/06/25,"CA, LK",https://ws-public.interpol.int/notices/v1/red/2004-46152/images/61518430,https://ws-public.interpol.int/notices/v1/red/2004-46152/images,https://ws-public.interpol.int/notices/v1/red/2004-46152,M,JAFFNA,Sri Lanka,['BRO'],['BLA'],1.8,54.0,"ENG, TAM",,First degree murder,Canada,
