entity_id,forename,name,date_of_birth,nationalities,thumbnail,images,self_link,sex_id,place_of_birth,country_of_birth,eyes_colors_id,hairs_id,height,weight,languages_spoken_ids,distinguishing_marks,arrest_charge,arrest_issuing_country,arrest_charge_translation
2024/41606,ARSEN,KHACHATRYAN,1980/11/09,"RU, AM",https://ws-public.interpol.int/notices/v1/red/2024-41606/images/63116473,https://ws-public.interpol.int/notices/v1/red/2024-41606/images,https://ws-public.interpol.int/notices/v1/red/2024-41606,M,EREWAN,Armenia,['BLA'],['BLA'],1.78,0.0,RUS,,attempted murder,Poland,
2017/281576,GRAYR,MAYTESYAN,1989/11/03,AM,https://ws-public.interpol.int/notices/v1/red/2017-281576/images/60870317,https://ws-public.interpol.int/notices/v1/red/2017-281576/images,https://ws-public.interpol.int/notices/v1/red/2017-281576,M,"BAGRAMYAN VILLAGE, ECMIADZINSKIY REGION",Armenia,,,,,"ARM, RUS",,Hooliganism by a group of people,Russia,
2013/61292,ARTAK,ULIKHANYAN,1980/09/10,AM,https://ws-public.interpol.int/notices/v1/red/2013-61292/images/62671945,https://ws-public.interpol.int/notices/v1/red/2013-61292/images,https://ws-public.interpol.int/notices/v1/red/2013-61292,M,,Armenia,['BRO'],,1.82,,,,murder,Russia,
2016/67094,VARDAN,PIRUZYAN,1984/12/12,AM,https://ws-public.interpol.int/notices/v1/red/2016-67094/images/60206924,https://ws-public.interpol.int/notices/v1/red/2016-67094/images,https://ws-public.interpol.int/notices/v1/red/2016-67094,M,ALAVERDI TOWN,Armenia,['BLU'],['BRO'],1.72,90.0,"ARM, RUS",,"Murder of two or more persons
Illegal procurement, transportation or carrying of weapons, ammunition, explosives or explosive devices

",Armenia,
2016/21870,LEVON,SAAKYAN,1977/07/18,AM,https://ws-public.interpol.int/notices/v1/red/2016-21870/images/62800500,https://ws-public.interpol.int/notices/v1/red/2016-21870/images,https://ws-public.interpol.int/notices/v1/red/2016-21870,M,YEREVAN CITY,Armenia,,,0.0,0.0,,,Murder; Robbery with violence; Illegal acquisition and storage firearms and ammunition,Russia,
2015/43692,ARUTYUN,MEYROYAN,1979/02/25,"RU, AM",https://ws-public.interpol.int/notices/v1/red/2015-43692/images/59835225,https://ws-public.interpol.int/notices/v1/red/2015-43692/images,https://ws-public.interpol.int/notices/v1/red/2015-43692,M,SULDA/AKHALKALAKS REGION,Georgia,,['BLA'],1.75,0.0,RUS,,"1)Murder; 
2)Illegal acquisition, transfer, sale, storage, transportation or bearing of firearms, its basic parts, ammunition, explosives or explosive device",Russia,
2014/64315,ARAYIK,ENGIBARYAN,1973/07/14,"AM, RU",https://ws-public.interpol.int/notices/v1/red/2014-64315/images/59637903,https://ws-public.interpol.int/notices/v1/red/2014-64315/images,https://ws-public.interpol.int/notices/v1/red/2014-64315,M,STEPANAKERT TOWN,Azerbaijan,['OTHD'],['BLA'],1.7,0.0,"RUS, ARM",,Intentional infliction of grave injury caused the death of the victim by negligence,Russia,
2012/327619,ARSEN,DANIELYAN,1977/02/28,AM,,https://ws-public.interpol.int/notices/v1/red/2012-327619/images,https://ws-public.interpol.int/notices/v1/red/2012-327619,M,YEREVAN CITY,Armenia,,,0.0,0.0,"RUS, ARM",,"Theft, document forgery",Russia,
2012/313364,LAVRENTIY,SHAVINYAN,1985/10/30,AM,https://ws-public.interpol.int/notices/v1/red/2012-313364/images/57100056,https://ws-public.interpol.int/notices/v1/red/2012-313364/images,https://ws-public.interpol.int/notices/v1/red/2012-313364,M,ALAVERDI TOWN,Armenia,['BRO'],['BRO'],0.0,0.0,"ARM, RUS",,"intentional infliction of a grave injury to health, which have involved the death of the victim by negligence; hooliganism",Russia,
2011/23500,SARKIS,AMBARTSUMYAN,1986/03/14,"AM, US",https://ws-public.interpol.int/notices/v1/red/2011-23500/images/55275900,https://ws-public.interpol.int/notices/v1/red/2011-23500/images,https://ws-public.interpol.int/notices/v1/red/2011-23500,M,,Armenia,['BRO'],['BRO'],1.68,73.0,"ARM, ENG","AMBARTSUMYAN has a tattoo of a cross on his back, a tattoo of Roman letters on his chest, and a tattoo of the word ""Armenian"" with two pistols on his stomach.",Assault by Means Likely to Produce Great Bodily Injury,United States of America,
2010/22073,ARMEN,OGANESJAN,1964/10/03,AM,https://ws-public.interpol.int/notices/v1/red/2010-22073/images/54391957,https://ws-public.interpol.int/notices/v1/red/2010-22073/images,https://ws-public.interpol.int/notices/v1/red/2010-22073,M,JEREVAN,Armenia,['BRO'],['BLA'],0.0,0.0,"ARM, RUS",,MURDER,Estonia,
2005/19818,GRISHA,ALEKSANYAN,1964/09/05,AM,https://ws-public.interpol.int/notices/v1/red/2005-19818/images/61239634,https://ws-public.interpol.int/notices/v1/red/2005-19818/images,https://ws-public.interpol.int/notices/v1/red/2005-19818,M,Yerevan,Armenia,,,,,RUS,,aggravated murder and illegal possession of weapons,Russia,
2003/30788,ARAKEL,SARGSYAN,1965/02/07,AM,https://ws-public.interpol.int/notices/v1/red/2003-30788/images/60977765,https://ws-public.interpol.int/notices/v1/red/2003-30788/images,https://ws-public.interpol.int/notices/v1/red/2003-30788,M,"AYGESHAT, ARMAVIR",Armenia,,,0.0,0.0,"ARM, RUS",,"Premeditated murder, illegally obtaining a firearm",Armenia,
