entity_id,forename,name,date_of_birth,nationalities,thumbnail,images,self_link,sex_id,place_of_birth,country_of_birth,eyes_colors_id,hairs_id,height,weight,languages_spoken_ids,distinguishing_marks,arrest_charge,arrest_issuing_country,arrest_charge_translation
2016/60142,SAIF AL-ISLAM,GADDAFI,1972/06/25,LY,https://ws-public.interpol.int/notices/v1/red/2016-60142/images/61129659,https://ws-public.interpol.int/notices/v1/red/2016-60142/images,https://ws-public.interpol.int/notices/v1/red/2016-60142,M,TRIPOLI,Libya,,['HAIB'],,,"ENG, ARA",May possibly have signs of injuries to thumb and two fingers on right hand.,2 counts of crimes against humanity: 1 count of murder; 1 count of persecution,914,
2015/28097,FOUZI AHMED ALI,BALHOOG,1974/07/24,LY,https://ws-public.interpol.int/notices/v1/red/2015-28097/images/59783351,https://ws-public.interpol.int/notices/v1/red/2015-28097/images,https://ws-public.interpol.int/notices/v1/red/2015-28097,M,,Libya,,,0.0,0.0,,,"restriction of personal freedom in the form of grave act
theft",Slovakia,
2014/24210,JOHN,LOWRY,1959/10/28,LY,https://ws-public.interpol.int/notices/v1/red/2014-24210/images/59490862,https://ws-public.interpol.int/notices/v1/red/2014-24210/images,https://ws-public.interpol.int/notices/v1/red/2014-24210,M,TRIPOLI,Libya,['BRO'],['BLA'],1.75,66.0,"ITA, ENG, ARA","LOWRY has an operative scar on his abdomen, a scar on his forehead, and a scar on his right forearm.",Aggravated Sexual Assault of a Child (4 counts),United States of America,
