entity_id,forename,name,date_of_birth,nationalities,thumbnail,images,self_link,sex_id,place_of_birth,country_of_birth,eyes_colors_id,hairs_id,height,weight,languages_spoken_ids,distinguishing_marks,arrest_charge,arrest_issuing_country,arrest_charge_translation
2024/21357,BILAL,AHMAD,2001/03/13,PK,https://ws-public.interpol.int/notices/v1/red/2024-21357/images/63035798,https://ws-public.interpol.int/notices/v1/red/2024-21357/images,https://ws-public.interpol.int/notices/v1/red/2024-21357,M,GUJRENWLA,Pakistan,,,0.0,0.0,,,"-	AGRESSION SEXUELLE IMPOSEE A UN MINEUR DE 15 ANS
-	DETENTION DE L’IMAGE D’UN MINEUR PRESENTANT UN CARACTERE PORNOGRAPHIQUE",France,
2009/24472,HAFIZ SAAB,SAYED,1950/06/05,PK,https://ws-public.interpol.int/notices/v1/red/2009-24472/images/54231700,https://ws-public.interpol.int/notices/v1/red/2009-24472/images,https://ws-public.interpol.int/notices/v1/red/2009-24472,M,SARGODHA PUNJAB,Pakistan,['BLA'],['BLA'],,,"ARA, PAN, URD",,"1.	Criminal Conspiracy.
2.	Offence of raising fund for a terrorist organization
3.	Offence relating to support given to a terrorist organization
4.	Offence relating to membership of terrorist organization 
5.	Punishment for being member of terrorist gang or organization
6.	Punishment for Conspiracy
7.	Punishment for terrorist funds for terrorist act.
8.	Punishment for terrorist act.
9.	Punishment for unlawful activities.
10.	Waging or attempting to wage war, or abetting waging of war, against the Government of India.
11.	 Criminal Conspiracy to commit offences punishable by section 121.",India,
2020/32149,DAWOOD,HANIF,1996/11/11,PK,https://ws-public.interpol.int/notices/v1/red/2020-32149/images/61794310,https://ws-public.interpol.int/notices/v1/red/2020-32149/images,https://ws-public.interpol.int/notices/v1/red/2020-32149,M,Gujrat,Pakistan,['BLA'],['BLA'],1.73,87.0,"PAN, URD",,Murder,Pakistan,
2020/32169,ADNAN AHMAD,CHANDHAR,1981/03/23,PK,https://ws-public.interpol.int/notices/v1/red/2020-32169/images/61794342,https://ws-public.interpol.int/notices/v1/red/2020-32169/images,https://ws-public.interpol.int/notices/v1/red/2020-32169,M,,Pakistan,['BLA'],['BLA'],1.68,74.0,"PAN, URD, ENG",,Murder,Pakistan,
2020/23364,MUHAMMAD,HANIF,1961/02/08,PK,https://ws-public.interpol.int/notices/v1/red/2020-23364/images/61763068,https://ws-public.interpol.int/notices/v1/red/2020-23364/images,https://ws-public.interpol.int/notices/v1/red/2020-23364,M,Gujrat,Pakistan,['BLA'],['BLA'],1.73,65.0,"PAN, URD",,Abatement,Pakistan,
2020/23418,SAIF ULLAH,ULLAH,1966/01/01,PK,https://ws-public.interpol.int/notices/v1/red/2020-23418/images/61763172,https://ws-public.interpol.int/notices/v1/red/2020-23418/images,https://ws-public.interpol.int/notices/v1/red/2020-23418,M,Gujrat,Pakistan,['BLA'],['BLA'],1.71,93.0,"PAN, URD",,Murder,Pakistan,
2020/16245,MUHAMMAD SHAFIQ,RIZWAN ALI,1978/04/15,PK,https://ws-public.interpol.int/notices/v1/red/2020-16245/images/61737881,https://ws-public.interpol.int/notices/v1/red/2020-16245/images,https://ws-public.interpol.int/notices/v1/red/2020-16245,M,Layyah,Pakistan,['BLA'],['BLA'],1.54,70.0,"URD, PAN, ARA",,Murder,Pakistan,
2020/9873,MAHBOOB,KHAN,1986/04/06,PK,https://ws-public.interpol.int/notices/v1/red/2020-9873/images/61714414,https://ws-public.interpol.int/notices/v1/red/2020-9873/images,https://ws-public.interpol.int/notices/v1/red/2020-9873,M,Faisalabad,Pakistan,['BROD'],['BLA'],1.71,90.0,"ENG, PAN, URD, ARA",,Murder,Pakistan,
2019/20349,SAJID,MIR,1978/01/01,PK,https://ws-public.interpol.int/notices/v1/red/2019-20349/images/61291070,https://ws-public.interpol.int/notices/v1/red/2019-20349/images,https://ws-public.interpol.int/notices/v1/red/2019-20349,M,,Pakistan,,,0.0,0.0,"HIN, URD",,"Murder, Attempt to murder, Causing hurt and grievous hurt to civilians and Police Personnel, Kidnapping, Wrongful confinement for three or more days, Assault or criminal force to deter public servant from discharge of duties, Voluntarily causing hurt, cheating by impersonation, Mischief causing damage to the amount of fifty rupees, Mischief by fire or explosive substance with intent to cause damage, Robbery or dacoity, with attempt to cause death or grievous hurt, Forgery, Collecting arms with intention to waging war against the Government of India.",India,
2020/3496,ALLAH,DEWAYA,1978/01/01,PK,https://ws-public.interpol.int/notices/v1/red/2020-3496/images/61690495,https://ws-public.interpol.int/notices/v1/red/2020-3496/images,https://ws-public.interpol.int/notices/v1/red/2020-3496,M,Dera Ghazi Khan,Pakistan,['BLA'],['BLA'],1.7,60.0,"ARA, URD",,Murder,Pakistan,
2020/3509,MUHAMMAD,JAMAL,1980/01/01,PK,https://ws-public.interpol.int/notices/v1/red/2020-3509/images/61690528,https://ws-public.interpol.int/notices/v1/red/2020-3509/images,https://ws-public.interpol.int/notices/v1/red/2020-3509,M,Dera Ghazi Khan,Pakistan,['BLA'],['BLA'],1.7,60.0,"URD, ARA",,Murder,Pakistan,
2019/55218,RIZWAN,ALI,1971/05/15,PK,https://ws-public.interpol.int/notices/v1/red/2019-55218/images/61427290,https://ws-public.interpol.int/notices/v1/red/2019-55218/images,https://ws-public.interpol.int/notices/v1/red/2019-55218,M,Sargodha,Pakistan,['BLA'],['BLA'],1.73,90.0,"URD, ENG, PAN",,Murder,Pakistan,
2010/43964,SYED ABDUR REHMAN,HASHIM,1971/06/05,PK,https://ws-public.interpol.int/notices/v1/red/2010-43964/images/54496311,https://ws-public.interpol.int/notices/v1/red/2010-43964/images,https://ws-public.interpol.int/notices/v1/red/2010-43964,M,LAHORE,Pakistan,['BRO'],['BLA'],1.73,65.0,"HIN, ENG, URD",,"CRIMINAL CONSPIRACY, WAGING WAR, WAR AGAINST COUNTRY, PUNISHMENT FOR TERRORIST ACT, MEMBER OF TERRORIST GANG/ ORGANIZATION.",India,
2010/43947,MAJOR SAMEER,ALI,1966,PK,,https://ws-public.interpol.int/notices/v1/red/2010-43947/images,https://ws-public.interpol.int/notices/v1/red/2010-43947,M,LAHORE,Pakistan,['BLA'],['BLA'],1.78,62.0,"URD, ENG, HIN",,"Murder, Attempt to Murder, Causing hurt and grievous hurt to civilians and Police personnel, Kidnapping, Wrongful confinement for three or more days, Assault or criminal force to deter  public servant from discharge of his duty, Voluntarily causing hurt and grievous to deter public servant from his duty, Cheating by personation, Mischief by fire or explosive substance with intent to cause damage, Robbery or dacoity, with attempt to cause death or grievous hurt, Forgery, Collecting arms, etc., with intention of waging war against the Government of India",India,
2010/44010,MAJOR,IQBAL,1965,PK,,https://ws-public.interpol.int/notices/v1/red/2010-44010/images,https://ws-public.interpol.int/notices/v1/red/2010-44010,M,LAHORE,Pakistan,['BLA'],['BLA'],1.73,75.0,"ENG, HIN, URD","MUSTACHE, BIG HEAD, DEEP VOICE.","Under sections 302, 307, 325, 326, 364, 343, 353, 332, 419, 427, 121, 121(A), 122, 333, 435, 397, 465 of Indian Penal Code",India,
2009/24548,ABU,,,PK,https://ws-public.interpol.int/notices/v1/red/2009-24548/images/61380555,https://ws-public.interpol.int/notices/v1/red/2009-24548/images,https://ws-public.interpol.int/notices/v1/red/2009-24548,M,,Pakistan,,,0.0,0.0,"URD, HIN",,"Criminal Conspiracy; Murder; Attempt to Murder; Kidnapping; Common intention; Causing hurt and grievous hurt to civilians and police personnel; Wrongful confinement; Mischief with intent to destroy or make unsafe a decked vessel or one of twenty tons burden; Mischief committed after preparation made for causing death or hurt; Collecting arms, etc., with intention of waging war against the Government of India",India,
2019/40915,ADNAN,AKRAM,1983/05/03,PK,https://ws-public.interpol.int/notices/v1/red/2019-40915/images/61379023,https://ws-public.interpol.int/notices/v1/red/2019-40915/images,https://ws-public.interpol.int/notices/v1/red/2019-40915,M,KOTLI (AJK),Pakistan,,,0.0,0.0,URD,,"Planning, Terrorist activities & Nefarious Designs
against State and also Member of Banned Organization.",Pakistan,
2019/44340,GHULAM,ABBAS,1982/10/01,PK,https://ws-public.interpol.int/notices/v1/red/2019-44340/images/61389953,https://ws-public.interpol.int/notices/v1/red/2019-44340/images,https://ws-public.interpol.int/notices/v1/red/2019-44340,M,Sargodha,Pakistan,['BLA'],['BLA'],1.7,75.0,"PAN, URD",,Murder,Pakistan,
2019/44354,AHSAN ABBAS,SYED,1990/05/18,PK,https://ws-public.interpol.int/notices/v1/red/2019-44354/images/61389986,https://ws-public.interpol.int/notices/v1/red/2019-44354/images,https://ws-public.interpol.int/notices/v1/red/2019-44354,M,Sargodha,Pakistan,['BLA'],['BLA'],1.68,75.0,"PAN, URD",,Murder,Pakistan,
2019/41200,MASOOD UL,HAQ,1973/09/10,"GB, PK",https://ws-public.interpol.int/notices/v1/red/2019-41200/images/61379905,https://ws-public.interpol.int/notices/v1/red/2019-41200/images,https://ws-public.interpol.int/notices/v1/red/2019-41200,M,"MIR PUR, AZAD JAMMU & KASHMIR",Pakistan,['BLA'],['BLA'],1.68,90.0,"ENG, URD","(1)     Black Mole on left Cheek
(2)	Cut Mark on his right hand
(3) 	Slightly limps while walking","Planning, Terrorist Activities, Nefarious Designs against State and also heading Banned Organization",Pakistan,
2019/41176,NASIR,MEHMOOD,1975/10/12,PK,https://ws-public.interpol.int/notices/v1/red/2019-41176/images/61379843,https://ws-public.interpol.int/notices/v1/red/2019-41176/images,https://ws-public.interpol.int/notices/v1/red/2019-41176,M,Gujranwala,Pakistan,['BLA'],['BLA'],1.69,80.0,"ENG, PAN",,Robbery,Pakistan,
2019/41027,QASIM,LATIF,1983/10/01,PK,https://ws-public.interpol.int/notices/v1/red/2019-41027/images/61379336,https://ws-public.interpol.int/notices/v1/red/2019-41027/images,https://ws-public.interpol.int/notices/v1/red/2019-41027,M,Sialkot,Pakistan,['BLA'],['BLA'],1.69,60.0,"ENG, PAN, URD",,Murder,Pakistan,
2019/36986,IBRAHEEM,MASOOD,1998/03/07,"PK, GB",https://ws-public.interpol.int/notices/v1/red/2019-36986/images/61366703,https://ws-public.interpol.int/notices/v1/red/2019-36986/images,https://ws-public.interpol.int/notices/v1/red/2019-36986,M,,Pakistan,['BLA'],['BLA'],1.68,75.0,,Black mole on Neck,"Planning, Terrorist activities, the nefarious designs against state and also heading banned organization.",Pakistan,
2019/37301,NASIR,IQBAL,1966/03/05,PK,https://ws-public.interpol.int/notices/v1/red/2019-37301/images/61367632,https://ws-public.interpol.int/notices/v1/red/2019-37301/images,https://ws-public.interpol.int/notices/v1/red/2019-37301,M,Gujrat,Pakistan,['BLA'],['BLA'],1.74,80.0,"PAN, URD",,Abetted Murder,Pakistan,
2019/37348,MUHAMMAD,HANIF,1955/01/01,PK,https://ws-public.interpol.int/notices/v1/red/2019-37348/images/61367785,https://ws-public.interpol.int/notices/v1/red/2019-37348/images,https://ws-public.interpol.int/notices/v1/red/2019-37348,M,Islamabad,Pakistan,,,,,"URD, PAN",,Murder,Pakistan,
2019/36234,DANIAL,AMEER,1994/04/25,PK,https://ws-public.interpol.int/notices/v1/red/2019-36234/images/61364418,https://ws-public.interpol.int/notices/v1/red/2019-36234/images,https://ws-public.interpol.int/notices/v1/red/2019-36234,M,Chakwal,Pakistan,['BLA'],['BLA'],1.62,60.0,"PAN, URD",,Murder,Pakistan,
2019/30293,NADEEM,ASGHAR,1977/02/01,PK,https://ws-public.interpol.int/notices/v1/red/2019-30293/images/61345016,https://ws-public.interpol.int/notices/v1/red/2019-30293/images,https://ws-public.interpol.int/notices/v1/red/2019-30293,M,Sialkot,Pakistan,['BLA'],['BLA'],1.69,60.0,"ENG, PAN, URD",,Murder,Pakistan,
2019/29743,MUHAMMMAD YOUNAS,KHAN,1982/09/19,PK,https://ws-public.interpol.int/notices/v1/red/2019-29743/images/61343371,https://ws-public.interpol.int/notices/v1/red/2019-29743/images,https://ws-public.interpol.int/notices/v1/red/2019-29743,M,Layyah,Pakistan,['BLA'],['BLA'],1.71,70.0,"PAN, URD",,Involved in Illegal Activities,Pakistan,
2019/28765,MUHAMMAD,ARIF,1980/02/15,PK,https://ws-public.interpol.int/notices/v1/red/2019-28765/images/61339401,https://ws-public.interpol.int/notices/v1/red/2019-28765/images,https://ws-public.interpol.int/notices/v1/red/2019-28765,M,Multan,Pakistan,['BLA'],['BLA'],1.75,76.0,"URD, ARA",,Murder,Pakistan,
2019/29722,SAJID,ALI,1986/12/23,PK,https://ws-public.interpol.int/notices/v1/red/2019-29722/images/61343287,https://ws-public.interpol.int/notices/v1/red/2019-29722/images,https://ws-public.interpol.int/notices/v1/red/2019-29722,M,Gujranwala,Pakistan,['BLA'],['BLA'],1.69,80.0,"URD, ARA, PAN",,Murder,Pakistan,
2019/28781,MUHAMMAD,MUSHTAQ,1964/01/01,PK,https://ws-public.interpol.int/notices/v1/red/2019-28781/images/61339480,https://ws-public.interpol.int/notices/v1/red/2019-28781/images,https://ws-public.interpol.int/notices/v1/red/2019-28781,M,khushab,Pakistan,['BLA'],['BLA'],,75.0,"URD, PAN",,Murder,Pakistan,
2019/28871,MOHAMMAD AHSAN,CHAUDHRY,1967/09/17,PK,https://ws-public.interpol.int/notices/v1/red/2019-28871/images/61339796,https://ws-public.interpol.int/notices/v1/red/2019-28871/images,https://ws-public.interpol.int/notices/v1/red/2019-28871,M,Gujrat,Pakistan,['BLA'],['BLA'],1.76,78.0,"PAN, URD",,Murder,Pakistan,
2019/28821,MUHAMMAD,AKRAM,1982/09/12,PK,https://ws-public.interpol.int/notices/v1/red/2019-28821/images/61339598,https://ws-public.interpol.int/notices/v1/red/2019-28821/images,https://ws-public.interpol.int/notices/v1/red/2019-28821,M,Nankana Sahib,Pakistan,,['BLA'],,,"PAN, URD",,Murder,Pakistan,
2019/28885,ORANGZEB,CHATTHA,1980/01/01,PK,https://ws-public.interpol.int/notices/v1/red/2019-28885/images/61339820,https://ws-public.interpol.int/notices/v1/red/2019-28885/images,https://ws-public.interpol.int/notices/v1/red/2019-28885,M,Gujranwala,Pakistan,['BROD'],['BLA'],1.81,80.0,"URD, ARA, PAN",,Robbery,Pakistan,
2019/20349,SAJID,MIR,1978/01/01,PK,https://ws-public.interpol.int/notices/v1/red/2019-20349/images/61291070,https://ws-public.interpol.int/notices/v1/red/2019-20349/images,https://ws-public.interpol.int/notices/v1/red/2019-20349,M,,Pakistan,,,0.0,0.0,"HIN, URD",,"Murder, Attempt to murder, Causing hurt and grievous hurt to civilians and Police Personnel, Kidnapping, Wrongful confinement for three or more days, Assault or criminal force to deter public servant from discharge of duties, Voluntarily causing hurt, cheating by impersonation, Mischief causing damage to the amount of fifty rupees, Mischief by fire or explosive substance with intent to cause damage, Robbery or dacoity, with attempt to cause death or grievous hurt, Forgery, Collecting arms with intention to waging war against the Government of India.",India,
2019/21264,GHULAM,HAIDER,1979/01/19,PK,https://ws-public.interpol.int/notices/v1/red/2019-21264/images/61293677,https://ws-public.interpol.int/notices/v1/red/2019-21264/images,https://ws-public.interpol.int/notices/v1/red/2019-21264,M,Narowal,Pakistan,['BLA'],['BLA'],1.68,60.0,"URD, PAN",,Murder,Pakistan,
2019/21340,MUNIR,AHMED,1980/10/07,PK,https://ws-public.interpol.int/notices/v1/red/2019-21340/images/61293802,https://ws-public.interpol.int/notices/v1/red/2019-21340/images,https://ws-public.interpol.int/notices/v1/red/2019-21340,M,Jhang,Pakistan,['BLA'],['BLA'],1.8,80.0,"PAN, URD",,Abduction for ransom and Dacoity,Pakistan,
2019/21138,WASEEM,ASHRAF,1984/03/15,PK,https://ws-public.interpol.int/notices/v1/red/2019-21138/images/61293381,https://ws-public.interpol.int/notices/v1/red/2019-21138/images,https://ws-public.interpol.int/notices/v1/red/2019-21138,M,Okara,Pakistan,['BLA'],['BLA'],1.75,85.0,"URD, PAN",,Murder,Pakistan,
2019/20321,MOHAMMAD,NASIR,1963/07/15,PK,https://ws-public.interpol.int/notices/v1/red/2019-20321/images/61291006,https://ws-public.interpol.int/notices/v1/red/2019-20321/images,https://ws-public.interpol.int/notices/v1/red/2019-20321,M,Gujrat,Pakistan,['BLA'],['BLA'],1.74,85.0,"PAN, ENG, URD",,He abetted the accused persons by preparing plan and provided them money for the Murder of Qasim Ali.,Pakistan,
2019/15996,MAHFOOZ,AHMED,1968/01/07,PK,https://ws-public.interpol.int/notices/v1/red/2019-15996/images/61277595,https://ws-public.interpol.int/notices/v1/red/2019-15996/images,https://ws-public.interpol.int/notices/v1/red/2019-15996,M,,Pakistan,['BLA'],['BLA'],1.69,85.0,"ENG, URD, PAN",,Abetment in kidnapping and financial fraud,Pakistan,
2019/16154,FAISAL,ABBAS,1978/11/01,PK,https://ws-public.interpol.int/notices/v1/red/2019-16154/images/61278089,https://ws-public.interpol.int/notices/v1/red/2019-16154/images,https://ws-public.interpol.int/notices/v1/red/2019-16154,M,Gujranwala,Pakistan,['BLA'],['BLA'],1.79,80.0,"ENG, PAN, URD, ARA",,"Abetment to Murder, Robbery",Pakistan,
2019/15974,MUJAHID,ALI,1994/04/09,PK,https://ws-public.interpol.int/notices/v1/red/2019-15974/images/61277544,https://ws-public.interpol.int/notices/v1/red/2019-15974/images,https://ws-public.interpol.int/notices/v1/red/2019-15974,M,Gujranwala,Pakistan,,['BLA'],1.69,70.0,"URD, PAN",,Murder,Pakistan,
2019/14582,MUHAMMAD,USMAN,1986/01/01,PK,https://ws-public.interpol.int/notices/v1/red/2019-14582/images/61273167,https://ws-public.interpol.int/notices/v1/red/2019-14582/images,https://ws-public.interpol.int/notices/v1/red/2019-14582,M,Gujranwala,Pakistan,,['BLA'],1.78,90.0,"PAN, URD",,Murder,Pakistan,
2019/2439,MUHAMMAD,KASHIF,1991/06/08,PK,https://ws-public.interpol.int/notices/v1/red/2019-2439/images/61257130,https://ws-public.interpol.int/notices/v1/red/2019-2439/images,https://ws-public.interpol.int/notices/v1/red/2019-2439,M,Gujranwala,Pakistan,,['BLA'],1.7,70.0,"URD, PAN",,Attempt to Murder,Pakistan,
2019/14124,RAJA,SIKANDAR,1994/01/19,PK,https://ws-public.interpol.int/notices/v1/red/2019-14124/images/61271900,https://ws-public.interpol.int/notices/v1/red/2019-14124/images,https://ws-public.interpol.int/notices/v1/red/2019-14124,M,Dera Ghazi Khan,Pakistan,['BLA'],['BLA'],1.68,75.0,"URD, PAN",,Murder,Pakistan,
2019/14150,ABRAR,HUSSAIN,1968/01/01,PK,https://ws-public.interpol.int/notices/v1/red/2019-14150/images/61271956,https://ws-public.interpol.int/notices/v1/red/2019-14150/images,https://ws-public.interpol.int/notices/v1/red/2019-14150,M,Gujranwala,Pakistan,['BLA'],['BLA'],1.72,75.0,"URD, ENG, SPA, PAN",,Murder,Pakistan,
2019/14108,SHABBIR,HUSSAIN,1966/10/19,PK,https://ws-public.interpol.int/notices/v1/red/2019-14108/images/61271866,https://ws-public.interpol.int/notices/v1/red/2019-14108/images,https://ws-public.interpol.int/notices/v1/red/2019-14108,M,Sargodha,Pakistan,['BLA'],['BLA'],1.77,90.0,"PAN, URD",,Murder,Pakistan,
2019/14160,ASIF,CHHEENA,1976/01/01,PK,https://ws-public.interpol.int/notices/v1/red/2019-14160/images/61272009,https://ws-public.interpol.int/notices/v1/red/2019-14160/images,https://ws-public.interpol.int/notices/v1/red/2019-14160,M,Gujranwala,Pakistan,,['BLA'],1.81,90.0,"ARA, URD, ENG, PAN",,Murder,Pakistan,
2019/172,FARDOUS,ALI,1983/01/01,PK,https://ws-public.interpol.int/notices/v1/red/2019-172/images/61249353,https://ws-public.interpol.int/notices/v1/red/2019-172/images,https://ws-public.interpol.int/notices/v1/red/2019-172,M,Bannu,Pakistan,['BLA'],['BLA'],1.65,85.0,"PUS, ARA",,Murder,Pakistan,
2019/178,NASEER MUHAMMAD,KHAN,1991/03/01,PK,https://ws-public.interpol.int/notices/v1/red/2019-178/images/61249365,https://ws-public.interpol.int/notices/v1/red/2019-178/images,https://ws-public.interpol.int/notices/v1/red/2019-178,M,Bannu,Pakistan,['BLA'],['BLA'],1.52,90.0,PUS,,Murder,Pakistan,
2019/170,MUHAMMAD,HUSNAIN,1997/10/02,PK,https://ws-public.interpol.int/notices/v1/red/2019-170/images/61249348,https://ws-public.interpol.int/notices/v1/red/2019-170/images,https://ws-public.interpol.int/notices/v1/red/2019-170,M,Chiniot,Pakistan,['BLA'],['BLA'],1.65,65.0,"PAN, URD",,Murder,Pakistan,
2019/174,WISAL,AHMAD,1997/03/31,PK,https://ws-public.interpol.int/notices/v1/red/2019-174/images/61249358,https://ws-public.interpol.int/notices/v1/red/2019-174/images,https://ws-public.interpol.int/notices/v1/red/2019-174,M,Bannu,Pakistan,['BLA'],['BLA'],1.68,70.0,PUS,,Murder,Pakistan,
2018/63229,MUDASSAR,ALI,1973/07/10,PK,https://ws-public.interpol.int/notices/v1/red/2018-63229/images/61114262,https://ws-public.interpol.int/notices/v1/red/2018-63229/images,https://ws-public.interpol.int/notices/v1/red/2018-63229,M,BHAKHAR,Pakistan,['BLA'],['BLA'],1.78,80.0,"PAN, URD, ARA",,Murder,Pakistan,
2018/99989,PERVEZ,AKHTAR,1968/01/01,PK,https://ws-public.interpol.int/notices/v1/red/2018-99989/images/61226209,https://ws-public.interpol.int/notices/v1/red/2018-99989/images,https://ws-public.interpol.int/notices/v1/red/2018-99989,M,Gujrat,Pakistan,,['BLA'],1.74,80.0,"PAN, URD",,Murder,Pakistan,
2018/98153,MAZHAR,RAFIQ,1953/10/28,PK,https://ws-public.interpol.int/notices/v1/red/2018-98153/images/61220801,https://ws-public.interpol.int/notices/v1/red/2018-98153/images,https://ws-public.interpol.int/notices/v1/red/2018-98153,M,NAIROBI,Kenya,,,,,"URD, ENG",,"Cheating public at large, ii) Criminal Breach of Trust iii) Misappropriation of Funds, iv) Fraudulent Practices to defraud clients, v) Unauthorized Trading, vi) Mishandling of Client's Shares, vii) Maintaining Improper Books of Accounts, viii) and Illegal Deposit Taking",Pakistan,
2018/97327,ABDUL,MAJEED,1968/01/01,PK,https://ws-public.interpol.int/notices/v1/red/2018-97327/images/61218250,https://ws-public.interpol.int/notices/v1/red/2018-97327/images,https://ws-public.interpol.int/notices/v1/red/2018-97327,M,Rajanpur,Pakistan,['BLA'],['BLA'],1.69,70.0,"URD, PAN",,Murder,Pakistan,
2018/96834,FAISAL,KARIM,1982/01/01,PK,https://ws-public.interpol.int/notices/v1/red/2018-96834/images/61216902,https://ws-public.interpol.int/notices/v1/red/2018-96834/images,https://ws-public.interpol.int/notices/v1/red/2018-96834,M,Balochistan,Pakistan,['BRO'],['BRO'],,71.0,"BAL, ENG, ARA, URD",,Attempt to Murder & Assault.,Pakistan,
2018/64173,MUHAMMAD,ABBAS,1990/06/04,PK,https://ws-public.interpol.int/notices/v1/red/2018-64173/images/61117226,https://ws-public.interpol.int/notices/v1/red/2018-64173/images,https://ws-public.interpol.int/notices/v1/red/2018-64173,M,Multan,Pakistan,['BLA'],['BLA'],1.75,76.0,"ARA, URD",,"Murder,Altemp of murder, Wrong full restraint & wrong full confinement, 
offence against the public tranquility,Contempt of the law full authority of public PPC, procession/ use of illegal automatic fire arms",Pakistan,
2018/83189,KASHIF,RAZA,1980/01/16,PK,https://ws-public.interpol.int/notices/v1/red/2018-83189/images/61174622,https://ws-public.interpol.int/notices/v1/red/2018-83189/images,https://ws-public.interpol.int/notices/v1/red/2018-83189,M,Gujrat,Pakistan,['BLA'],['BLA'],1.72,70.0,"URD, PAN",,Murder,Pakistan,
2018/87750,YASIR,AZAM,1978/07/28,PK,https://ws-public.interpol.int/notices/v1/red/2018-87750/images/61188745,https://ws-public.interpol.int/notices/v1/red/2018-87750/images,https://ws-public.interpol.int/notices/v1/red/2018-87750,M,Bahawalpur,Pakistan,['BLA'],['BLA'],1.79,75.0,"PAN, URD",,Murder,Pakistan,
2018/84660,IJAZ,QAMAR,1988/05/25,PK,https://ws-public.interpol.int/notices/v1/red/2018-84660/images/61179122,https://ws-public.interpol.int/notices/v1/red/2018-84660/images,https://ws-public.interpol.int/notices/v1/red/2018-84660,M,FAISALABAD,Pakistan,['BLA'],['BLA'],1.73,75.0,"URD, PAN",,Murder,Pakistan,
2018/84646,MUHAMMAD,ASIF,1992/05/20,PK,https://ws-public.interpol.int/notices/v1/red/2018-84646/images/61179079,https://ws-public.interpol.int/notices/v1/red/2018-84646/images,https://ws-public.interpol.int/notices/v1/red/2018-84646,M,Chakwal,Pakistan,,,,,"PAN, URD",,Murder,Pakistan,
2018/84650,KASHIF,ELAHI,1985/04/23,PK,https://ws-public.interpol.int/notices/v1/red/2018-84650/images/61179100,https://ws-public.interpol.int/notices/v1/red/2018-84650/images,https://ws-public.interpol.int/notices/v1/red/2018-84650,M,Rawalpindi,Pakistan,['BLA'],['BLA'],1.8,70.0,"ENG, PAN, URD",,Murder,Pakistan,
2018/66797,ISHTIAQ,AHMED,1981/03/13,PK,https://ws-public.interpol.int/notices/v1/red/2018-66797/images/61126407,https://ws-public.interpol.int/notices/v1/red/2018-66797/images,https://ws-public.interpol.int/notices/v1/red/2018-66797,M,MANSHERA,Pakistan,['BLA'],['BLA'],1.93,70.0,"URD, PUS",,Terrorism,Pakistan,
2018/83201,INAM UL,HAQ,1985/06/02,PK,https://ws-public.interpol.int/notices/v1/red/2018-83201/images/61174669,https://ws-public.interpol.int/notices/v1/red/2018-83201/images,https://ws-public.interpol.int/notices/v1/red/2018-83201,M,Rawalpindi,Pakistan,['BRO'],['BLA'],1.78,80.0,"URD, PAN, ENG",,Murder,Pakistan,
2018/83174,MUHAMMAD BILAL,ARSHAD,1997/03/06,PK,https://ws-public.interpol.int/notices/v1/red/2018-83174/images/61174556,https://ws-public.interpol.int/notices/v1/red/2018-83174/images,https://ws-public.interpol.int/notices/v1/red/2018-83174,M,Faisalabad,Pakistan,['BLA'],['BLA'],1.78,65.0,"PAN, URD",,Murder,Pakistan,
2018/82558,NAWAJID,ALI,1987/08/11,PK,https://ws-public.interpol.int/notices/v1/red/2018-82558/images/61172274,https://ws-public.interpol.int/notices/v1/red/2018-82558/images,https://ws-public.interpol.int/notices/v1/red/2018-82558,M,Gujrat,Pakistan,['BLA'],['BLA'],1.72,70.0,"URD, PAN",A mole on his right cheek,Murder,Pakistan,
2018/81392,HABIB,ULLLAH,1979/03/12,PK,https://ws-public.interpol.int/notices/v1/red/2018-81392/images/61168975,https://ws-public.interpol.int/notices/v1/red/2018-81392/images,https://ws-public.interpol.int/notices/v1/red/2018-81392,M,Sargodha,Pakistan,['BLA'],['BLA'],1.83,95.0,"PAN, URD",,Murder,Pakistan,
2018/78144,QAISAR,ABBAS,1987/10/28,PK,https://ws-public.interpol.int/notices/v1/red/2018-78144/images/61159809,https://ws-public.interpol.int/notices/v1/red/2018-78144/images,https://ws-public.interpol.int/notices/v1/red/2018-78144,M,Sargodha,Pakistan,['BRO'],['BLA'],1.75,70.0,PAN,,Murder,Pakistan,
2018/75753,SHAHBAZ JAVED,MALIK,1995/01/18,PK,https://ws-public.interpol.int/notices/v1/red/2018-75753/images/61152216,https://ws-public.interpol.int/notices/v1/red/2018-75753/images,https://ws-public.interpol.int/notices/v1/red/2018-75753,M,Rawalpindi,Pakistan,['BRO'],['BLA'],1.74,80.0,"ENG, PAN, URD",,Murder,Pakistan,
2018/76239,MUHAMMAD,MANSHA,1967/01/01,PK,https://ws-public.interpol.int/notices/v1/red/2018-76239/images/61153995,https://ws-public.interpol.int/notices/v1/red/2018-76239/images,https://ws-public.interpol.int/notices/v1/red/2018-76239,M,Gujrat,Pakistan,['BLA'],['BLA'],1.73,90.0,"URD, PAN",,Murder,Pakistan,
2018/75277,ADNAN,ALI,1985/01/25,PK,https://ws-public.interpol.int/notices/v1/red/2018-75277/images/61150764,https://ws-public.interpol.int/notices/v1/red/2018-75277/images,https://ws-public.interpol.int/notices/v1/red/2018-75277,M,Lahore,Pakistan,['BLA'],['BLA'],1.69,60.0,"URD, PAN, ENG",,Murder,Pakistan,
2018/75395,AURANZEB,ALI,1993/07/20,PK,https://ws-public.interpol.int/notices/v1/red/2018-75395/images/61151164,https://ws-public.interpol.int/notices/v1/red/2018-75395/images,https://ws-public.interpol.int/notices/v1/red/2018-75395,M,Gujrat,Pakistan,['BLA'],['BLA'],1.7,70.0,"PAN, URD",,Murder,Pakistan,
2018/70696,ADNAN,ASIF,1973/08/06,PK,https://ws-public.interpol.int/notices/v1/red/2018-70696/images/61138127,https://ws-public.interpol.int/notices/v1/red/2018-70696/images,https://ws-public.interpol.int/notices/v1/red/2018-70696,M,Lahore,Pakistan,['BROD'],['BLA'],1.7,80.0,"PAN, URD",,Murder,Pakistan,
2018/75245,MUHAMMAD,ZAMEER UL HASSAN,1981/11/03,PK,https://ws-public.interpol.int/notices/v1/red/2018-75245/images/61150677,https://ws-public.interpol.int/notices/v1/red/2018-75245/images,https://ws-public.interpol.int/notices/v1/red/2018-75245,M,Sargodha,Pakistan,['BLA'],['BLA'],1.83,75.0,"URD, PAN",,Murder,Pakistan,
2018/74568,SUFYAN,ALI,1990/02/10,PK,https://ws-public.interpol.int/notices/v1/red/2018-74568/images/61148820,https://ws-public.interpol.int/notices/v1/red/2018-74568/images,https://ws-public.interpol.int/notices/v1/red/2018-74568,M,,Pakistan,['BLA'],['BLA'],1.72,60.0,"URD, PAN",,Murder,Pakistan,
2018/75356,ZAFAR,IQBAL,1972/05/10,PK,https://ws-public.interpol.int/notices/v1/red/2018-75356/images/61150962,https://ws-public.interpol.int/notices/v1/red/2018-75356/images,https://ws-public.interpol.int/notices/v1/red/2018-75356,M,Gujrat,Pakistan,['BLA'],['BLA'],1.72,60.0,"PAN, URD",,Murder,Pakistan,
2018/74584,SANA,ULLAH,1973/01/01,PK,https://ws-public.interpol.int/notices/v1/red/2018-74584/images/61148874,https://ws-public.interpol.int/notices/v1/red/2018-74584/images,https://ws-public.interpol.int/notices/v1/red/2018-74584,M,Gujrat,Pakistan,['BLA'],['BLA'],1.74,95.0,"PAN, URD",,Murder,Pakistan,
2018/74517,SHAHID,AMEER,1990/01/04,PK,https://ws-public.interpol.int/notices/v1/red/2018-74517/images/61148733,https://ws-public.interpol.int/notices/v1/red/2018-74517/images,https://ws-public.interpol.int/notices/v1/red/2018-74517,M,Dera Ghazi Khan,Pakistan,['BLA'],['BLA'],1.7,75.0,URD,,Murder,Pakistan,
2018/72065,MUHAMMAD,ABDULLAH,1967/12/10,PK,https://ws-public.interpol.int/notices/v1/red/2018-72065/images/61142052,https://ws-public.interpol.int/notices/v1/red/2018-72065/images,https://ws-public.interpol.int/notices/v1/red/2018-72065,M,Gujrat,Pakistan,['BLA'],['BLA'],1.67,85.0,"PAN, URD",,Murder,Pakistan,
2018/71623,FIRAZ,KHAN,1975/06/12,PK,https://ws-public.interpol.int/notices/v1/red/2018-71623/images/61140604,https://ws-public.interpol.int/notices/v1/red/2018-71623/images,https://ws-public.interpol.int/notices/v1/red/2018-71623,M,Kotli Azad Kashmir,Pakistan,['BLA'],['BLA'],1.75,75.0,KAS,,Murder,Pakistan,
2018/72481,NAVEED ASLAM,WARAICH,1973/07/18,PK,https://ws-public.interpol.int/notices/v1/red/2018-72481/images/61143013,https://ws-public.interpol.int/notices/v1/red/2018-72481/images,https://ws-public.interpol.int/notices/v1/red/2018-72481,M,GUJRAT,Pakistan,['BLA'],['BLA'],1.74,80.0,"PAN, URD",,Murder,Pakistan,
2018/71645,MUBASHIR,ALI,1976/03/15,PK,https://ws-public.interpol.int/notices/v1/red/2018-71645/images/61140685,https://ws-public.interpol.int/notices/v1/red/2018-71645/images,https://ws-public.interpol.int/notices/v1/red/2018-71645,M,Sheikhupura,Pakistan,['BRO'],['BLA'],1.75,90.0,PAN,,Murder,Pakistan,
2018/71641,HAMID,ALI,1989/10/20,PK,https://ws-public.interpol.int/notices/v1/red/2018-71641/images/61140656,https://ws-public.interpol.int/notices/v1/red/2018-71641/images,https://ws-public.interpol.int/notices/v1/red/2018-71641,M,Sheikhupura,Pakistan,['BRO'],['BLA'],1.75,90.0,PAN,,Murder & Terrorism,Pakistan,
2018/71649,ALLAH,DITTA,1972/06/24,PK,https://ws-public.interpol.int/notices/v1/red/2018-71649/images/61140703,https://ws-public.interpol.int/notices/v1/red/2018-71649/images,https://ws-public.interpol.int/notices/v1/red/2018-71649,M,Lahore,Pakistan,['BLA'],['BLA'],1.7,80.0,"PAN, URD",,Murder,Pakistan,
2018/66785,JASARAT ALI,KHAN,1989/12/23,PK,https://ws-public.interpol.int/notices/v1/red/2018-66785/images/61126357,https://ws-public.interpol.int/notices/v1/red/2018-66785/images,https://ws-public.interpol.int/notices/v1/red/2018-66785,M,Sargodha,Pakistan,['BLA'],['BLA'],1.75,65.0,"URD, PAN",,Murder,Pakistan,
2018/66819,IBRAR UMAR,DRAZ,1990/07/12,PK,https://ws-public.interpol.int/notices/v1/red/2018-66819/images/61126517,https://ws-public.interpol.int/notices/v1/red/2018-66819/images,https://ws-public.interpol.int/notices/v1/red/2018-66819,M,PAK PATTAN,Pakistan,['BLA'],['BLA'],1.7,82.0,"URD, PAN",A Mole on right Cheek,Murder,Pakistan,
2018/66838,WASEEM,ABBAS,1990/05/11,PK,https://ws-public.interpol.int/notices/v1/red/2018-66838/images/61126601,https://ws-public.interpol.int/notices/v1/red/2018-66838/images,https://ws-public.interpol.int/notices/v1/red/2018-66838,M,Gujranwala,Pakistan,['BLA'],['BLA'],1.69,60.0,"URD, ENG, PAN",,Murder,Pakistan,
2018/65597,RASHID,BAIG,1990/06/08,PK,https://ws-public.interpol.int/notices/v1/red/2018-65597/images/61122549,https://ws-public.interpol.int/notices/v1/red/2018-65597/images,https://ws-public.interpol.int/notices/v1/red/2018-65597,M,JHELUM,Pakistan,['BLA'],['BLA'],1.75,75.0,"URD, PAN",,Murder,Pakistan,
2018/64196,HAROON,IQBAL,1999/01/18,PK,https://ws-public.interpol.int/notices/v1/red/2018-64196/images/61117272,https://ws-public.interpol.int/notices/v1/red/2018-64196/images,https://ws-public.interpol.int/notices/v1/red/2018-64196,M,Mandi Bahauddin,Pakistan,['BLA'],['BLA'],1.78,80.0,"URD, PAN",,Murder,Pakistan,
2018/64206,SIAM,ZEB,1965/01/01,PK,https://ws-public.interpol.int/notices/v1/red/2018-64206/images/61117330,https://ws-public.interpol.int/notices/v1/red/2018-64206/images,https://ws-public.interpol.int/notices/v1/red/2018-64206,M,Sawabi,Pakistan,['BLA'],['BLA'],1.75,70.0,"PUS, URD, PAN",,Murder,Pakistan,
2018/64212,MEHRAN,ARSHAD,1991/10/14,PK,https://ws-public.interpol.int/notices/v1/red/2018-64212/images/61117348,https://ws-public.interpol.int/notices/v1/red/2018-64212/images,https://ws-public.interpol.int/notices/v1/red/2018-64212,M,Lahore,Pakistan,['BLA'],['BLA'],1.7,75.0,"URD, PAN",,Murder,Pakistan,
2018/63752,SHAHZAD,AHMED,1983/04/07,PK,https://ws-public.interpol.int/notices/v1/red/2018-63752/images/61115779,https://ws-public.interpol.int/notices/v1/red/2018-63752/images,https://ws-public.interpol.int/notices/v1/red/2018-63752,M,Dera Ghazi Khan,Pakistan,['BLA'],['BLA'],1.75,80.0,"PAN, URD",,Murder,Pakistan,
2018/63652,MUHAMMAD,ASLAM,1968/01/01,PK,https://ws-public.interpol.int/notices/v1/red/2018-63652/images/61115553,https://ws-public.interpol.int/notices/v1/red/2018-63652/images,https://ws-public.interpol.int/notices/v1/red/2018-63652,M,MANDI BAHAUDDIN,Pakistan,['BLA'],['BLA'],1.8,83.0,"URD, PAN",,Murder,Pakistan,
2018/63709,SHAUBAN,SHAHZAD,1985/06/05,PK,https://ws-public.interpol.int/notices/v1/red/2018-63709/images/61115661,https://ws-public.interpol.int/notices/v1/red/2018-63709/images,https://ws-public.interpol.int/notices/v1/red/2018-63709,M,FAISALABAD,Pakistan,['BLA'],['BLA'],1.78,70.0,PAN,,Murder,Pakistan,
2018/63577,ZULFIQAR,ALI,1968/04/04,PK,https://ws-public.interpol.int/notices/v1/red/2018-63577/images/61115310,https://ws-public.interpol.int/notices/v1/red/2018-63577/images,https://ws-public.interpol.int/notices/v1/red/2018-63577,M,Narowal,Pakistan,['BLA'],['BLA'],1.69,60.0,"PAN, URD",,Murder,Pakistan,
2018/63760,ABDUL,QADIR,1987/02/18,PK,https://ws-public.interpol.int/notices/v1/red/2018-63760/images/61115819,https://ws-public.interpol.int/notices/v1/red/2018-63760/images,https://ws-public.interpol.int/notices/v1/red/2018-63760,M,Gujrat,Pakistan,['BLA'],['BLA'],1.72,75.0,"URD, PAN",,Murder,Pakistan,
2018/63545,MUHAMMAD,ALTAF,1979/06/15,PK,https://ws-public.interpol.int/notices/v1/red/2018-63545/images/61115220,https://ws-public.interpol.int/notices/v1/red/2018-63545/images,https://ws-public.interpol.int/notices/v1/red/2018-63545,M,Narowal,Pakistan,['BLA'],['BLA'],1.69,60.0,"PAN, URD",,Murder,Pakistan,
2018/62765,MUDASSAR,ALI,1989/11/05,PK,https://ws-public.interpol.int/notices/v1/red/2018-62765/images/61112853,https://ws-public.interpol.int/notices/v1/red/2018-62765/images,https://ws-public.interpol.int/notices/v1/red/2018-62765,M,Faisalabad,Pakistan,['BLA'],['BLA'],1.68,68.0,"PAN, URD",,Murder,Pakistan,
2018/62801,SHAHBAZ,HUSSAIN,1976/01/01,PK,https://ws-public.interpol.int/notices/v1/red/2018-62801/images/61112925,https://ws-public.interpol.int/notices/v1/red/2018-62801/images,https://ws-public.interpol.int/notices/v1/red/2018-62801,M,Mandi Bahauddin,Pakistan,['BLA'],,1.82,85.0,"URD, PAN",,Murder,Pakistan,
2018/63074,ALI BIN,RIAZ,1991/01/01,PK,https://ws-public.interpol.int/notices/v1/red/2018-63074/images/61113847,https://ws-public.interpol.int/notices/v1/red/2018-63074/images,https://ws-public.interpol.int/notices/v1/red/2018-63074,M,Mandi Bahauddin,Pakistan,['BLA'],['BLA'],1.75,75.0,"PAN, URD",,Murder,Pakistan,
2018/63191,AZHAR,DAR,1985/01/05,PK,https://ws-public.interpol.int/notices/v1/red/2018-63191/images/61114151,https://ws-public.interpol.int/notices/v1/red/2018-63191/images,https://ws-public.interpol.int/notices/v1/red/2018-63191,M,Gujranwala,Pakistan,,['BLA'],1.78,90.0,"URD, PAN, ENG",,Dacoity,Pakistan,
2018/63144,GULBAZ,KHAN,1988/08/20,PK,https://ws-public.interpol.int/notices/v1/red/2018-63144/images/61114036,https://ws-public.interpol.int/notices/v1/red/2018-63144/images,https://ws-public.interpol.int/notices/v1/red/2018-63144,M,Narowal,Pakistan,['BLA'],['BLA'],1.69,60.0,"URD, PAN",,Murder,Pakistan,
2018/11377,SYED ABDULLAH,ABUZAR,1988/06/25,PK,https://ws-public.interpol.int/notices/v1/red/2018-11377/images/60949363,https://ws-public.interpol.int/notices/v1/red/2018-11377/images,https://ws-public.interpol.int/notices/v1/red/2018-11377,M,GUJRANWALA,Pakistan,['BLA'],['BLA'],1.69,60.0,"URD, PAN",,Anti Terrorism Act,Pakistan,
2018/57914,NAJAM,UL HASSAN,1989/02/02,PK,https://ws-public.interpol.int/notices/v1/red/2018-57914/images/61097451,https://ws-public.interpol.int/notices/v1/red/2018-57914/images,https://ws-public.interpol.int/notices/v1/red/2018-57914,M,Gujrat,Pakistan,['BLA'],['BLA'],1.72,73.0,"URD, PAN",A mole on his neck.,Murder,Pakistan,
2018/41104,ZAKA,ULLAH,1998/01/28,PK,https://ws-public.interpol.int/notices/v1/red/2018-41104/images/61040438,https://ws-public.interpol.int/notices/v1/red/2018-41104/images,https://ws-public.interpol.int/notices/v1/red/2018-41104,M,TOBA TEK SINGH,Pakistan,['BLA'],['BLA'],1.74,80.0,"URD, PAN",,Wrongful Confinement with lust of unnatural offence,Pakistan,
2018/42085,IMRAN,KHAN,1973/03/09,PK,https://ws-public.interpol.int/notices/v1/red/2018-42085/images/61043723,https://ws-public.interpol.int/notices/v1/red/2018-42085/images,https://ws-public.interpol.int/notices/v1/red/2018-42085,M,Gujrat,Pakistan,['BLA'],['BLA'],1.74,77.0,"PAN, ARA, URD",,Murder,Pakistan,
2018/41110,MUHAMMAD,TARIQ,1989/01/01,PK,https://ws-public.interpol.int/notices/v1/red/2018-41110/images/61040480,https://ws-public.interpol.int/notices/v1/red/2018-41110/images,https://ws-public.interpol.int/notices/v1/red/2018-41110,M,Multan,Pakistan,['BLA'],['BLA'],1.75,76.0,"ARA, URD",,Murder,Pakistan,
2018/41119,MUHAMMAD ANSAR,ASHRAF,1977/01/01,PK,https://ws-public.interpol.int/notices/v1/red/2018-41119/images/61040507,https://ws-public.interpol.int/notices/v1/red/2018-41119/images,https://ws-public.interpol.int/notices/v1/red/2018-41119,M,Layyah,Pakistan,,,,,"ARA, PAN, URD",,Murder,Pakistan,
2018/41056,KASHIF,ULLAH,1997/04/20,PK,https://ws-public.interpol.int/notices/v1/red/2018-41056/images/61040205,https://ws-public.interpol.int/notices/v1/red/2018-41056/images,https://ws-public.interpol.int/notices/v1/red/2018-41056,M,Karak,Pakistan,['GRE'],['GRY'],1.7,,PUS,,Murder,Pakistan,
2018/41116,AZMATULLAH,MALIK,1972/01/01,PK,https://ws-public.interpol.int/notices/v1/red/2018-41116/images/61040492,https://ws-public.interpol.int/notices/v1/red/2018-41116/images,https://ws-public.interpol.int/notices/v1/red/2018-41116,M,Gujranwala,Pakistan,['BLA'],['BLA'],1.69,60.0,"URD, ENG",,Murder,Pakistan,
2018/40837,IMRAN,ASLAM,1989/07/25,PK,https://ws-public.interpol.int/notices/v1/red/2018-40837/images/61039406,https://ws-public.interpol.int/notices/v1/red/2018-40837/images,https://ws-public.interpol.int/notices/v1/red/2018-40837,M,SIALKOT,Pakistan,['BLA'],['BLA'],1.69,75.0,PAN,,Murder,Pakistan,
2018/34962,TARIQ SALEEM,BUTT,1967/01/01,PK,https://ws-public.interpol.int/notices/v1/red/2018-34962/images/61020819,https://ws-public.interpol.int/notices/v1/red/2018-34962/images,https://ws-public.interpol.int/notices/v1/red/2018-34962,M,Gujranwala,Pakistan,['BLA'],['BLA'],1.67,75.0,"URD, PAN, ENG",,Abetment charge of Murder,Pakistan,
2018/18956,WASEEM,ZAHOOR,1986/04/08,PK,https://ws-public.interpol.int/notices/v1/red/2018-18956/images/60975684,https://ws-public.interpol.int/notices/v1/red/2018-18956/images,https://ws-public.interpol.int/notices/v1/red/2018-18956,M,Gujrat,Pakistan,['BLA'],['BLA'],1.73,60.0,"ITA, URD, PAN",,Murder,Pakistan,
2018/23424,MUHAMMAD SALMAN,RAZA,1990/01/18,PK,https://ws-public.interpol.int/notices/v1/red/2018-23424/images/60990983,https://ws-public.interpol.int/notices/v1/red/2018-23424/images,https://ws-public.interpol.int/notices/v1/red/2018-23424,M,Lahore,Pakistan,['BLA'],['BLA'],1.7,70.0,PAN,,Dacoity,Pakistan,
2018/23511,FAISAL,ALI,1986/02/14,PK,https://ws-public.interpol.int/notices/v1/red/2018-23511/images/60991215,https://ws-public.interpol.int/notices/v1/red/2018-23511/images,https://ws-public.interpol.int/notices/v1/red/2018-23511,M,Toba Tek Singh,Pakistan,['BLA'],['BLA'],1.72,80.0,"PAN, URD",,Attempt to Murder,Pakistan,
2018/18932,RIZWAN,AKRAM,1984/07/01,PK,https://ws-public.interpol.int/notices/v1/red/2018-18932/images/60975622,https://ws-public.interpol.int/notices/v1/red/2018-18932/images,https://ws-public.interpol.int/notices/v1/red/2018-18932,M,Gujrat,Pakistan,['BLA'],['BLA'],1.73,63.0,"URD, PAN",,Robbery/Dacoity,Pakistan,
2018/18866,MUHAMMAD,QASIM,1988/12/30,PK,https://ws-public.interpol.int/notices/v1/red/2018-18866/images/60975386,https://ws-public.interpol.int/notices/v1/red/2018-18866/images,https://ws-public.interpol.int/notices/v1/red/2018-18866,M,"TOBA TEK SINGH, PUNJAB",Pakistan,['BLA'],['BLA'],1.7,70.0,PAN,,Unnatural offence with the son of the complainant.,Pakistan,
2018/18942,MUHAMMAD,NAWAZ,1961/07/26,PK,https://ws-public.interpol.int/notices/v1/red/2018-18942/images/60975649,https://ws-public.interpol.int/notices/v1/red/2018-18942/images,https://ws-public.interpol.int/notices/v1/red/2018-18942,M,Gujrat,Pakistan,['BLA'],['BLA'],1.72,78.0,"URD, PAN",,Murder,Pakistan,
2018/15416,SAEED AKBAR,MIAN,1965/04/13,PK,https://ws-public.interpol.int/notices/v1/red/2018-15416/images/60963617,https://ws-public.interpol.int/notices/v1/red/2018-15416/images,https://ws-public.interpol.int/notices/v1/red/2018-15416,M,Sheikhupura,Pakistan,['BRO'],['BLA'],1.73,80.0,"PAN, URD",,Murder,Pakistan,
2018/17205,MUHAMMAD,KHALIL,1990/10/28,PK,https://ws-public.interpol.int/notices/v1/red/2018-17205/images/60969305,https://ws-public.interpol.int/notices/v1/red/2018-17205/images,https://ws-public.interpol.int/notices/v1/red/2018-17205,M,"Gujjar Khan, Rawalpindi",Pakistan,['BRO'],['BLA'],1.68,70.0,"URD, PAN",,Kidnapping for Ransom,Pakistan,
2018/15525,MUDASSAR,HUSSAIN,1974/01/01,PK,https://ws-public.interpol.int/notices/v1/red/2018-15525/images/60963934,https://ws-public.interpol.int/notices/v1/red/2018-15525/images,https://ws-public.interpol.int/notices/v1/red/2018-15525,M,Sheikhupura,Pakistan,['BRO'],['BLA'],1.78,75.0,"PAN, URD",,Murder,Pakistan,
2018/15533,TARIQ,JAVED,1979/06/18,PK,https://ws-public.interpol.int/notices/v1/red/2018-15533/images/60963969,https://ws-public.interpol.int/notices/v1/red/2018-15533/images,https://ws-public.interpol.int/notices/v1/red/2018-15533,M,Gujrat,Pakistan,['BROD'],['BLA'],1.74,70.0,"PAN, URD",,Murder,Pakistan,
2018/15462,HAFIZ MUHAMMAD,AHMAD,1979/03/20,PK,https://ws-public.interpol.int/notices/v1/red/2018-15462/images/60963803,https://ws-public.interpol.int/notices/v1/red/2018-15462/images,https://ws-public.interpol.int/notices/v1/red/2018-15462,M,Lahore,Pakistan,['BLA'],,1.69,60.0,"PAN, URD",,Murder,Pakistan,
2018/15495,UMAR,HAYAT,1970/10/14,PK,https://ws-public.interpol.int/notices/v1/red/2018-15495/images/60963889,https://ws-public.interpol.int/notices/v1/red/2018-15495/images,https://ws-public.interpol.int/notices/v1/red/2018-15495,M,Sargodha,Pakistan,['GRY'],['BLA'],1.65,70.0,"URD, PAN",,Murder,Pakistan,
2018/15358,MUHAMMAD,USMAN,1989/01/01,PK,https://ws-public.interpol.int/notices/v1/red/2018-15358/images/60963447,https://ws-public.interpol.int/notices/v1/red/2018-15358/images,https://ws-public.interpol.int/notices/v1/red/2018-15358,M,"Toba Tek Singh, Punjab",Pakistan,['BLA'],['BLA'],1.7,81.0,"PAN, URD",,Murder,Pakistan,
2018/15432,ZAFAR,IQBAL,1971/02/28,PK,https://ws-public.interpol.int/notices/v1/red/2018-15432/images/60963663,https://ws-public.interpol.int/notices/v1/red/2018-15432/images,https://ws-public.interpol.int/notices/v1/red/2018-15432,M,khushab,Pakistan,['BLA'],['BLA'],1.75,75.0,"URD, PAN",,Murder,Pakistan,
2018/15304,SAIF,ULLAH,1983/02/05,PK,https://ws-public.interpol.int/notices/v1/red/2018-15304/images/60963251,https://ws-public.interpol.int/notices/v1/red/2018-15304/images,https://ws-public.interpol.int/notices/v1/red/2018-15304,M,Lahore,Pakistan,['BLA'],['BLA'],1.73,80.0,"PAN, URD",,Murder,Pakistan,
2018/14056,ZULQARNAIN,ZULQARNAIN,1988/02/07,PK,https://ws-public.interpol.int/notices/v1/red/2018-14056/images/60958870,https://ws-public.interpol.int/notices/v1/red/2018-14056/images,https://ws-public.interpol.int/notices/v1/red/2018-14056,M,Gujranwala,Pakistan,['BLA'],['BLA'],1.69,60.0,"PAN, URD",,Murder,Pakistan,
2018/14069,TASAWAR,IQBAL,1981/09/07,PK,https://ws-public.interpol.int/notices/v1/red/2018-14069/images/60958898,https://ws-public.interpol.int/notices/v1/red/2018-14069/images,https://ws-public.interpol.int/notices/v1/red/2018-14069,M,Gujrat,Pakistan,['BLA'],['BLA'],1.72,65.0,"URD, PAN",,Murder,Pakistan,
2018/14040,JAVED,IQBAL,1978/09/04,PK,https://ws-public.interpol.int/notices/v1/red/2018-14040/images/60958837,https://ws-public.interpol.int/notices/v1/red/2018-14040/images,https://ws-public.interpol.int/notices/v1/red/2018-14040,M,Mianwali,Pakistan,['BRO'],['BRO'],1.73,80.0,PAN,,Murder,Pakistan,
2018/11666,MUJAHID,ULLAH,1992/03/08,PK,https://ws-public.interpol.int/notices/v1/red/2018-11666/images/60951424,https://ws-public.interpol.int/notices/v1/red/2018-11666/images,https://ws-public.interpol.int/notices/v1/red/2018-11666,M,"Kohat, KP",Pakistan,,,,,"PUS, URD",,Murder,Pakistan,
2018/9199,QAMMAR,ABBAS,1986/01/01,PK,https://ws-public.interpol.int/notices/v1/red/2018-9199/images/60941884,https://ws-public.interpol.int/notices/v1/red/2018-9199/images,https://ws-public.interpol.int/notices/v1/red/2018-9199,M,Sargodha,Pakistan,,,1.7,65.0,"URD, PAN",,Murder,Pakistan,
2018/9145,MUHAMMAD KHURRAM,SHAHZAD,1995/07/30,PK,https://ws-public.interpol.int/notices/v1/red/2018-9145/images/60941731,https://ws-public.interpol.int/notices/v1/red/2018-9145/images,https://ws-public.interpol.int/notices/v1/red/2018-9145,M,Sialkot,Pakistan,['BLA'],['BLA'],1.69,60.0,"ENG, URD",,Murder,Pakistan,
2018/6107,GHAZANFAR,ALI,1985/01/10,PK,https://ws-public.interpol.int/notices/v1/red/2018-6107/images/60925398,https://ws-public.interpol.int/notices/v1/red/2018-6107/images,https://ws-public.interpol.int/notices/v1/red/2018-6107,M,Gujrat,Pakistan,['BLA'],['BLA'],1.74,72.0,"PAN, URD",,Murder,Pakistan,
2018/6101,NAZAR,HUSSAIN,1963/03/20,PK,https://ws-public.interpol.int/notices/v1/red/2018-6101/images/60925356,https://ws-public.interpol.int/notices/v1/red/2018-6101/images,https://ws-public.interpol.int/notices/v1/red/2018-6101,M,Gujrat,Pakistan,['BLA'],['BLA'],1.76,80.0,"PAN, URD",,Murder,Pakistan,
2018/5688,MUHAMMAD,RAZZAQ,1990/03/14,PK,https://ws-public.interpol.int/notices/v1/red/2018-5688/images/60924067,https://ws-public.interpol.int/notices/v1/red/2018-5688/images,https://ws-public.interpol.int/notices/v1/red/2018-5688,M,Gujrat,Pakistan,['BLA'],['BLA'],1.77,68.0,"URD, PAN",,Kidnapping,Pakistan,
2017/14789,IMRAN,ABBAS,1982/02/22,PK,https://ws-public.interpol.int/notices/v1/red/2017-14789/images/60325722,https://ws-public.interpol.int/notices/v1/red/2017-14789/images,https://ws-public.interpol.int/notices/v1/red/2017-14789,M,"Village Sarokey, Gujrat",Pakistan,['BLA'],['BLA'],1.76,90.0,"URD, ITA",,Murder,Pakistan,
2016/90739,JAN,ALI,1981,PK,https://ws-public.interpol.int/notices/v1/red/2016-90739/images/60265269,https://ws-public.interpol.int/notices/v1/red/2016-90739/images,https://ws-public.interpol.int/notices/v1/red/2016-90739,M,"TEH.-DUSRA, DISTRICT-CHARSADA",Pakistan,,,0.0,0.0,"URD, PAN",,"1.Punishment for murder, 2. Attempt to murder, 3. Waging, or attempting to wage war, or abetting waging of war, against Government of India, 4. Conspiracy to commit offences punishable by section 121 of Indian Penal Code i.e. waging, or attempting to wage war, or abetting waging of war, against Government of India, 5. Assaulting the President, Governor, etc. with the intent to compel or restrain the exercise of any lawful power, 6. Wantonly giving provocation with intent to cause riot, 7. Punishment for criminal conspiracy, 8. Punishment for certain offences regarding illegal arms and ammunition, 9. Punishment for conspiracy, etc. for terrorist act, 10. Punishment for being member of terrorist gang or organization, 11. Offence relating to membership of a terrorist organization,12. Punishment for causing explosion likely to endanger life or property, 13. Punishment for attempt to cause explosion, or for making or keeping explosive with intent to endanger life or property.",India,
2016/61605,MUHAMMAD,HANIF,1963/10/15,"CA, PK",https://ws-public.interpol.int/notices/v1/red/2016-61605/images/60188272,https://ws-public.interpol.int/notices/v1/red/2016-61605/images,https://ws-public.interpol.int/notices/v1/red/2016-61605,M,,Pakistan,['BRO'],['BLA'],1.7,82.0,"ENG, URD",,"Criminal Code of Canada - Sexual Assault (x2) 271C.C., Forcible Confinement (x2) 279(2) C.C, Sexual Interference (x2) C.C. 151, Invitation to sexual touching C.C. 152. Seven charge in all.",Canada,
2016/59826,AKHMED,MUSAEV,1957/01/05,PK,https://ws-public.interpol.int/notices/v1/red/2016-59826/images/60181716,https://ws-public.interpol.int/notices/v1/red/2016-59826/images,https://ws-public.interpol.int/notices/v1/red/2016-59826,M,OZERNOE / CHECHENSKAYA REPUBLIC,Russia,['OTHD'],['OTHD'],0.0,0.0,RUS,,terrorism; participation in an illegal arned formation,Russia,
2016/45466,MALIK,RANA,1976/04/04,PK,https://ws-public.interpol.int/notices/v1/red/2016-45466/images/60130104,https://ws-public.interpol.int/notices/v1/red/2016-45466/images,https://ws-public.interpol.int/notices/v1/red/2016-45466,M,,Pakistan,,,0.0,0.0,,,Illegal border crossing and migrants smuggling,Slovakia,
2016/41165,MUHAMMAD,AKBAR,1981/02/09,PK,https://ws-public.interpol.int/notices/v1/red/2016-41165/images/60115447,https://ws-public.interpol.int/notices/v1/red/2016-41165/images,https://ws-public.interpol.int/notices/v1/red/2016-41165,M,,Pakistan,,['BLA'],1.75,75.0,"ARA, URD",,Murder,Pakistan,
2016/38294,FALAK SHER,KHAN,1990/07/08,PK,https://ws-public.interpol.int/notices/v1/red/2016-38294/images/60106036,https://ws-public.interpol.int/notices/v1/red/2016-38294/images,https://ws-public.interpol.int/notices/v1/red/2016-38294,M,GUJRAT,Pakistan,['BLA'],['BLA'],1.72,75.0,"PAN, ARA, URD",A mole on his left hand,Murder,Pakistan,
2016/38302,MUHAMMAD,ZAHIR,1975/02/22,PK,https://ws-public.interpol.int/notices/v1/red/2016-38302/images/60106048,https://ws-public.interpol.int/notices/v1/red/2016-38302/images,https://ws-public.interpol.int/notices/v1/red/2016-38302,M,Vehari,Pakistan,['BLA'],['BLA'],1.7,70.0,PAN,Wound mark on left ear.,Murder,Pakistan,
2016/38306,SHAHID UL,QAMAR,1991/08/04,PK,https://ws-public.interpol.int/notices/v1/red/2016-38306/images/60106077,https://ws-public.interpol.int/notices/v1/red/2016-38306/images,https://ws-public.interpol.int/notices/v1/red/2016-38306,M,GUJRAT,Pakistan,['BLA'],['BLA'],1.74,80.0,"PAN, URD, ARA",A scar on his nose,Murder,Pakistan,
2016/36932,MUBEEN,QAISER,1988/07/07,PK,https://ws-public.interpol.int/notices/v1/red/2016-36932/images/60101441,https://ws-public.interpol.int/notices/v1/red/2016-36932/images,https://ws-public.interpol.int/notices/v1/red/2016-36932,M,SIALKOT,Pakistan,['BLA'],['BLA'],1.73,75.0,"ENG, PAN, URD",A mole on right Arm,Murder,Pakistan,
2016/31727,SHAHID,LATIF,1975,PK,https://ws-public.interpol.int/notices/v1/red/2016-31727/images/60083663,https://ws-public.interpol.int/notices/v1/red/2016-31727/images,https://ws-public.interpol.int/notices/v1/red/2016-31727,M,"CHAKKAR, MUZAFFARABAD",Pakistan,['BLA'],['BLA'],1.68,70.0,"URD, PAN, FAO, ARA, KAS",MOLE ON THE LEFT EAR.,"Punishment for murder, Attempt to murder, Waging, or attempting to wage war, or abetting waging of war, against Government of India, Conspiracy to commit offences punishable by section 121 of Indian Penal Code i.e. waging, or abetting waging of war against Government of India, Assaulting the President, Governor, etc, with intent to compel or restrain the exercise of any lawful power, Want only giving provocation with intent to cause riot, Punishment foe criminal conspiracy, Punishment for certain offences regarding illegal arms and ammunitions, Punishment for conspiracy, etc for terrorist act, Punishment for being member of terrorist gang or organization, Offence relating to membership of a terrorist organization, Punishment for causing explosion likely to endanger life or property, Punishment for attempt to cause explosion, or for making or keeping explosive with intent to endanger life or property.",India,
2000/28396,ABDUL,RAUF,1974,PK,https://ws-public.interpol.int/notices/v1/red/2000-28396/images/63275607,https://ws-public.interpol.int/notices/v1/red/2000-28396/images,https://ws-public.interpol.int/notices/v1/red/2000-28396,M,Bhawalpur,Pakistan,,,0.0,0.0,"ARA, HIN, FAO, PAN, URD, ENG",,"Punishment for murder, Attempt to murder, Waging, or attempting to wage war, or abetting waging of war, against Government of India, Conspiracy to commit offences punishable by section 121 of Indian Penal Code i.e. waging, or abetting waging of war against Government of India, Assaulting the President, Governor, etc, with intent to compel or restrain the exercise of any lawful power, Want only giving provocation with intent to cause riot, Punishment for criminal conspiracy, Punishment for certain offences regarding illegal arms and ammunitions, Punishment for conspiracy, etc for terrorist act, Punishment for being member of terrorist gang or organization, Offence relating to membership of a terrorist organization, Punishment for causing explosion likely to endanger life or property, Punishment for attempt to cause explosion, or for making or keeping explosive with intent to endanger life or property.",India,
2004/32229,MASOOD,MAULANA MOHAMAD MASOOD AZHAR ALVI,1968/07/10,PK,https://ws-public.interpol.int/notices/v1/red/2004-32229/images/61410329,https://ws-public.interpol.int/notices/v1/red/2004-32229/images,https://ws-public.interpol.int/notices/v1/red/2004-32229,M,"Bahawalpur, Punjab",Pakistan,['BLA'],['BLA'],1.67,,"PER, URD, ARA, PAN","Small black mole on forehead, protruding belly, round face, eyebrows joined together, thick lips, swollen cheeks","Punishment for murder, Attempt to murder, Waging, or attempting to wage war, or attempting to wage war, or abetting waging of war, against Government of India, Conspiracy to commit offences punishable by section 121 of Indian Penal Code i.e. waging, or abetting waging of war against Government of India, Assaulting the President, Governor, etc, with intent to compel or restrain the exercise of any lawful power, Want only giving provocation with intent to cause riot, Punishment for criminal conspiracy, Punishment for certain offences regarding illegal arms and ammunitions, Punishment for conspiracy, etc for terrorist act, Punishment for being member of terrorist gang or organization, Offence relating to membership of a terrorist organization, Punishment for causing explosion likely to endanger life or property, Punishment for attempt to cause explosion, or for making or keeping explosive with intent to endanger life or property.",India,
2015/69594,SARMAD,RASHEED,1992/10/30,PK,https://ws-public.interpol.int/notices/v1/red/2015-69594/images/59917925,https://ws-public.interpol.int/notices/v1/red/2015-69594/images,https://ws-public.interpol.int/notices/v1/red/2015-69594,M,GUJRANWALA,Pakistan,,,1.7,75.0,"PAN, URD, ENG",,Murder,Pakistan,
2015/61022,AHMAD,WASEEM,1988/02/12,"CA, PK",https://ws-public.interpol.int/notices/v1/red/2015-61022/images/59889745,https://ws-public.interpol.int/notices/v1/red/2015-61022/images,https://ws-public.interpol.int/notices/v1/red/2015-61022,M,,Pakistan,['BRO'],['BLA'],1.85,80.0,"ARA, ENG",,"Participation in activity of terrorist group, Leaving Canada to participate in activity of terrorist group, Facilitating terrorist activity",Canada,
2015/53062,ISMAIL,HAJI ISMAIL BALOCH,1949,"IR, PK",https://ws-public.interpol.int/notices/v1/red/2015-53062/images/59863778,https://ws-public.interpol.int/notices/v1/red/2015-53062/images,https://ws-public.interpol.int/notices/v1/red/2015-53062,M,NOKEH KHAN SOROO MAND DISTRICT KECH,Pakistan,['BLA'],['BLA'],1.95,95.0,"URD, PER, BAL",,Murder,Pakistan,
2015/53080,NAZIR,AHMED,1985,"PK, IR",https://ws-public.interpol.int/notices/v1/red/2015-53080/images/59863834,https://ws-public.interpol.int/notices/v1/red/2015-53080/images,https://ws-public.interpol.int/notices/v1/red/2015-53080,M,"RASKH SISTAN,",Iran,['BLA'],['BLA'],1.68,60.0,"PER, BAL, URD",Lemb by right leg,Murder,Pakistan,
2014/32033,FAISAL,BUTT,1981/12/24,PK,https://ws-public.interpol.int/notices/v1/red/2014-32033/images/59521780,https://ws-public.interpol.int/notices/v1/red/2014-32033/images,https://ws-public.interpol.int/notices/v1/red/2014-32033,M,,Pakistan,['BLA'],['BLA'],1.73,73.0,"URD, PAN",,Murder,Pakistan,
2013/34999,MUHAMMAD ABDULLA,TARIQ,1993/02/24,PK,https://ws-public.interpol.int/notices/v1/red/2013-34999/images/58917559,https://ws-public.interpol.int/notices/v1/red/2013-34999/images,https://ws-public.interpol.int/notices/v1/red/2013-34999,M,"RAWALPINDI, PUNJAB",Pakistan,['BRO'],['BLA'],1.73,82.0,"ENG, URD",TARIQ may have a scar on his face.,Aggravated robbery with a deadly weapon,United States of America,
2012/5285,ZAHIDUL,ISLAM,1955/10/01,"PK, BD",https://ws-public.interpol.int/notices/v1/red/2012-5285/images/57213753,https://ws-public.interpol.int/notices/v1/red/2012-5285/images,https://ws-public.interpol.int/notices/v1/red/2012-5285,M,,Pakistan,['BRO'],['BLA'],1.69,73.0,ENG,ISLAM may wear corrective lenses.,"1) Aggravated Indecent Assault
2) Involuntary Deviate Sexual Intercourse
3) Indecent Assault
4) Recklessly Endangering Another Person
5) Sexual Assault
6) Unlawful Restraint
7) Indecent Exposure
8) Simple Assault",United States of America,
2012/309634,MUZAMMIL,BUTT,1962/01/01,PK,,https://ws-public.interpol.int/notices/v1/red/2012-309634/images,https://ws-public.interpol.int/notices/v1/red/2012-309634,M,,Pakistan,,,0.0,0.0,"ENG, HIN",,"Kidnapping, abducting, abetment, conspiracy, wage war, possessing illegal fire arms, Murder, Attempt to murder, grievous hurt to public servant.",India,
2011/65093,FARAZ KASHIF,SHEIKH,1975/11/30,PK,https://ws-public.interpol.int/notices/v1/red/2011-65093/images/56392689,https://ws-public.interpol.int/notices/v1/red/2011-65093/images,https://ws-public.interpol.int/notices/v1/red/2011-65093,M,LAHORE,Pakistan,['BRO'],['BLA'],1.78,75.0,"ENG, URD",,Aggravated Sexual Assault of a Child Under 14 Years of Age,United States of America,
2010/43964,SYED ABDUR REHMAN,HASHIM,1971/06/05,PK,https://ws-public.interpol.int/notices/v1/red/2010-43964/images/54496311,https://ws-public.interpol.int/notices/v1/red/2010-43964/images,https://ws-public.interpol.int/notices/v1/red/2010-43964,M,LAHORE,Pakistan,['BRO'],['BLA'],1.73,65.0,"HIN, ENG, URD",,"CRIMINAL CONSPIRACY, WAGING WAR, WAR AGAINST COUNTRY, PUNISHMENT FOR TERRORIST ACT, MEMBER OF TERRORIST GANG/ ORGANIZATION.",India,
2016/59826,AKHMED,MUSAEV,1957/01/05,PK,https://ws-public.interpol.int/notices/v1/red/2016-59826/images/60181716,https://ws-public.interpol.int/notices/v1/red/2016-59826/images,https://ws-public.interpol.int/notices/v1/red/2016-59826,M,OZERNOE / CHECHENSKAYA REPUBLIC,Russia,['OTHD'],['OTHD'],0.0,0.0,RUS,,terrorism; participation in an illegal arned formation,Russia,
2016/45466,MALIK,RANA,1976/04/04,PK,https://ws-public.interpol.int/notices/v1/red/2016-45466/images/60130104,https://ws-public.interpol.int/notices/v1/red/2016-45466/images,https://ws-public.interpol.int/notices/v1/red/2016-45466,M,,Pakistan,,,0.0,0.0,,,Illegal border crossing and migrants smuggling,Slovakia,
2016/41165,MUHAMMAD,AKBAR,1981/02/09,PK,https://ws-public.interpol.int/notices/v1/red/2016-41165/images/60115447,https://ws-public.interpol.int/notices/v1/red/2016-41165/images,https://ws-public.interpol.int/notices/v1/red/2016-41165,M,,Pakistan,,['BLA'],1.75,75.0,"ARA, URD",,Murder,Pakistan,
2016/38294,FALAK SHER,KHAN,1990/07/08,PK,https://ws-public.interpol.int/notices/v1/red/2016-38294/images/60106036,https://ws-public.interpol.int/notices/v1/red/2016-38294/images,https://ws-public.interpol.int/notices/v1/red/2016-38294,M,GUJRAT,Pakistan,['BLA'],['BLA'],1.72,75.0,"PAN, ARA, URD",A mole on his left hand,Murder,Pakistan,
2016/38302,MUHAMMAD,ZAHIR,1975/02/22,PK,https://ws-public.interpol.int/notices/v1/red/2016-38302/images/60106048,https://ws-public.interpol.int/notices/v1/red/2016-38302/images,https://ws-public.interpol.int/notices/v1/red/2016-38302,M,Vehari,Pakistan,['BLA'],['BLA'],1.7,70.0,PAN,Wound mark on left ear.,Murder,Pakistan,
2016/38306,SHAHID UL,QAMAR,1991/08/04,PK,https://ws-public.interpol.int/notices/v1/red/2016-38306/images/60106077,https://ws-public.interpol.int/notices/v1/red/2016-38306/images,https://ws-public.interpol.int/notices/v1/red/2016-38306,M,GUJRAT,Pakistan,['BLA'],['BLA'],1.74,80.0,"PAN, URD, ARA",A scar on his nose,Murder,Pakistan,
2016/36932,MUBEEN,QAISER,1988/07/07,PK,https://ws-public.interpol.int/notices/v1/red/2016-36932/images/60101441,https://ws-public.interpol.int/notices/v1/red/2016-36932/images,https://ws-public.interpol.int/notices/v1/red/2016-36932,M,SIALKOT,Pakistan,['BLA'],['BLA'],1.73,75.0,"ENG, PAN, URD",A mole on right Arm,Murder,Pakistan,
2016/31727,SHAHID,LATIF,1975,PK,https://ws-public.interpol.int/notices/v1/red/2016-31727/images/60083663,https://ws-public.interpol.int/notices/v1/red/2016-31727/images,https://ws-public.interpol.int/notices/v1/red/2016-31727,M,"CHAKKAR, MUZAFFARABAD",Pakistan,['BLA'],['BLA'],1.68,70.0,"URD, PAN, FAO, ARA, KAS",MOLE ON THE LEFT EAR.,"Punishment for murder, Attempt to murder, Waging, or attempting to wage war, or abetting waging of war, against Government of India, Conspiracy to commit offences punishable by section 121 of Indian Penal Code i.e. waging, or abetting waging of war against Government of India, Assaulting the President, Governor, etc, with intent to compel or restrain the exercise of any lawful power, Want only giving provocation with intent to cause riot, Punishment foe criminal conspiracy, Punishment for certain offences regarding illegal arms and ammunitions, Punishment for conspiracy, etc for terrorist act, Punishment for being member of terrorist gang or organization, Offence relating to membership of a terrorist organization, Punishment for causing explosion likely to endanger life or property, Punishment for attempt to cause explosion, or for making or keeping explosive with intent to endanger life or property.",India,
2000/28396,ABDUL,RAUF,1974,PK,https://ws-public.interpol.int/notices/v1/red/2000-28396/images/63275607,https://ws-public.interpol.int/notices/v1/red/2000-28396/images,https://ws-public.interpol.int/notices/v1/red/2000-28396,M,Bhawalpur,Pakistan,,,0.0,0.0,"ARA, HIN, FAO, PAN, URD, ENG",,"Punishment for murder, Attempt to murder, Waging, or attempting to wage war, or abetting waging of war, against Government of India, Conspiracy to commit offences punishable by section 121 of Indian Penal Code i.e. waging, or abetting waging of war against Government of India, Assaulting the President, Governor, etc, with intent to compel or restrain the exercise of any lawful power, Want only giving provocation with intent to cause riot, Punishment for criminal conspiracy, Punishment for certain offences regarding illegal arms and ammunitions, Punishment for conspiracy, etc for terrorist act, Punishment for being member of terrorist gang or organization, Offence relating to membership of a terrorist organization, Punishment for causing explosion likely to endanger life or property, Punishment for attempt to cause explosion, or for making or keeping explosive with intent to endanger life or property.",India,
2004/32229,MASOOD,MAULANA MOHAMAD MASOOD AZHAR ALVI,1968/07/10,PK,https://ws-public.interpol.int/notices/v1/red/2004-32229/images/61410329,https://ws-public.interpol.int/notices/v1/red/2004-32229/images,https://ws-public.interpol.int/notices/v1/red/2004-32229,M,"Bahawalpur, Punjab",Pakistan,['BLA'],['BLA'],1.67,,"PER, URD, ARA, PAN","Small black mole on forehead, protruding belly, round face, eyebrows joined together, thick lips, swollen cheeks","Punishment for murder, Attempt to murder, Waging, or attempting to wage war, or attempting to wage war, or abetting waging of war, against Government of India, Conspiracy to commit offences punishable by section 121 of Indian Penal Code i.e. waging, or abetting waging of war against Government of India, Assaulting the President, Governor, etc, with intent to compel or restrain the exercise of any lawful power, Want only giving provocation with intent to cause riot, Punishment for criminal conspiracy, Punishment for certain offences regarding illegal arms and ammunitions, Punishment for conspiracy, etc for terrorist act, Punishment for being member of terrorist gang or organization, Offence relating to membership of a terrorist organization, Punishment for causing explosion likely to endanger life or property, Punishment for attempt to cause explosion, or for making or keeping explosive with intent to endanger life or property.",India,
2015/69594,SARMAD,RASHEED,1992/10/30,PK,https://ws-public.interpol.int/notices/v1/red/2015-69594/images/59917925,https://ws-public.interpol.int/notices/v1/red/2015-69594/images,https://ws-public.interpol.int/notices/v1/red/2015-69594,M,GUJRANWALA,Pakistan,,,1.7,75.0,"PAN, URD, ENG",,Murder,Pakistan,
2015/61022,AHMAD,WASEEM,1988/02/12,"CA, PK",https://ws-public.interpol.int/notices/v1/red/2015-61022/images/59889745,https://ws-public.interpol.int/notices/v1/red/2015-61022/images,https://ws-public.interpol.int/notices/v1/red/2015-61022,M,,Pakistan,['BRO'],['BLA'],1.85,80.0,"ARA, ENG",,"Participation in activity of terrorist group, Leaving Canada to participate in activity of terrorist group, Facilitating terrorist activity",Canada,
2015/53062,ISMAIL,HAJI ISMAIL BALOCH,1949,"IR, PK",https://ws-public.interpol.int/notices/v1/red/2015-53062/images/59863778,https://ws-public.interpol.int/notices/v1/red/2015-53062/images,https://ws-public.interpol.int/notices/v1/red/2015-53062,M,NOKEH KHAN SOROO MAND DISTRICT KECH,Pakistan,['BLA'],['BLA'],1.95,95.0,"URD, PER, BAL",,Murder,Pakistan,
2015/53080,NAZIR,AHMED,1985,"PK, IR",https://ws-public.interpol.int/notices/v1/red/2015-53080/images/59863834,https://ws-public.interpol.int/notices/v1/red/2015-53080/images,https://ws-public.interpol.int/notices/v1/red/2015-53080,M,"RASKH SISTAN,",Iran,['BLA'],['BLA'],1.68,60.0,"PER, BAL, URD",Lemb by right leg,Murder,Pakistan,
2014/32033,FAISAL,BUTT,1981/12/24,PK,https://ws-public.interpol.int/notices/v1/red/2014-32033/images/59521780,https://ws-public.interpol.int/notices/v1/red/2014-32033/images,https://ws-public.interpol.int/notices/v1/red/2014-32033,M,,Pakistan,['BLA'],['BLA'],1.73,73.0,"URD, PAN",,Murder,Pakistan,
2013/34999,MUHAMMAD ABDULLA,TARIQ,1993/02/24,PK,https://ws-public.interpol.int/notices/v1/red/2013-34999/images/58917559,https://ws-public.interpol.int/notices/v1/red/2013-34999/images,https://ws-public.interpol.int/notices/v1/red/2013-34999,M,"RAWALPINDI, PUNJAB",Pakistan,['BRO'],['BLA'],1.73,82.0,"ENG, URD",TARIQ may have a scar on his face.,Aggravated robbery with a deadly weapon,United States of America,
2012/5285,ZAHIDUL,ISLAM,1955/10/01,"PK, BD",https://ws-public.interpol.int/notices/v1/red/2012-5285/images/57213753,https://ws-public.interpol.int/notices/v1/red/2012-5285/images,https://ws-public.interpol.int/notices/v1/red/2012-5285,M,,Pakistan,['BRO'],['BLA'],1.69,73.0,ENG,ISLAM may wear corrective lenses.,"1) Aggravated Indecent Assault
2) Involuntary Deviate Sexual Intercourse
3) Indecent Assault
4) Recklessly Endangering Another Person
5) Sexual Assault
6) Unlawful Restraint
7) Indecent Exposure
8) Simple Assault",United States of America,
2012/309634,MUZAMMIL,BUTT,1962/01/01,PK,,https://ws-public.interpol.int/notices/v1/red/2012-309634/images,https://ws-public.interpol.int/notices/v1/red/2012-309634,M,,Pakistan,,,0.0,0.0,"ENG, HIN",,"Kidnapping, abducting, abetment, conspiracy, wage war, possessing illegal fire arms, Murder, Attempt to murder, grievous hurt to public servant.",India,
2011/65093,FARAZ KASHIF,SHEIKH,1975/11/30,PK,https://ws-public.interpol.int/notices/v1/red/2011-65093/images/56392689,https://ws-public.interpol.int/notices/v1/red/2011-65093/images,https://ws-public.interpol.int/notices/v1/red/2011-65093,M,LAHORE,Pakistan,['BRO'],['BLA'],1.78,75.0,"ENG, URD",,Aggravated Sexual Assault of a Child Under 14 Years of Age,United States of America,
2010/43964,SYED ABDUR REHMAN,HASHIM,1971/06/05,PK,https://ws-public.interpol.int/notices/v1/red/2010-43964/images/54496311,https://ws-public.interpol.int/notices/v1/red/2010-43964/images,https://ws-public.interpol.int/notices/v1/red/2010-43964,M,LAHORE,Pakistan,['BRO'],['BLA'],1.73,65.0,"HIN, ENG, URD",,"CRIMINAL CONSPIRACY, WAGING WAR, WAR AGAINST COUNTRY, PUNISHMENT FOR TERRORIST ACT, MEMBER OF TERRORIST GANG/ ORGANIZATION.",India,
