entity_id,forename,name,date_of_birth,nationalities,thumbnail,images,self_link,sex_id,place_of_birth,country_of_birth,eyes_colors_id,hairs_id,height,weight,languages_spoken_ids,distinguishing_marks,arrest_charge,arrest_issuing_country,arrest_charge_translation
2023/19597,THANNAWAT,CHOOKIATSAKULKRAI,1995/10/24,TH,https://ws-public.interpol.int/notices/v1/red/2023-19597/images/62699468,https://ws-public.interpol.int/notices/v1/red/2023-19597/images,https://ws-public.interpol.int/notices/v1/red/2023-19597,F,,Thailand,['BLA'],['BLA'],,,"THA, ENG",The subject has a lot of chest tattoos. One of which is Hindu symbol with red lettering positioned right between her lower neck and upper chest.,Together defrauding people borrowing money which defrauds the public. Bring into the system a false statement in a manner that is likely to cause damage to the public.,Thailand,
2023/19634,PLOYTHITA,NIRAMITBOONYAWAT,1991/07/23,TH,https://ws-public.interpol.int/notices/v1/red/2023-19634/images/62699579,https://ws-public.interpol.int/notices/v1/red/2023-19634/images,https://ws-public.interpol.int/notices/v1/red/2023-19634,F,,Thailand,['BLA'],['BLA'],1.5,,"THA, ENG",,Together defrauding people borrowing money which defrauds the public. Bring into the system a false statement in a manner that is likely to cause damage to the public.,Thailand,
2022/58130,PEERAPHAT,WORASRI,1980/02/12,TH,https://ws-public.interpol.int/notices/v1/red/2022-58130/images/62535361,https://ws-public.interpol.int/notices/v1/red/2022-58130/images,https://ws-public.interpol.int/notices/v1/red/2022-58130,M,PHATTALUNG,Thailand,['BRO'],['BLA'],1.7,0.0,THA,,Murder with an intention.,Thailand,
2017/170672,PHIN,RUAMBOUR,1973/09/11,TH,https://ws-public.interpol.int/notices/v1/red/2017-170672/images/60666039,https://ws-public.interpol.int/notices/v1/red/2017-170672/images,https://ws-public.interpol.int/notices/v1/red/2017-170672,M,"SADAO, SONGKRA",Thailand,,,0.0,0.0,THA,,CARRIED OUT THE SMUGGLING OF MIGRANTS,Malaysia,
2016/34607,SUCHAT,TODIN,1990/05/16,TH,https://ws-public.interpol.int/notices/v1/red/2016-34607/images/60093535,https://ws-public.interpol.int/notices/v1/red/2016-34607/images,https://ws-public.interpol.int/notices/v1/red/2016-34607,M,SATUL PROVINCE,Thailand,,,,,THA,,CARRIED OUT THE SMUGGLING OF MIGRANTS,Malaysia,
2016/34573,SAMSUDEN,TODIN,1983/12/21,TH,https://ws-public.interpol.int/notices/v1/red/2016-34573/images/60093446,https://ws-public.interpol.int/notices/v1/red/2016-34573/images,https://ws-public.interpol.int/notices/v1/red/2016-34573,M,SATUL PROVINCE,Thailand,,,,,THA,,CARRIED OUT THE SMUGGLING OF MIGRANTS,Malaysia,
2016/34569,FARIDAH,THONGDENG,1970,TH,https://ws-public.interpol.int/notices/v1/red/2016-34569/images/60093437,https://ws-public.interpol.int/notices/v1/red/2016-34569/images,https://ws-public.interpol.int/notices/v1/red/2016-34569,F,SADAO,Thailand,,,,,THA,,CARRIED OUT THE SMUGGLING OF MIGRANTS,Malaysia,
2016/34575,JAEPA,LAPEE-EE,1967/03/01,TH,https://ws-public.interpol.int/notices/v1/red/2016-34575/images/60093451,https://ws-public.interpol.int/notices/v1/red/2016-34575/images,https://ws-public.interpol.int/notices/v1/red/2016-34575,M,,,,,,,THA,,CARRIED OUT THE SMUGGLING OF MIGRANTS,Malaysia,
2016/34626,ARUN,KAEWFANOK,1993/12/03,TH,https://ws-public.interpol.int/notices/v1/red/2016-34626/images/60093582,https://ws-public.interpol.int/notices/v1/red/2016-34626/images,https://ws-public.interpol.int/notices/v1/red/2016-34626,M,,,,,,,THA,,; CARRIED OUT THE SMUGGLING OF MIGRANTS,Malaysia,
2016/34638,SAMAN,CHELEM,1975/02/05,TH,https://ws-public.interpol.int/notices/v1/red/2016-34638/images/60093621,https://ws-public.interpol.int/notices/v1/red/2016-34638/images,https://ws-public.interpol.int/notices/v1/red/2016-34638,M,,,,,,,THA,,CARRIED OUT THE SMUGGLING OF MIGRANTS,Malaysia,
2016/34345,ABU,HA-URA,1961/03/01,TH,https://ws-public.interpol.int/notices/v1/red/2016-34345/images/60092566,https://ws-public.interpol.int/notices/v1/red/2016-34345/images,https://ws-public.interpol.int/notices/v1/red/2016-34345,M,SATUL PROVINCE,Thailand,,,0.0,0.0,THA,,CARRIED OUT THE SMUGGLING OF MIGRANTS,Malaysia,
2016/34365,ANU,TODIN,1991/04/01,TH,https://ws-public.interpol.int/notices/v1/red/2016-34365/images/60092254,https://ws-public.interpol.int/notices/v1/red/2016-34365/images,https://ws-public.interpol.int/notices/v1/red/2016-34365,M,SATUL PROVINCE,Thailand,,,,,THA,,CARRIED OUT THE SMUGGLING OF MIGRANTS,Malaysia,
