entity_id,forename,name,date_of_birth,nationalities,thumbnail,images,self_link,sex_id,place_of_birth,country_of_birth,eyes_colors_id,hairs_id,height,weight,languages_spoken_ids,distinguishing_marks,arrest_charge,arrest_issuing_country,arrest_charge_translation
2023/29511,STEFAN INGIMAR KOEPPEN,BRYNJARSSON,1975/08/17,IS,https://ws-public.interpol.int/notices/v1/red/2023-29511/images/62742029,https://ws-public.interpol.int/notices/v1/red/2023-29511/images,https://ws-public.interpol.int/notices/v1/red/2023-29511,M,REYKJAVÍK,Iceland,,,1.84,,"ICE, GER, ENG",,"Offers for sale or consumption, or works for the
distribution of, items as medicinal drugs or prophylactics against disease;
Attempt(s) to commit an act punishable under this Act;
Conspiring with another person to commit an offence.",Iceland,
