entity_id,forename,name,date_of_birth,nationalities,thumbnail,images,self_link,sex_id,place_of_birth,country_of_birth,eyes_colors_id,hairs_id,height,weight,languages_spoken_ids,distinguishing_marks,arrest_charge,arrest_issuing_country,arrest_charge_translation
2019/110606,FERENC,SUTO,1979/11/27,HU,https://ws-public.interpol.int/notices/v1/red/2019-110606/images/61598234,https://ws-public.interpol.int/notices/v1/red/2019-110606/images,https://ws-public.interpol.int/notices/v1/red/2019-110606,M,BUDAPEST,Hungary,,,,,HUN,,ARMED ROBBERY,Hungary,
2016/6006,VIKTOR MIKLOS,KOSZTADINOVSZKI,1979/05/13,HU,https://ws-public.interpol.int/notices/v1/red/2016-6006/images/59995055,https://ws-public.interpol.int/notices/v1/red/2016-6006/images,https://ws-public.interpol.int/notices/v1/red/2016-6006,M,Eger,Hungary,,,,,,,"drug trafficking, Illegal Possession of New Psychoactive Substances",Hungary,
2017/12494,CSABA,NEMETH,1978/11/11,HU,https://ws-public.interpol.int/notices/v1/red/2017-12494/images/60317639,https://ws-public.interpol.int/notices/v1/red/2017-12494/images,https://ws-public.interpol.int/notices/v1/red/2017-12494,M,Vac,Hungary,,,,,,,FRAUD COMMITTED IN CRIMINAL ASSOCIATION  to the detriment of old persons,Hungary,
2017/167505,ILDIKO,DUDAS,1988/07/19,HU,https://ws-public.interpol.int/notices/v1/red/2017-167505/images/60654901,https://ws-public.interpol.int/notices/v1/red/2017-167505/images,https://ws-public.interpol.int/notices/v1/red/2017-167505,F,TATABANYA,Hungary,,,,,HUN,,"TRADE OF DRUG AS ABETTER, POSSESSION OF DRUG AS ACCOMPLICE, ABUSE OF MINOR",Hungary,
2019/52141,LAJOS,VARGA,1967/01/20,HU,https://ws-public.interpol.int/notices/v1/red/2019-52141/images/61417168,https://ws-public.interpol.int/notices/v1/red/2019-52141/images,https://ws-public.interpol.int/notices/v1/red/2019-52141,M,CSENGER,Hungary,,,0.0,0.0,,,Child sexual exploitation and child pornography,Hungary,
2018/83810,GERGELY TIBOR,KISZELY,1973/06/06,HU,https://ws-public.interpol.int/notices/v1/red/2018-83810/images/61176473,https://ws-public.interpol.int/notices/v1/red/2018-83810/images,https://ws-public.interpol.int/notices/v1/red/2018-83810,M,Budapest,Hungary,,,,,,,"FRAUD, FORGERY OF PRIVATE DOCUMENT, BUDGET FRAUD, FRAUDULENT BANKRUPTCY",Hungary,
2012/348580,ALEXEY,TOMISONETS,1962/08/03,"RU, HU",https://ws-public.interpol.int/notices/v1/red/2012-348580/images/57855876,https://ws-public.interpol.int/notices/v1/red/2012-348580/images,https://ws-public.interpol.int/notices/v1/red/2012-348580,M,"UKRAINE SOVIET SOCIALISTIC REPUBLIC, MUKACHEVO TOWN",Ukraine,,,,,"ENG, RUS",,Fraud in a large scale,Russia,
