entity_id,forename,name,date_of_birth,nationalities,thumbnail,images,self_link,sex_id,place_of_birth,country_of_birth,eyes_colors_id,hairs_id,height,weight,languages_spoken_ids,distinguishing_marks,arrest_charge,arrest_issuing_country,arrest_charge_translation
2025/55830,SAID,ABERKANE,1982/12/28,"BE, MA",https://ws-public.interpol.int/notices/v1/red/2025-55830/images/63575139,https://ws-public.interpol.int/notices/v1/red/2025-55830/images,https://ws-public.interpol.int/notices/v1/red/2025-55830,M,Borgerhout,Belgium,,,,,,,"1. Unauthorised import, export and transport of cocaine, in association with other persons;
2. Unauthorised selling, offering for sale, delivery or supply of cannabis, in association with other persons;
3. Participation in a criminal organisation.",Belgium,
2025/40472,AYYOUB,HAMAMOUCH,1994/02/09,MA,https://ws-public.interpol.int/notices/v1/red/2025-40472/images/63514495,https://ws-public.interpol.int/notices/v1/red/2025-40472/images,https://ws-public.interpol.int/notices/v1/red/2025-40472,M,Fes,Morocco,,,,,FRE,,"Unauthorised possession, acquisition and transport of products, hostage-taking",Belgium,
2024/23382,FAYSEL,AMZAOUROU,1980/05/05,MA,https://ws-public.interpol.int/notices/v1/red/2024-23382/images/63043662,https://ws-public.interpol.int/notices/v1/red/2024-23382/images,https://ws-public.interpol.int/notices/v1/red/2024-23382,M,FATOUAKA,Morocco,,,,,,,Voluntary homicide,Belgium,
2021/78864,FAISAL,KHALDI,2000/01/07,MA,https://ws-public.interpol.int/notices/v1/red/2021-78864/images/62311315,https://ws-public.interpol.int/notices/v1/red/2021-78864/images,https://ws-public.interpol.int/notices/v1/red/2021-78864,M,Oujda,Morocco,,,,,,,MEURTRE,France,
2010/39144,LALLA BOUCHRA,LALAMI,1961/09/06,MA,https://ws-public.interpol.int/notices/v1/red/2010-39144/images/56900230,https://ws-public.interpol.int/notices/v1/red/2010-39144/images,https://ws-public.interpol.int/notices/v1/red/2010-39144,F,RABAT,Morocco,,,0.0,0.0,,,MURDER,Sweden,
2017/17383,HICHAM,EL OUAFI,1988/03/09,"FR, MA",https://ws-public.interpol.int/notices/v1/red/2017-17383/images/60334759,https://ws-public.interpol.int/notices/v1/red/2017-17383/images,https://ws-public.interpol.int/notices/v1/red/2017-17383,M,RENNES,France,,,0.0,0.0,,,TENTATIVE ASSASSINAT,France,
2011/31036,MOHAMED,AISSA,1973/08/08,MA,https://ws-public.interpol.int/notices/v1/red/2011-31036/images/60230780,https://ws-public.interpol.int/notices/v1/red/2011-31036/images,https://ws-public.interpol.int/notices/v1/red/2011-31036,M,SCHAERBEEK,Belgium,,,,,FRE,,"murder to facilitate theft, aggravated theft",Belgium,
2016/20180,OTHMANE,GALOUBY,1982/03/05,MA,https://ws-public.interpol.int/notices/v1/red/2016-20180/images/60047317,https://ws-public.interpol.int/notices/v1/red/2016-20180/images,https://ws-public.interpol.int/notices/v1/red/2016-20180,M,Casablanca,Morocco,,,,,,,Injury causing death/manslaughter/murder,Belgium,
2013/23866,SALAH,EL JAADI,1970/01/01,MA,https://ws-public.interpol.int/notices/v1/red/2013-23866/images/58470008,https://ws-public.interpol.int/notices/v1/red/2013-23866/images,https://ws-public.interpol.int/notices/v1/red/2013-23866,M,OULED YOUSSEF,Morocco,['BLA'],['BLA'],1.8,0.0,,,PARTICIPATION AT A CRIMINAL ASSOCIATION AIMED AT DRUG TRAFFICKING,Italy,
2012/304195,SAAID MOHAMMED ABDERRAHMANOULD SIDI BOUBAK,OMARI,1977/04/26,MA,https://ws-public.interpol.int/notices/v1/red/2012-304195/images/56964617,https://ws-public.interpol.int/notices/v1/red/2012-304195/images,https://ws-public.interpol.int/notices/v1/red/2012-304195,M,SETTAT,Morocco,,,0.0,0.0,,,Aggravated Drug Offence,Norway,
2001/46768,ZAKARIYA,ESSABAR,1977/04/03,MA,https://ws-public.interpol.int/notices/v1/red/2001-46768/images/60528697,https://ws-public.interpol.int/notices/v1/red/2001-46768/images,https://ws-public.interpol.int/notices/v1/red/2001-46768,M,ESSAOURIA,Morocco,['OTHD'],['BLA'],1.775,0.0,"ARA, GER, FRE",,"Preparation of a terrorist attack resulting in the death of more than 5,000 people, murder, dangerous interference with air traffic, attacks on air traffic",Germany,
2001/41909,SAID,BAHAJI,1975/07/15,"DE, MA",https://ws-public.interpol.int/notices/v1/red/2001-41909/images/52695036,https://ws-public.interpol.int/notices/v1/red/2001-41909/images,https://ws-public.interpol.int/notices/v1/red/2001-41909,M,HASELUNNE,Germany,['BRO'],['BLA'],1.88,0.0,GER,,membership of a terrorist organization coinciding with aiding and abetting murder in at least 246 cases coinciding with dangerous interference with air traffic coinciding with attack on air traffic in penal accumulation with membership of a terrorist organization abroad,Germany,
