entity_id,forename,name,date_of_birth,nationalities,thumbnail,images,self_link,sex_id,place_of_birth,country_of_birth,eyes_colors_id,hairs_id,height,weight,languages_spoken_ids,distinguishing_marks,arrest_charge,arrest_issuing_country,arrest_charge_translation
2025/36450,ALVARO OSIRIS,ACOSTA BUSTILLO,1978/02/01,"GT, HN",https://ws-public.interpol.int/notices/v1/red/2025-36450/images/63520463,https://ws-public.interpol.int/notices/v1/red/2025-36450/images,https://ws-public.interpol.int/notices/v1/red/2025-36450,M,"Goascoran,  Valle",Honduras,['BRO'],,1.7,86.0,SPA,"CICATRICES DE CORTADA EN LA FRENTE, UNA OPERACION EN EL ESTOMAGO, TATUAJES: UNA LAGRIMA EN EL OJO IZQUIERDO, EN EL ESTOMAGO UNA MANO, EN LA ESPALDA DICE M 13 S Y NY","- Asesinato 
- Tenencia Ilegal de Armas de Fuego Bélicas o de Uso Exclusivo del ejercito de Guatemala o de las fuerzas de seguridad y orden público del Estado, Explosivos, Armas químicas, biológicas, atómicas, trampas bélicas y armas experimentales.",Guatemala,
2025/29913,ABRAHAM ISAÍAS,AJANEL ELÍAS,1988/06/25,GT,https://ws-public.interpol.int/notices/v1/red/2025-29913/images/63445797,https://ws-public.interpol.int/notices/v1/red/2025-29913/images,https://ws-public.interpol.int/notices/v1/red/2025-29913,M,"Momostenango, Totonicapan",Guatemala,,,,,SPA,,"- Violación
- Violación en grado de tentativa",Guatemala,
2025/26485,FRANCISCO JAVIER,GIRÓN SAN JOSÉ,1990/04/02,GT,https://ws-public.interpol.int/notices/v1/red/2025-26485/images/63431610,https://ws-public.interpol.int/notices/v1/red/2025-26485/images,https://ws-public.interpol.int/notices/v1/red/2025-26485,M,"Salamá, Baja Verapaz",Guatemala,,,,,"ENG, SPA",,"- Violación.
- Abusos deshonestos violentos.
- Violencia Contra  la forma continuada.",Guatemala,
2024/89862,FELIPE,CUCUL TUX,1987/07/28,GT,https://ws-public.interpol.int/notices/v1/red/2024-89862/images/63314764,https://ws-public.interpol.int/notices/v1/red/2024-89862/images,https://ws-public.interpol.int/notices/v1/red/2024-89862,M,"FRAY BARTOLOME DE LAS CASAS, ALTA VERAPAZ",Guatemala,['BROD'],['BLA'],1.63,81.0,SPA,,FEMICIDIO CONSUMADO,Guatemala,
2024/88431,DANIEL JOSÉ,TZUNÚN LAJPOP,1991/12/26,GT,https://ws-public.interpol.int/notices/v1/red/2024-88431/images/63309417,https://ws-public.interpol.int/notices/v1/red/2024-88431/images,https://ws-public.interpol.int/notices/v1/red/2024-88431,M,"Momostenango, Totonicapán",Guatemala,['BLA'],['BLA'],,150.0,SPA,"Tez morena, nariz chata, frente amplia","Violacion con Agravación de la Pena, en Forma continuada.",Guatemala,
2022/85639,PEDRO,GARCIA ARREDONDO,1944/12/04,GT,https://ws-public.interpol.int/notices/v1/red/2022-85639/images/63298599,https://ws-public.interpol.int/notices/v1/red/2022-85639/images,https://ws-public.interpol.int/notices/v1/red/2022-85639,M,NUEVA SANTA ROSA,Guatemala,,,0.0,0.0,SPA,,Murder // International crimes against humanity,Belgium,
2022/86007,DONALDO,ALVAREZ RUIZ,1931/08/22,GT,https://ws-public.interpol.int/notices/v1/red/2022-86007/images/63298536,https://ws-public.interpol.int/notices/v1/red/2022-86007/images,https://ws-public.interpol.int/notices/v1/red/2022-86007,M,,,['BROD'],['YELB'],1.7,0.0,SPA,,Lifelong imprisonment,Belgium,
2024/82659,JUAN,MATUL PATZA,1978/08/08,GT,https://ws-public.interpol.int/notices/v1/red/2024-82659/images/63287271,https://ws-public.interpol.int/notices/v1/red/2024-82659/images,https://ws-public.interpol.int/notices/v1/red/2024-82659,M,"SAN FRANCISCO EL ALTO, TOTONICAPAN",Guatemala,['BRO'],['BLA'],1.5,150.0,SPA,"TEZ MORENA, NARIZ CHATA, FRENTE AMPLIA",VIOLENCIA CONTRA LA MUJER,Guatemala,
2022/85641,MANUEL ANTONIO,CALLEJAS Y CALLEJAS,1939,GT,https://ws-public.interpol.int/notices/v1/red/2022-85641/images/62992104,https://ws-public.interpol.int/notices/v1/red/2022-85641/images,https://ws-public.interpol.int/notices/v1/red/2022-85641,M,POPTUN,Guatemala,,,0.0,0.0,SPA,,"premeditated murder, torture and forced disappearance, with the circumstance that the crimes were committed in the context of a generalised or systematic attack on the civilian population, and with knowledge of said attack, and thus to be considered  crime against humanity under international law.",Belgium,
2022/85961,MANUEL BENEDICTO,LUCAS GARCIA,1932/08/24,GT,https://ws-public.interpol.int/notices/v1/red/2022-85961/images/63220964,https://ws-public.interpol.int/notices/v1/red/2022-85961/images,https://ws-public.interpol.int/notices/v1/red/2022-85961,M,POPTUN,Guatemala,,,0.0,0.0,,,"Crimes within the jurisdiction of the International Criminal Court (0030) // Murder, grievous bodily injury (0014) // Kidnapping, illegal restraint and hostage-taking (0016)",Belgium,
2022/84652,ANGEL ANIBAL,GUEVARA RODRIGUEZ,1925/10/02,GT,https://ws-public.interpol.int/notices/v1/red/2022-84652/images/62986312,https://ws-public.interpol.int/notices/v1/red/2022-84652/images,https://ws-public.interpol.int/notices/v1/red/2022-84652,M,LA DEMOCRACIA,Guatemala,,,,,SPA,,Murder // International crimes against humanity,Belgium,
2024/79715,WILFREDO LEONIDAS,HERNANDEZ BARRIOS,1982/03/28,GT,https://ws-public.interpol.int/notices/v1/red/2024-79715/images/63275801,https://ws-public.interpol.int/notices/v1/red/2024-79715/images,https://ws-public.interpol.int/notices/v1/red/2024-79715,M,,,['BLA'],['BRO'],1.6,,SPA,"Cicatrices: en el abdomen lado derecho, en el ojo lado derecho, en la ceja derecha, posee tatuajes, en la espalda XV3, una cara de diablo, en el hombro derecho una gargola en el brazo derecho. pecho lado izquierdo 18 lado derecho una bola 8, en el abdomen SPL, la cara de una mujer abdomen lado izquierdo y en la pantorrilla izquierda la cara de un payaso.","Asociación Ilícita
Asesinato
Evasión",Guatemala,
2024/66955,JESUS ALCIDES,POL INOCENTE,1997/05/02,GT,https://ws-public.interpol.int/notices/v1/red/2024-66955/images/63224710,https://ws-public.interpol.int/notices/v1/red/2024-66955/images,https://ws-public.interpol.int/notices/v1/red/2024-66955,M,MAZATENANGO SUCHITEPEQUEZ,Guatemala,['BROD'],['BLA'],1.4,140.0,SPA,LUNAR EN LA FRENTE LADO IZQUIERDO LUNAR EN LA NARIZ LADO IZQUIERDA.,EVASION,Guatemala,
2024/71960,ERICK ESTUARDO,BARRERA SIPAQUE,2002/10/23,GT,https://ws-public.interpol.int/notices/v1/red/2024-71960/images/63245307,https://ws-public.interpol.int/notices/v1/red/2024-71960/images,https://ws-public.interpol.int/notices/v1/red/2024-71960,M,"Tiquisate, Escuintla.",Guatemala,['BLA'],['OTHD'],,60.0,SPA,,Asesinato,Guatemala,
2020/53857,JULIO CESAR,MACÍAS LÓPEZ,1942/03/20,GT,https://ws-public.interpol.int/notices/v1/red/2020-53857/images/61874152,https://ws-public.interpol.int/notices/v1/red/2020-53857/images,https://ws-public.interpol.int/notices/v1/red/2020-53857,M,"Retahuleu, Retahuleu",Guatemala,['BROD'],['GRY'],1.65,80.0,SPA,,"- Asesinato
- Asesinato en grado de tentativa",Guatemala,
2024/69870,RAFAEL ANTONIO,ALVAREZ LOPEZ,1984/03/29,GT,https://ws-public.interpol.int/notices/v1/red/2024-69870/images/63237041,https://ws-public.interpol.int/notices/v1/red/2024-69870/images,https://ws-public.interpol.int/notices/v1/red/2024-69870,M,HUEHUETENANGO,Guatemala,['BRO'],['BLA'],1.7,90.0,SPA,,ASESINATO,Guatemala,
2024/69866,HECTOR LEONEL,ALVAREZ HERRERA,1961/12/19,GT,https://ws-public.interpol.int/notices/v1/red/2024-69866/images/63237034,https://ws-public.interpol.int/notices/v1/red/2024-69866/images,https://ws-public.interpol.int/notices/v1/red/2024-69866,M,HUEHUETENANGO,Guatemala,['BRO'],['WHI'],1.7,90.0,SPA,,ASESINATO,Guatemala,
2024/60402,NANCY JOHANA,AGUARE SEBASTIAN,1993/03/01,GT,https://ws-public.interpol.int/notices/v1/red/2024-60402/images/63196847,https://ws-public.interpol.int/notices/v1/red/2024-60402/images,https://ws-public.interpol.int/notices/v1/red/2024-60402,F,"Patulul, Suchitepequez",Guatemala,['BROD'],['BLA'],1.55,65.0,SPA,,"ASESINATO, regulado en el articulo 132 del codigo penal, decreto numero 17-73",Guatemala,
2024/55347,IVÁN DE JESÚS,LÓPEZ DE LEÓN,1985/01/28,GT,https://ws-public.interpol.int/notices/v1/red/2024-55347/images/63175023,https://ws-public.interpol.int/notices/v1/red/2024-55347/images,https://ws-public.interpol.int/notices/v1/red/2024-55347,M,Ciudad de Guatemala,Guatemala,['BLA'],['BLA'],1.7,82.0,SPA,,"- Violación con Agravación de la Pena.
- Plagio o Secuestro
- Robo Agravado
- Agresión Sexual 
- Asociación Ilícita.",Guatemala,
2024/55343,MEDARDO,PALENCIA CARRERA,1949/06/08,GT,https://ws-public.interpol.int/notices/v1/red/2024-55343/images/63175008,https://ws-public.interpol.int/notices/v1/red/2024-55343/images,https://ws-public.interpol.int/notices/v1/red/2024-55343,M,,,['BLA'],,,,SPA,es una persona mayor de edad,Violación con Circunstancias especiales de agravación,Guatemala,
2024/51166,NERY FERNANDO,GODOY,1988/03/28,GT,https://ws-public.interpol.int/notices/v1/red/2024-51166/images/63156661,https://ws-public.interpol.int/notices/v1/red/2024-51166/images,https://ws-public.interpol.int/notices/v1/red/2024-51166,M,"Moyuta, Jutiapa",Guatemala,['BROD'],['BLA'],1.7,90.0,SPA,Generalmente mantiene el cabello recortado tipo militar,"- Homicidio 
- Homicidio en grado de tentativa",Guatemala,
2024/50539,MAYNOR ADAN,VASQUEZ ALVAREZ,1991/02/23,GT,https://ws-public.interpol.int/notices/v1/red/2024-50539/images/63153812,https://ws-public.interpol.int/notices/v1/red/2024-50539/images,https://ws-public.interpol.int/notices/v1/red/2024-50539,M,"SAN ANDRES XECUL, TOTONICAPAN.",Guatemala,,,,,SPA,,VIOLACION CON AGRAVACION DE LA PENA CON CIRCUNSTANCIAS ESPECIALES DE AGRAVACION EN CONCURSO REAL DE DELITOS Y AGRESION SEXUAL CON AGRAVACION DE LA PENA.,Guatemala,
2024/42320,RUDY ELISEO,SANCHEZ PONCE,2004/04/28,GT,https://ws-public.interpol.int/notices/v1/red/2024-42320/images/63118916,https://ws-public.interpol.int/notices/v1/red/2024-42320/images,https://ws-public.interpol.int/notices/v1/red/2024-42320,M,"Tiquisate, Escuintla",Guatemala,['BLA'],['BLA'],1.65,70.0,SPA,,"- Asesinato 
- Asesinato en Grado de Tentativa",Guatemala,
2024/45644,BALDEMAR,MARTÍN GODÍNEZ,1990/06/19,GT,https://ws-public.interpol.int/notices/v1/red/2024-45644/images/63132596,https://ws-public.interpol.int/notices/v1/red/2024-45644/images,https://ws-public.interpol.int/notices/v1/red/2024-45644,M,"San Gaspar Ixchil, Huehuetenango",Guatemala,['BROD'],['BLA'],,,SPA,usualmente tiene barba y bigote,- Violación,Guatemala,
2024/7501,PAULO DAVID,ROSALES RIVAS,1992/06/10,GT,https://ws-public.interpol.int/notices/v1/red/2024-7501/images/62979598,https://ws-public.interpol.int/notices/v1/red/2024-7501/images,https://ws-public.interpol.int/notices/v1/red/2024-7501,M,"MUNICIPIO DE NUEVA SANTA ROSA, DEPARTAMENTO DE SANTA ROSA",Guatemala,['BRO'],['YELB'],1.8,90.0,SPA,,ASESINATO Y VIOLENCIA CONTRA LA MUJER EN SU MANIFESTACION FISICA.,Guatemala,
2024/2687,DAVID EDUARDO,SOLORZANO FLORES,1991/11/29,GT,https://ws-public.interpol.int/notices/v1/red/2024-2687/images/62961266,https://ws-public.interpol.int/notices/v1/red/2024-2687/images,https://ws-public.interpol.int/notices/v1/red/2024-2687,M,"Nueva Concepción, Escuintla",Guatemala,,,,,SPA,,"1. Asesinato 
2. Asociación Ilícita",Guatemala,
2023/78206,BRANDON ALEXIS,CASTRO ALEZANO,1993/09/14,GT,https://ws-public.interpol.int/notices/v1/red/2023-78206/images/62920120,https://ws-public.interpol.int/notices/v1/red/2023-78206/images,https://ws-public.interpol.int/notices/v1/red/2023-78206,M,MAZATENANGO SUCHITEPEQUEZ,Guatemala,['BLA'],['BRO'],1.65,95.0,SPA,,ASESINATO,Guatemala,
2023/54195,JUAN OSWALDO,CAP CAAL,1978/07/28,GT,https://ws-public.interpol.int/notices/v1/red/2023-54195/images/62831556,https://ws-public.interpol.int/notices/v1/red/2023-54195/images,https://ws-public.interpol.int/notices/v1/red/2023-54195,M,PURULHA BAJA VERAPAZ,Guatemala,,['BLA'],,,SPA,"TEZ MORENA, CEJAS POBLADAS.",FEMICIDIO,Guatemala,
2023/52394,ERVIN ROBERTO,MENDEZ BRAN,1996/10/11,GT,https://ws-public.interpol.int/notices/v1/red/2023-52394/images/62824598,https://ws-public.interpol.int/notices/v1/red/2023-52394/images,https://ws-public.interpol.int/notices/v1/red/2023-52394,M,"TIQUISATE, ESCUINTLA",Guatemala,,,,,"SPA, ENG",,HOMICIDIO,Guatemala,
2023/46449,ROSALINDA,PEREZ GOMEZ,1993/04/15,GT,https://ws-public.interpol.int/notices/v1/red/2023-46449/images/62801244,https://ws-public.interpol.int/notices/v1/red/2023-46449/images,https://ws-public.interpol.int/notices/v1/red/2023-46449,F,COMITANCILLO SAN MARCOS,Guatemala,['BLA'],['BLA'],,,SPA,,HOMICIDIO PRETERITENCIONAL,Guatemala,
2023/40394,EDDY ARMANDO,MELGAR,1987/05/14,GT,https://ws-public.interpol.int/notices/v1/red/2023-40394/images/62779723,https://ws-public.interpol.int/notices/v1/red/2023-40394/images,https://ws-public.interpol.int/notices/v1/red/2023-40394,M,ESCUINTLA,Guatemala,['BRO'],['BLA'],1.65,85.0,SPA,,"ASOCIACIÓN ILÍCITA, PLAGIO O SECUESTRO, Y LAVADO DE DINERO U OTROS ACTIVOS.",Guatemala,
2023/40388,TULIO DE JESUS,PINTO GONZÁLEZ,1995/10/10,GT,https://ws-public.interpol.int/notices/v1/red/2023-40388/images/62779708,https://ws-public.interpol.int/notices/v1/red/2023-40388/images,https://ws-public.interpol.int/notices/v1/red/2023-40388,M,"GUATEMALA, GUATEMALA",Guatemala,,,,,SPA,,PLAGIO O SECUESTRO Y ASESINATO,Guatemala,
2023/39653,MISRAEL,CARDONA CABRERA,1978/11/11,GT,https://ws-public.interpol.int/notices/v1/red/2023-39653/images/62776734,https://ws-public.interpol.int/notices/v1/red/2023-39653/images,https://ws-public.interpol.int/notices/v1/red/2023-39653,M,"COLOMBA COSTA CUCA, QUETZALTENANGO",Guatemala,['BLA'],['BLA'],,,SPA,,"1. VIOLACIÓN CON AGRAVACIÓN DE LA PENA CON CIRCUNSTANCIAS ESPECIALES DE AGRAVACIÓN
2. AGRESIÓN SEXUAL CON AGRAVACIÓN DE LA PENA
3. VIOLACIÓN CON AGRAVACIÓN DE LA PENA CON CIRCUNSTANCIAS ESPECIALES DE AGRAVACION",Guatemala,
2023/27683,JOSE EDUARDO,MACZ GUERRA,1990/09/28,GT,https://ws-public.interpol.int/notices/v1/red/2023-27683/images/62730755,https://ws-public.interpol.int/notices/v1/red/2023-27683/images,https://ws-public.interpol.int/notices/v1/red/2023-27683,M,Guatemala,Guatemala,['BROD'],['BLA'],,,SPA,,Violación con circunstancias especiales de agravación,Guatemala,
2023/12518,HECTOR ENRIQUE,ORELLANA ROSALES,1982/03/02,GT,https://ws-public.interpol.int/notices/v1/red/2023-12518/images/62674801,https://ws-public.interpol.int/notices/v1/red/2023-12518/images,https://ws-public.interpol.int/notices/v1/red/2023-12518,M,Chiquimula,Guatemala,['BRO'],['BRO'],1.66,75.0,SPA,,"Violación con Agravación de la pena en concurso real
Exhibicionismo sexuales en concurso real",Guatemala,
2023/1690,EDY JOEL,SANTIAGO RAMIREZ,1993/05/21,GT,https://ws-public.interpol.int/notices/v1/red/2023-1690/images/62637349,https://ws-public.interpol.int/notices/v1/red/2023-1690/images,https://ws-public.interpol.int/notices/v1/red/2023-1690,M,SAN JACINTO CHIQUIMULA,Guatemala,['BROD'],['BRO'],,95.0,SPA,OSTENTA BARBA DE CANDADO,FEMICIDIO,Guatemala,
2022/75845,FRANCISCO JAVIER,GARCÍA GONZÁLEZ,1981/12/05,GT,https://ws-public.interpol.int/notices/v1/red/2022-75845/images/62595942,https://ws-public.interpol.int/notices/v1/red/2022-75845/images,https://ws-public.interpol.int/notices/v1/red/2022-75845,M,"Chiquimulilla, Santa Rosa",Guatemala,,,,,SPA,,FEMICIDIO,Guatemala,
2022/75868,NICOLAS SANTIAGO,CHIYAL IXMATA,1991/07/29,GT,https://ws-public.interpol.int/notices/v1/red/2022-75868/images/62596045,https://ws-public.interpol.int/notices/v1/red/2022-75868/images,https://ws-public.interpol.int/notices/v1/red/2022-75868,M,"MUNICIPIO DE SANTA CLARA LA LAGUNA, DEPARTAMENTO DE SOLOLA",Guatemala,['BLA'],['BLA'],0.0,65.0,SPA,,"Parricidio Articulo 131 del código Penal guatemalteco, Decreto 17-73",Guatemala,
2022/75849,HENRY ABRAHAM,MORALES LEMUS,1995/04/01,GT,,https://ws-public.interpol.int/notices/v1/red/2022-75849/images,https://ws-public.interpol.int/notices/v1/red/2022-75849,M,,,,,,,SPA,,Conspiración para el Asesinato,Guatemala,
2016/11446,JUAN CARLOS,FUENTES GALLO,1977/10/23,GT,https://ws-public.interpol.int/notices/v1/red/2016-11446/images/60014332,https://ws-public.interpol.int/notices/v1/red/2016-11446/images,https://ws-public.interpol.int/notices/v1/red/2016-11446,M,Quetzaltenango,Guatemala,,,,,SPA,,FEMICIDIO,Guatemala,
2022/69242,OLIVER ENRIQUE,AROCHE HERNANDEZ,1994/06/10,GT,https://ws-public.interpol.int/notices/v1/red/2022-69242/images/62572362,https://ws-public.interpol.int/notices/v1/red/2022-69242/images,https://ws-public.interpol.int/notices/v1/red/2022-69242,M,"GUASTATOYA, EL PROGRESO",Guatemala,,,,,SPA,,VIOLACIÓN,Guatemala,
2022/58833,BYRON ESTUARDO,GALVEZ ESCOBAR,1988/03/21,GT,https://ws-public.interpol.int/notices/v1/red/2022-58833/images/62537050,https://ws-public.interpol.int/notices/v1/red/2022-58833/images,https://ws-public.interpol.int/notices/v1/red/2022-58833,M,"Coatepeque, Quetzaltenango, Guatemala",Guatemala,,,,,SPA,,Violación con Circunstancias Especiales de Agravación.,Guatemala,
2022/52998,JAIRO ARMANDO,DE LEON MATIAS,1991/12/09,GT,https://ws-public.interpol.int/notices/v1/red/2022-52998/images/62515572,https://ws-public.interpol.int/notices/v1/red/2022-52998/images,https://ws-public.interpol.int/notices/v1/red/2022-52998,M,GUATEMALA,Guatemala,,,0.0,0.0,SPA,,"Delito: Asesinato 
Tipo: Delito Calificado",Guatemala,
2022/52134,ARTURO SALOMON,LANCERO LOPEZ,1992/02/01,GT,https://ws-public.interpol.int/notices/v1/red/2022-52134/images/62512250,https://ws-public.interpol.int/notices/v1/red/2022-52134/images,https://ws-public.interpol.int/notices/v1/red/2022-52134,M,"MUNICIPIO DE COATEPEQUE, DEPARTAMENTO DE QUETZALTENANGO",Guatemala,,,0.0,0.0,SPA,,"I)VIOLENCIA EN CONTRA DE LA MUJER EN LA MODALIDAD SEXUAL EN EL ABITO PRIVADO CON SIRCUNSTANCIAS AGRAVANTES.
II)VIOLACION CON AGRAVACION DE LA PENA Y CIRCUNSTANCIAS ESPECIALES DE AGRAVACION.",Guatemala,
2022/41863,DORIAN JOSUE,TAY MIZA,1994/01/19,GT,https://ws-public.interpol.int/notices/v1/red/2022-41863/images/62474799,https://ws-public.interpol.int/notices/v1/red/2022-41863/images,https://ws-public.interpol.int/notices/v1/red/2022-41863,M,TOTONICAPAN,Guatemala,,,0.0,0.0,SPA,,FEMICIDIO,Guatemala,
2022/31350,LESTER ABIMAEL,HERNANDEZ MEDRANO,2002/05/12,GT,https://ws-public.interpol.int/notices/v1/red/2022-31350/images/62439147,https://ws-public.interpol.int/notices/v1/red/2022-31350/images,https://ws-public.interpol.int/notices/v1/red/2022-31350,M,VILLA NUEVA,Guatemala,['BLA'],['BLA'],1.68,90.0,SPA,no se le observan,FEMICIDIO,Guatemala,
2022/29933,ROLLER BRANDON,GARCIA LOPEZ,1993/03/13,GT,https://ws-public.interpol.int/notices/v1/red/2022-29933/images/62434717,https://ws-public.interpol.int/notices/v1/red/2022-29933/images,https://ws-public.interpol.int/notices/v1/red/2022-29933,M,"CUILAPA, SANTA ROSA",Guatemala,,,0.0,0.0,SPA,,ASESINATO,Guatemala,
2022/29929,JORGE MARIO,GARCIA CHACON,1973/04/30,GT,https://ws-public.interpol.int/notices/v1/red/2022-29929/images/62434710,https://ws-public.interpol.int/notices/v1/red/2022-29929/images,https://ws-public.interpol.int/notices/v1/red/2022-29929,M,"CUILAPA, SANTA ROSA",Guatemala,,,,,SPA,,COMPLICE DE ASESINATO,Guatemala,
2022/23201,EDGAR GERONIMO,MEDINA SAGUI,1988/11/24,GT,https://ws-public.interpol.int/notices/v1/red/2022-23201/images/62411397,https://ws-public.interpol.int/notices/v1/red/2022-23201/images,https://ws-public.interpol.int/notices/v1/red/2022-23201,M,"municipio de coban, departamento de alta verapaz",Guatemala,,,,,SPA,,violación con agravación de la pena y circunstancias especiales de agravación,Guatemala,
2022/10585,ROGELIO,HOM TOC,1983/06/10,GT,https://ws-public.interpol.int/notices/v1/red/2022-10585/images/62368655,https://ws-public.interpol.int/notices/v1/red/2022-10585/images,https://ws-public.interpol.int/notices/v1/red/2022-10585,M,,,,,0.0,0.0,SPA,,HOMICIDIO,Guatemala,
2022/7649,ERIK ALEXANDER,FRANCO ROJAS,1988/11/26,GT,https://ws-public.interpol.int/notices/v1/red/2022-7649/images/62357607,https://ws-public.interpol.int/notices/v1/red/2022-7649/images,https://ws-public.interpol.int/notices/v1/red/2022-7649,M,GUATEMALA,Guatemala,['BROD'],['BLA'],,,SPA,"ES TALLA L DE CAMISA, PESA 200 LIBRAS APROXIMADAMENTE",ASESINATO,Guatemala,
2022/3053,JOSÉ VENANCIO,BOROR UZ,1956/05/28,GT,https://ws-public.interpol.int/notices/v1/red/2022-3053/images/62340824,https://ws-public.interpol.int/notices/v1/red/2022-3053/images,https://ws-public.interpol.int/notices/v1/red/2022-3053,M,San Juan Sacatepéquez,Guatemala,,,,,SPA,,"Agresión Sexual en Menor o Incapaz, en la Modalidad Continuada",El Salvador,
2021/77335,CRISTIAN,LOPEZ IBAÑEZ,1988/02/03,GT,https://ws-public.interpol.int/notices/v1/red/2021-77335/images/62305833,https://ws-public.interpol.int/notices/v1/red/2021-77335/images,https://ws-public.interpol.int/notices/v1/red/2021-77335,M,SANTA CATARINA PINULA,Guatemala,,,,,SPA,,Maltrato contra personas menores de edad,Guatemala,
2021/69295,LESLY SARAI,CANAHUI MORALES,1995/11/02,GT,https://ws-public.interpol.int/notices/v1/red/2021-69295/images/62277969,https://ws-public.interpol.int/notices/v1/red/2021-69295/images,https://ws-public.interpol.int/notices/v1/red/2021-69295,F,MIXCO GUATEMALA,Guatemala,['BRO'],['BLA'],0.0,0.0,SPA,,ASESINATO Y ASOCIACIÓN ILÍCITA,Guatemala,
2021/64469,YURAN RICARDO,ZUNIGA MENDEZ,1996/01/10,GT,https://ws-public.interpol.int/notices/v1/red/2021-64469/images/62262237,https://ws-public.interpol.int/notices/v1/red/2021-64469/images,https://ws-public.interpol.int/notices/v1/red/2021-64469,M,"JUTIAPA, JUTIAPA",Guatemala,,,,,SPA,,VIOLACIÓN CON AGRAVACIÓN DE LA PENA Y CIRCUNSTANCIAS ESPECIALES DE AGRAVACIÓN EN FORMA CONTINUADA,Guatemala,
2021/52455,VICTOR MANUEL,CARRERA MARROQUIN,1972/08/18,GT,https://ws-public.interpol.int/notices/v1/red/2021-52455/images/62221225,https://ws-public.interpol.int/notices/v1/red/2021-52455/images,https://ws-public.interpol.int/notices/v1/red/2021-52455,M,"Baja Verapaz, Salamá",Guatemala,['BROL'],['BRO'],1.59,,SPA,,Homicidio,Guatemala,
2021/49642,FRANCISCO ROMÁN,RAMIREZ MATEO,1977/12/02,GT,https://ws-public.interpol.int/notices/v1/red/2021-49642/images/62210941,https://ws-public.interpol.int/notices/v1/red/2021-49642/images,https://ws-public.interpol.int/notices/v1/red/2021-49642,M,"JACALTENANGO, HUEHUETENANGO",Guatemala,['BROD'],['BLA'],0.0,0.0,SPA,,"1. Plagio o Secuestro. 
2. Trafico Ilegal de Guatemaltecos. 
3. Trata de Personas.",Guatemala,
2021/41569,TEODORO,VASQUEZ,1948/02/17,GT,https://ws-public.interpol.int/notices/v1/red/2021-41569/images/62181025,https://ws-public.interpol.int/notices/v1/red/2021-41569/images,https://ws-public.interpol.int/notices/v1/red/2021-41569,M,Guatemala,Guatemala,,,,,SPA,,Femicidio,Guatemala,
2021/35389,ENILDO BLADEMIR,LOPEZ COJOP,1987/12/27,GT,https://ws-public.interpol.int/notices/v1/red/2021-35389/images/62155384,https://ws-public.interpol.int/notices/v1/red/2021-35389/images,https://ws-public.interpol.int/notices/v1/red/2021-35389,M,"Escuintla, Alta Verapaz Santa Cruz Verapaz",Guatemala,['BROD'],['BLA'],1.7,90.0,SPA,,TRANSPORTE ILEGAL DE ESTUPEFACIENTES PSICOTROPICOS Y SUSTANCIAS CONTROLADAS (AGRAVADO),Nicaragua,
2021/33636,HERMAN FIDEL,RAMIREZ VALLADARES,1996/05/29,GT,https://ws-public.interpol.int/notices/v1/red/2021-33636/images/62147008,https://ws-public.interpol.int/notices/v1/red/2021-33636/images,https://ws-public.interpol.int/notices/v1/red/2021-33636,M,"Asunción Mita, Jutiapa",Guatemala,['BLA'],['BLA'],,,SPA,,"1. AMENAZAS
2. DISPARO DE ARMA DE FUEGO",Guatemala,
2021/33296,JOSE LUIS,CAN YAT,1990/08/18,GT,https://ws-public.interpol.int/notices/v1/red/2021-33296/images/62145893,https://ws-public.interpol.int/notices/v1/red/2021-33296/images,https://ws-public.interpol.int/notices/v1/red/2021-33296,M,"Livingston, Izabal",Guatemala,['BLA'],['BLA'],1.65,75.0,SPA,,FEMICIDIO,Guatemala,
2021/29648,MARIO ENRIQUE,CHIGUA ESCOBEDO,1991/09/01,GT,https://ws-public.interpol.int/notices/v1/red/2021-29648/images/62128838,https://ws-public.interpol.int/notices/v1/red/2021-29648/images,https://ws-public.interpol.int/notices/v1/red/2021-29648,M,,,['BRO'],['BLA'],1.65,76.0,SPA,Cicatriz ceja lado izquierdo.,Homicidio,Guatemala,
2021/14614,AURELIO DE JESÚS,BARRIOS DE LEON,1994/10/10,GT,https://ws-public.interpol.int/notices/v1/red/2021-14614/images/62035116,https://ws-public.interpol.int/notices/v1/red/2021-14614/images,https://ws-public.interpol.int/notices/v1/red/2021-14614,M,San Marcos,Guatemala,,,,,SPA,,Homicidio,Guatemala,
2016/57298,DEHIBY VERALIZ,MARTINEZ BRACAMONTE,1985/06/05,GT,https://ws-public.interpol.int/notices/v1/red/2016-57298/images/62036030,https://ws-public.interpol.int/notices/v1/red/2016-57298/images,https://ws-public.interpol.int/notices/v1/red/2016-57298,F,"BARRIO SAN JUAN, PETEN",Guatemala,['BLA'],['BLA'],0.0,0.0,SPA,,PARRICIDIO,Guatemala,
2021/1963,SANDRA REBECA,VASQUEZ LUCERO,1973/02/21,GT,https://ws-public.interpol.int/notices/v1/red/2021-1963/images/61990643,https://ws-public.interpol.int/notices/v1/red/2021-1963/images,https://ws-public.interpol.int/notices/v1/red/2021-1963,F,"ASUNCION MITA, JUTIAPA",Guatemala,,,,,"ENG, SPA",,Asesinato,Guatemala,
2020/81295,WILSON ESTUARDO,ITZEP POMA,1983/07/24,GT,https://ws-public.interpol.int/notices/v1/red/2020-81295/images/61965477,https://ws-public.interpol.int/notices/v1/red/2020-81295/images,https://ws-public.interpol.int/notices/v1/red/2020-81295,M,"Chisec, Alta Verapaz",Guatemala,['BLA'],['BLA'],,,SPA,,Tráfico Ilegal de Personas,El Salvador,
2020/75781,JOSE ANTONIO,SALAZAR LOPEZ,1967/04/25,GT,https://ws-public.interpol.int/notices/v1/red/2020-75781/images/61949539,https://ws-public.interpol.int/notices/v1/red/2020-75781/images,https://ws-public.interpol.int/notices/v1/red/2020-75781,M,"Tiquisate, Escuintla",Guatemala,['BLA'],['BLA'],,,SPA,,Tráfico Ilegal de personas.,El Salvador,
2020/65887,MEDARDO GREGORIO,GUTIERREZ,1951/06/08,GT,https://ws-public.interpol.int/notices/v1/red/2020-65887/images/61915927,https://ws-public.interpol.int/notices/v1/red/2020-65887/images,https://ws-public.interpol.int/notices/v1/red/2020-65887,M,"Jalapa, San Pedro Pinula, Guatemala",Guatemala,['BLA'],['BLA'],,,SPA,,Tráfico Ilegal de Personas y Trata de Personas,El Salvador,
2020/63014,VALENTIN,LOPEZ MATEO,1986/01/30,GT,https://ws-public.interpol.int/notices/v1/red/2020-63014/images/61906449,https://ws-public.interpol.int/notices/v1/red/2020-63014/images,https://ws-public.interpol.int/notices/v1/red/2020-63014,M,Departamento de Chiquimula,Guatemala,['BRO'],['BLA'],,,SPA,,Femicidio en Grado de Tentativa,Guatemala,
2019/98704,AVELARDO HUMBERTO,ROBLERO DIAZ,1952/11/16,GT,https://ws-public.interpol.int/notices/v1/red/2019-98704/images/61560092,https://ws-public.interpol.int/notices/v1/red/2019-98704/images,https://ws-public.interpol.int/notices/v1/red/2019-98704,M,"SAN JOSE OJETENAM, SAN MARCOS",Guatemala,['BRO'],['BLA'],,,,,HOMICIDIO,Guatemala,
2019/85853,ESDRAS JOSUE,LOPEZ MOTA,1990/05/17,GT,https://ws-public.interpol.int/notices/v1/red/2019-85853/images/61521865,https://ws-public.interpol.int/notices/v1/red/2019-85853/images,https://ws-public.interpol.int/notices/v1/red/2019-85853,M,"JOYABAJ, QUICHE",Guatemala,['BROD'],['BLA'],,,SPA,,Violación con Agravación de la Pena y Circuntancias Especiales de Agrevación.,Guatemala,
2019/70334,LUIS FRANCISCO,GARCIA REYES,1973/10/09,GT,https://ws-public.interpol.int/notices/v1/red/2019-70334/images/61476592,https://ws-public.interpol.int/notices/v1/red/2019-70334/images,https://ws-public.interpol.int/notices/v1/red/2019-70334,M,GUATEMALA,Guatemala,,,,,SPA,,TRAFICO ILICITO DE DROGAS,El Salvador,
2019/67779,ELMAN ERIZÓNDO,CASTILLO HERNÁNDEZ,1985/07/23,GT,https://ws-public.interpol.int/notices/v1/red/2019-67779/images/61467569,https://ws-public.interpol.int/notices/v1/red/2019-67779/images,https://ws-public.interpol.int/notices/v1/red/2019-67779,M,"Santa María Ixhuatan, Santa Rosa",Guatemala,['BROD'],['BLA'],,,SPA,,Femicidio,Guatemala,
2019/67783,SERGIO AUDDÍ,CASTILLO HERNÁNDEZ,1990/06/20,GT,https://ws-public.interpol.int/notices/v1/red/2019-67783/images/61467580,https://ws-public.interpol.int/notices/v1/red/2019-67783/images,https://ws-public.interpol.int/notices/v1/red/2019-67783,M,"Santa María Ixhuatán, Santa Rosa.",Guatemala,['BLA'],['BLA'],,,SPA,,Femicidio,Guatemala,
2019/67775,ELDER FRANCISCO,GATICA DIVAS,1992/11/25,GT,https://ws-public.interpol.int/notices/v1/red/2019-67775/images/61467543,https://ws-public.interpol.int/notices/v1/red/2019-67775/images,https://ws-public.interpol.int/notices/v1/red/2019-67775,M,Santa Rosa,Guatemala,['BROD'],['BLA'],,,SPA,,Asesinato y Asesinato en grado de tentativa,Guatemala,
2019/54861,EDRAS EMANUEL,ROJAS CARRILLO,1999/08/04,GT,https://ws-public.interpol.int/notices/v1/red/2019-54861/images/61426169,https://ws-public.interpol.int/notices/v1/red/2019-54861/images,https://ws-public.interpol.int/notices/v1/red/2019-54861,M,ESCUINTLA,Guatemala,['BRO'],['BLA'],,,SPA,,asesinato en grado tentativa,Guatemala,
2019/52331,MANUELA,TZOC MONZON,1991/01/05,GT,https://ws-public.interpol.int/notices/v1/red/2019-52331/images/61419356,https://ws-public.interpol.int/notices/v1/red/2019-52331/images,https://ws-public.interpol.int/notices/v1/red/2019-52331,F,"SANTA CATARINA IXTAHUACAN, SOLOLA",Guatemala,['BROD'],['BLA'],0.0,0.0,SPA,,Homicidio,Guatemala,
2019/52289,ISAAC,COTIY GUARCHAJ,1990/11/28,GT,https://ws-public.interpol.int/notices/v1/red/2019-52289/images/61417651,https://ws-public.interpol.int/notices/v1/red/2019-52289/images,https://ws-public.interpol.int/notices/v1/red/2019-52289,M,Guatemala,Guatemala,['BROD'],['BLA'],,,SPA,,Homicidio,Guatemala,
2019/38494,CARLOS,CANIL BERNARDO,1980/08/01,GT,https://ws-public.interpol.int/notices/v1/red/2019-38494/images/61371676,https://ws-public.interpol.int/notices/v1/red/2019-38494/images,https://ws-public.interpol.int/notices/v1/red/2019-38494,M,"CHICHICASTENANGO, EL QUICHE",Guatemala,['BLA'],['BLA'],0.0,0.0,SPA,,"a)Robo Agravado
b)de los hechos sacrílegos",Guatemala,
2019/29087,TORIBIO,AMADOR AVALOS,1983/04/16,GT,https://ws-public.interpol.int/notices/v1/red/2019-29087/images/61341012,https://ws-public.interpol.int/notices/v1/red/2019-29087/images,https://ws-public.interpol.int/notices/v1/red/2019-29087,M,"Camotan, Chiquimula",Guatemala,['BROD'],['BLA'],,,SPA,,Femicidio,Guatemala,
2019/17182,EDVIN RENE,CARRILLO ESCOBAR,1971/01/20,GT,https://ws-public.interpol.int/notices/v1/red/2019-17182/images/61281296,https://ws-public.interpol.int/notices/v1/red/2019-17182/images,https://ws-public.interpol.int/notices/v1/red/2019-17182,M,"JUTIAPA, MOYUTA",Guatemala,['BLA'],['BLA'],,,SPA,,"ACTOS PREPARATORIOS, PROPOSICION, CONSPIRACION Y ASOCIACIONES DELICTIVAS.",El Salvador,
2019/17157,ROBERTO CARLOS,OLLAS,1976/08/06,GT,https://ws-public.interpol.int/notices/v1/red/2019-17157/images/61281219,https://ws-public.interpol.int/notices/v1/red/2019-17157/images,https://ws-public.interpol.int/notices/v1/red/2019-17157,M,"JALAPA, SAN MANUEL CHAPARRON",Guatemala,['BLA'],['BLA'],,,SPA,,"ACTOS PREPARATORIOS, PROPOSICION, CONSPIRACION Y ASOCIACIONES DELICTIVAS.",El Salvador,
2019/17184,MARIA ANTONIA,LIMA,1972/04/25,GT,https://ws-public.interpol.int/notices/v1/red/2019-17184/images/61281305,https://ws-public.interpol.int/notices/v1/red/2019-17184/images,https://ws-public.interpol.int/notices/v1/red/2019-17184,F,"JUTIAPA, COMAPA",Guatemala,['BLA'],['BLA'],,,SPA,,"ACTOS PREPARATORIOS, PROPOSICION, CONSPIRACION Y ASOCIACIONES DELICTIVAS.",El Salvador,
2019/15275,VICTOR ALEJANDRO,DEL CID MONTERROSO,1983/09/14,GT,https://ws-public.interpol.int/notices/v1/red/2019-15275/images/61275298,https://ws-public.interpol.int/notices/v1/red/2019-15275/images,https://ws-public.interpol.int/notices/v1/red/2019-15275,M,Guatemala,Guatemala,,,,,SPA,,cooperación en la evasión y falsedad material,Guatemala,
2019/15273,GREGORIO,LUCIANO MIGUEL,1970/05/23,GT,https://ws-public.interpol.int/notices/v1/red/2019-15273/images/61275292,https://ws-public.interpol.int/notices/v1/red/2019-15273/images,https://ws-public.interpol.int/notices/v1/red/2019-15273,M,"SAN PEDRO SOLOMA, HUEHUETENANGO",Guatemala,,,,,SPA,,EVASION,Guatemala,
2019/13830,ELBIN STEYMAN,HERRERA ALVAREZ,1979/09/18,GT,https://ws-public.interpol.int/notices/v1/red/2019-13830/images/61271084,https://ws-public.interpol.int/notices/v1/red/2019-13830/images,https://ws-public.interpol.int/notices/v1/red/2019-13830,M,"SALAMA, BAJA VERAPAZ",Guatemala,['BRO'],['BLA'],1.75,81.0,SPA,,"ASESINATO 
ASESINATO EN GRADO DE TENTATIVA
ASOCIACION ILICITA",Guatemala,
2018/90845,KAMILO JOSE,RIVERA GALVEZ,1979/08/13,GT,https://ws-public.interpol.int/notices/v1/red/2018-90845/images/61198674,https://ws-public.interpol.int/notices/v1/red/2018-90845/images,https://ws-public.interpol.int/notices/v1/red/2018-90845,M,"San Marcos, San Marcos",Guatemala,,,,,,,Ejecución Extrajudicial,Guatemala,
2018/73926,WILLY WALDEMAR,ZAPATA SAGASTUME,1957/02/01,GT,https://ws-public.interpol.int/notices/v1/red/2018-73926/images/61146907,https://ws-public.interpol.int/notices/v1/red/2018-73926/images,https://ws-public.interpol.int/notices/v1/red/2018-73926,M,Guatemala,Guatemala,['BRO'],['BLA'],1.8,,"SPA, ENG",utiliza bigote,"Casos Especiales de Estafa, Intermediación Financiera, Lavado de Dinero u Otros Activos, Omisión de Denuncia, Incumplimiento de Deberes.",Guatemala,
2018/63893,HERBERT ESTUARDO,GUERRA CRUZ,1987/09/14,GT,https://ws-public.interpol.int/notices/v1/red/2018-63893/images/61116316,https://ws-public.interpol.int/notices/v1/red/2018-63893/images,https://ws-public.interpol.int/notices/v1/red/2018-63893,M,Guatemala,Guatemala,,,,,SPA,,ASOCIACIÓN ILICITA Y LAVADO DE DINERO U OTROS ACTIVOS,Guatemala,
2018/60589,DAVID TERESO,MACARIO LÓPEZ,1982/10/15,GT,https://ws-public.interpol.int/notices/v1/red/2018-60589/images/61106231,https://ws-public.interpol.int/notices/v1/red/2018-60589/images,https://ws-public.interpol.int/notices/v1/red/2018-60589,M,"Tejutla, San Marcos",Guatemala,,,,,SPA,,Asesinato,Guatemala,
2018/60585,ERICKA IRIS,GOMEZ CASTAÑÓN DE MACARIO,1989/03/14,GT,https://ws-public.interpol.int/notices/v1/red/2018-60585/images/61106223,https://ws-public.interpol.int/notices/v1/red/2018-60585/images,https://ws-public.interpol.int/notices/v1/red/2018-60585,F,"Tejutla, San Marcos",Guatemala,,,,,SPA,,Asesinato,Guatemala,
2018/47576,CRUZ,BARRIENTOS DARDON,1983/05/03,GT,https://ws-public.interpol.int/notices/v1/red/2018-47576/images/61061798,https://ws-public.interpol.int/notices/v1/red/2018-47576/images,https://ws-public.interpol.int/notices/v1/red/2018-47576,M,"Guastatoya, EL Progreso",Guatemala,['BROD'],['BLA'],,,SPA,,Asesinato,Guatemala,
2018/47594,DAVID,RAUDA CARIAS,1998/05/23,GT,https://ws-public.interpol.int/notices/v1/red/2018-47594/images/61061852,https://ws-public.interpol.int/notices/v1/red/2018-47594/images,https://ws-public.interpol.int/notices/v1/red/2018-47594,M,"Moyuta, Jutiapa",Guatemala,['BRO'],['BLA'],,,SPA,,Asesinato,Guatemala,
2018/47598,RAUL ANTONIO,RAUDA CARIAS,1993/03/20,GT,https://ws-public.interpol.int/notices/v1/red/2018-47598/images/61061864,https://ws-public.interpol.int/notices/v1/red/2018-47598/images,https://ws-public.interpol.int/notices/v1/red/2018-47598,M,"Moyuta, Jutiapa",Guatemala,,,,,SPA,,Asesinato,Guatemala,
2018/46915,BANNY YHANS,ZAMBRANO LLAMAS,1988/03/25,GT,https://ws-public.interpol.int/notices/v1/red/2018-46915/images/61059487,https://ws-public.interpol.int/notices/v1/red/2018-46915/images,https://ws-public.interpol.int/notices/v1/red/2018-46915,M,GUATEMALA,Guatemala,,,,,SPA,,FEMICIDIO,Guatemala,
2018/45158,PEDRO,CUXUM ALVARADO,1956/11/04,GT,https://ws-public.interpol.int/notices/v1/red/2018-45158/images/61053745,https://ws-public.interpol.int/notices/v1/red/2018-45158/images,https://ws-public.interpol.int/notices/v1/red/2018-45158,M,GUATEMALA,Guatemala,,,0.0,0.0,,,contra los deberes de la humanidad,Guatemala,
2018/38707,JORGE DANIEL,LOPEZ VILLALTA,1996/07/20,GT,https://ws-public.interpol.int/notices/v1/red/2018-38707/images/61032611,https://ws-public.interpol.int/notices/v1/red/2018-38707/images,https://ws-public.interpol.int/notices/v1/red/2018-38707,M,,,,,,,SPA,,"Asesinato
Robo Agravado",Guatemala,
2018/31473,JOAQUIN EDMUNDO,VALLADARES AGUIRRE,1982/09/07,GT,https://ws-public.interpol.int/notices/v1/red/2018-31473/images/61008901,https://ws-public.interpol.int/notices/v1/red/2018-31473/images,https://ws-public.interpol.int/notices/v1/red/2018-31473,M,"Panzos, Alta Verapaz",Guatemala,,,,,SPA,,Asesinato,Guatemala,
2018/16680,JOSE MANUEL,OHAJACA RAMOS,1948/12/31,GT,https://ws-public.interpol.int/notices/v1/red/2018-16680/images/60967691,https://ws-public.interpol.int/notices/v1/red/2018-16680/images,https://ws-public.interpol.int/notices/v1/red/2018-16680,M,"municipio de Jocotan, departamento de Chiquimula",Guatemala,,,,,SPA,,Asesinato,Guatemala,
2018/13434,FERNANDO,MUÑOZ SINAR,1982/04/10,GT,https://ws-public.interpol.int/notices/v1/red/2018-13434/images/60957212,https://ws-public.interpol.int/notices/v1/red/2018-13434/images,https://ws-public.interpol.int/notices/v1/red/2018-13434,M,GUATEMALA,Guatemala,,,0.0,0.0,,,"Evasion, pendiente de iniciar debate oral y publico por 133 asesinatos y 43 asesinatos en grados de tentativa.",Guatemala,
2018/13442,HANSK LUDOVIN,FLORES QUINTANILLA,1981/03/23,GT,https://ws-public.interpol.int/notices/v1/red/2018-13442/images/60957233,https://ws-public.interpol.int/notices/v1/red/2018-13442/images,https://ws-public.interpol.int/notices/v1/red/2018-13442,M,Izabal,Guatemala,,,,,SPA,,"Evacion, Pendiente de inicio de debate oral y publico por 133 asesinatos y 43 asesinatos en grado de tentativa.",Guatemala,
2018/6745,MARINO EVERILDO,BARRIOS VELASQUEZ,1989/07/05,GT,https://ws-public.interpol.int/notices/v1/red/2018-6745/images/60927689,https://ws-public.interpol.int/notices/v1/red/2018-6745/images,https://ws-public.interpol.int/notices/v1/red/2018-6745,M,"Tacana, San Marcos",Guatemala,['BLA'],['BLA'],1.62,75.0,SPA,,Femicidio,Guatemala,
2018/2428,LUIS ALEJANDRO,OROZCO VARGAS,1972/10/09,GT,https://ws-public.interpol.int/notices/v1/red/2018-2428/images/60916762,https://ws-public.interpol.int/notices/v1/red/2018-2428/images,https://ws-public.interpol.int/notices/v1/red/2018-2428,M,San Luis Peten,Guatemala,['BRO'],['BLA'],,95.0,SPA,"color de tez, blanca, cejas y barba pobladas cicatriz entre frente y ceja izquierda por accidente automovilístico",asocicacion ilicta delictivas u comercio trafico y alamcenamiento ilicito,Guatemala,
2017/199024,HECTOR AUGUSTO,BARRIENTOS BLANCO,1979/06/15,GT,https://ws-public.interpol.int/notices/v1/red/2017-199024/images/61279564,https://ws-public.interpol.int/notices/v1/red/2017-199024/images,https://ws-public.interpol.int/notices/v1/red/2017-199024,M,,Guatemala,['BLA'],['BLA'],0.0,0.0,SPA,,"LAVADO DE DINERO, TRÁFICO DE ESTUPEFACIENTE  PSICOTROPICOS Y OTRAS SUSTANCIAS  CONTROLADAS, MODALIDAD INTERNACIONAL.",Nicaragua,
2017/195372,OSCAR SAMUEL,REYES SIS,1987/11/21,GT,https://ws-public.interpol.int/notices/v1/red/2017-195372/images/60730992,https://ws-public.interpol.int/notices/v1/red/2017-195372/images,https://ws-public.interpol.int/notices/v1/red/2017-195372,M,GUATEMALA,Guatemala,,,,,SPA,,EVASION,El Salvador,
2017/187584,FREDY MARIONY,ALVARADO CALDERON,1980/11/25,GT,https://ws-public.interpol.int/notices/v1/red/2017-187584/images/60706964,https://ws-public.interpol.int/notices/v1/red/2017-187584/images,https://ws-public.interpol.int/notices/v1/red/2017-187584,M,,Guatemala,,,,,SPA,,Asesinato y Asesinato en Grado Tentativa,Guatemala,
2016/32169,JORGE FELIPE,DUARTE SEGURA,1984/05/12,GT,https://ws-public.interpol.int/notices/v1/red/2016-32169/images/60085158,https://ws-public.interpol.int/notices/v1/red/2016-32169/images,https://ws-public.interpol.int/notices/v1/red/2016-32169,M,"Puerto de San Jose, Escuintla",Guatemala,,,,,SPA,,Robo Agravado en Grado de Tentativa y Asesinato,Guatemala,
2017/11412,BYRON EDUARDO,ABALONY VARGAS,1971/12/17,GT,https://ws-public.interpol.int/notices/v1/red/2017-11412/images/60313610,https://ws-public.interpol.int/notices/v1/red/2017-11412/images,https://ws-public.interpol.int/notices/v1/red/2017-11412,M,"ZACAPA, GAUTEMALA",Guatemala,,,0.0,0.0,SPA,,"Asesinato, Conspiración y Asociación Ilícita.",Guatemala,
2017/11440,JORGE ESTUARDO,MONTIEL MARIN,1982/02/14,GT,https://ws-public.interpol.int/notices/v1/red/2017-11440/images/60313706,https://ws-public.interpol.int/notices/v1/red/2017-11440/images,https://ws-public.interpol.int/notices/v1/red/2017-11440,M,"Zacapa, Gautemala",Guatemala,,,,,SPA,,Asociación Ilícita,Guatemala,
2017/11434,NIDIA FLORINDA,MARIN SOLORZANO,1950/11/24,GT,https://ws-public.interpol.int/notices/v1/red/2017-11434/images/60313687,https://ws-public.interpol.int/notices/v1/red/2017-11434/images,https://ws-public.interpol.int/notices/v1/red/2017-11434,F,"ZACAPA, GAUTEMALA",Guatemala,,,0.0,0.0,SPA,,Encubrimiento Propio,Guatemala,
2017/5481,MIGUEL ANTONIO,DIAZ REYNA,1979/10/21,GT,https://ws-public.interpol.int/notices/v1/red/2017-5481/images/60291251,https://ws-public.interpol.int/notices/v1/red/2017-5481/images,https://ws-public.interpol.int/notices/v1/red/2017-5481,M,JUTIAPA ASUNCION MITA,Guatemala,,,0.0,0.0,SPA,,trata de personas,Guatemala,
2017/4590,HENRY OMAR,GONZALEZ  MORALES,1980/06/06,GT,https://ws-public.interpol.int/notices/v1/red/2017-4590/images/60291307,https://ws-public.interpol.int/notices/v1/red/2017-4590/images,https://ws-public.interpol.int/notices/v1/red/2017-4590,M,GUATEMALA,Guatemala,,,0.0,0.0,SPA,,agresion sexuAl y violacion en concurso real,Guatemala,
2016/76925,JUAN,VALENCIA OSORIO,1951/10/24,GT,https://ws-public.interpol.int/notices/v1/red/2016-76925/images/60237955,https://ws-public.interpol.int/notices/v1/red/2016-76925/images,https://ws-public.interpol.int/notices/v1/red/2016-76925,M,Ciudad de Guatemala,Guatemala,['BRO'],['GRYG'],1.72,72.0,SPA,,Asesinato,Guatemala,
2016/41396,DANIEL EDUARDO,MARTINEZ PEREZ,1981/05/28,GT,https://ws-public.interpol.int/notices/v1/red/2016-41396/images/60116244,https://ws-public.interpol.int/notices/v1/red/2016-41396/images,https://ws-public.interpol.int/notices/v1/red/2016-41396,M,CIUDAD DE GUATEMALA,Guatemala,['BROH'],['BRO'],,,SPA,,"LAVADO DE DINERO U OTROS ACTIVOS
ESTAFA MEDIANTE INFORMACION CONTABLE
CONSPIRACION PARA EL LAVADO DE DINERO U OTROS ACTIVOS
ASOCIACION ILICITA",Guatemala,
2016/41410,JORGE ESTUARDO,MANCILLA TELLO,1964/06/12,GT,https://ws-public.interpol.int/notices/v1/red/2016-41410/images/60641819,https://ws-public.interpol.int/notices/v1/red/2016-41410/images,https://ws-public.interpol.int/notices/v1/red/2016-41410,M,CIUDAD DE GUATEMALA,Guatemala,['GRE'],['BRO'],0.0,0.0,SPA,TEZ MORENA,"ASOCIACION ILICITA
LAVADO DE DINERO U OTROS ACTIVOS
CASO ESPECIAL DE ESTAFA
INTERMEDIACION FINANCIERA
CONSPIRACION PARA EL LAVADO DE DINERO U OTROS ACTIVOS",Guatemala,
2016/18217,WERNER,GOMEZ SANDOVAL,1976/09/17,GT,https://ws-public.interpol.int/notices/v1/red/2016-18217/images/60040131,https://ws-public.interpol.int/notices/v1/red/2016-18217/images,https://ws-public.interpol.int/notices/v1/red/2016-18217,M,GUATEMALA,Guatemala,['BROH'],['REDA'],1.76,,SPA,,"ASESINATO, ASESINATO EN GRADO DE TENTATIVA, ASOCIACION ILICITA.",Guatemala,
2015/19158,ERWIN ELIAZAR,FIGUEROA MORAGA,1987/05/07,GT,https://ws-public.interpol.int/notices/v1/red/2015-19158/images/59752128,https://ws-public.interpol.int/notices/v1/red/2015-19158/images,https://ws-public.interpol.int/notices/v1/red/2015-19158,M,MUNICIPIO DE CHINAUTLA,Guatemala,,,0.0,0.0,SPA,,"ASESINATO, ASESINATO EN GRADO DE TENTATIVA, Y ASOCIACION ILICITA.",Guatemala,
2015/15703,DONALDO,ALVAREZ RUIZ,1931/08/22,GT,https://ws-public.interpol.int/notices/v1/red/2015-15703/images/59741390,https://ws-public.interpol.int/notices/v1/red/2015-15703/images,https://ws-public.interpol.int/notices/v1/red/2015-15703,M,GUATEMALA,Guatemala,['BRO'],['BRO'],1.73,,SPA,"2 cicatrices visibles en la frente, color de la tez morena, cabello lacio.","Asesinato, Delitos Contra los Deberes de Humanidad",Guatemala,
2015/960,RICARDO FERMIN,SUÑE GIRON,1990/12/04,GT,https://ws-public.interpol.int/notices/v1/red/2015-960/images/59691990,https://ws-public.interpol.int/notices/v1/red/2015-960/images,https://ws-public.interpol.int/notices/v1/red/2015-960,M,MUNICIPIO DE GUATEMALA DEPARTAMENTO GUATEMALA,Guatemala,,,0.0,0.0,SPA,,Robo Agravado,Guatemala,
2015/800,OLGER DANILO,PINEDA VILLEDA,1990/04/23,GT,https://ws-public.interpol.int/notices/v1/red/2015-800/images/59691530,https://ws-public.interpol.int/notices/v1/red/2015-800/images,https://ws-public.interpol.int/notices/v1/red/2015-800,M,MUNICIPIO DE MORALES DEPARTAMENTO DE IZABAL,Guatemala,,,0.0,0.0,SPA,,"Asociacion Ilicita, Asesinato, Desaparicion Forzada, Robo Agravado, Allanamiento con Agravacion Especifica en Forma Continuada, Conspiracion para el Robo Agravado, Secuestro.",Guatemala,
2014/29434,ESTEBAN DANUBIO,MATAMOROS CASTILLO,1968/08/03,GT,https://ws-public.interpol.int/notices/v1/red/2014-29434/images/59512096,https://ws-public.interpol.int/notices/v1/red/2014-29434/images,https://ws-public.interpol.int/notices/v1/red/2014-29434,M,"MUNICIPIO DE SANTA ANA HUISTA, DEPARTAMENTO DE HUEHUETENANGO",Guatemala,['BRO'],['BLA'],1.75,80.0,SPA,,"Conspiración para el Comercio, Tráfico y Almacenamiento Ilícito, Desaparición Forzada, Obstrucción de Justicia.",Guatemala,
2014/10760,DAVID,ALDANA,1973/12/02,GT,https://ws-public.interpol.int/notices/v1/red/2014-10760/images/59433258,https://ws-public.interpol.int/notices/v1/red/2014-10760/images,https://ws-public.interpol.int/notices/v1/red/2014-10760,M,"HUITE, ZACAPA,",Guatemala,['BRO'],['BLA'],1.85,100.0,SPA,,"1) Conspiracy to distribute and possess with intent to distribute in excess of 50 kilograms of cocaine
2) Possession with intent to distribute in excess of 500 grams of cocaine
3) Possession with intent to distribute in excess of two kilograms of cocaine
4) Money laundering
5) Use of a communications facility to facilitate the commission of a felony (3 counts)",United States of America,
2013/42277,CARLOS ENRIQUE,LOWENTHAL ARCEYUZ,1957/02/21,GT,https://ws-public.interpol.int/notices/v1/red/2013-42277/images/61378726,https://ws-public.interpol.int/notices/v1/red/2013-42277/images,https://ws-public.interpol.int/notices/v1/red/2013-42277,M,CIUDAD DE GUATEMALA,Guatemala,,,0.0,0.0,SPA,,"Estafa Propia, comete estafa quien induciendo a error a otro mendiante ardid o engaño lo defraudare en su patrimonio",Guatemala,
2013/42524,SERGIO,MORAN RECINOS,1984/09/13,GT,https://ws-public.interpol.int/notices/v1/red/2013-42524/images/58843521,https://ws-public.interpol.int/notices/v1/red/2013-42524/images,https://ws-public.interpol.int/notices/v1/red/2013-42524,M,,,,['BLA'],,,,,Murder,Belize,
2009/27257,VITALINO,GOMEZ-CARRETO,1984/10/16,GT,https://ws-public.interpol.int/notices/v1/red/2009-27257/images/57988690,https://ws-public.interpol.int/notices/v1/red/2009-27257/images,https://ws-public.interpol.int/notices/v1/red/2009-27257,M,,Guatemala,['BRO'],['BLA'],1.68,68.0,SPA,"GOMEZ-CARRETO has a tattoo on left arm, and may weigh between 59 and 68 kilograms.","1) Murder 
2) Using a firearm in the commission of murder and maiming (3 counts)
3) Shooting with intent to maim, disfigure, disable, or kill (2 counts)",United States of America,
2012/328918,MARCO ANTONIO,ZAZUETA AGUILAR,1962/03/08,GT,https://ws-public.interpol.int/notices/v1/red/2012-328918/images/60668980,https://ws-public.interpol.int/notices/v1/red/2012-328918/images,https://ws-public.interpol.int/notices/v1/red/2012-328918,M,GUATEMALA,Guatemala,['BRO'],['GRYG'],1.9,76.0,SPA,NO TIENE,"TENENCIA, PORTACIÓN O CONDUCCIÓN DE ARMAS DE GUERRA Y POSECIÓN Y TENENCIA DE DROGA.",El Salvador,
2012/298301,FRANCIS JOEL,MOTA GOMEZ,1968/03/01,GT,https://ws-public.interpol.int/notices/v1/red/2012-298301/images/56872154,https://ws-public.interpol.int/notices/v1/red/2012-298301/images,https://ws-public.interpol.int/notices/v1/red/2012-298301,M,"SUCHITEPEQUEZ, GUATEMALA",Guatemala,['BRO'],['BLA'],1.64,0.0,SPA,,"CONSPIRACIÓN, ASOCIACIÓN ILÍCITA, COMERCIO, TRÁFICO Y ALMACENAMIENTO ILÍCITO, ASOCIACIÓN DELICTIVA.",Guatemala,
2012/298305,DONALDO,FERNANDEZ PAZ,1969/02/27,GT,https://ws-public.interpol.int/notices/v1/red/2012-298305/images/56872275,https://ws-public.interpol.int/notices/v1/red/2012-298305/images,https://ws-public.interpol.int/notices/v1/red/2012-298305,M,COBÁN ALTA VERAPAZ,Guatemala,['BRO'],,1.72,0.0,SPA,,"CONSPIRACIÓN, ASOCIACIÓN ILÍCITA, COMERCIO, TRÁFICO Y ALMACENAMIENTO ILÍCITO, ASOCIACIÓN DELICTIVA.",Guatemala,
2012/298048,LUIS ALBERTO,DE LEÓN SANCHEZ,1981/05/22,GT,https://ws-public.interpol.int/notices/v1/red/2012-298048/images/56870059,https://ws-public.interpol.int/notices/v1/red/2012-298048/images,https://ws-public.interpol.int/notices/v1/red/2012-298048,M,,,['BRO'],,1.63,,SPA,,"Conspiración, asociación ilícita, comercio, tráfico y almacenamiento ilícito, asociación delictiva.",Guatemala,
2012/8982,JUAN CARLOS,MALDONADO PAZ,1966/05/10,GT,https://ws-public.interpol.int/notices/v1/red/2012-8982/images/56673323,https://ws-public.interpol.int/notices/v1/red/2012-8982/images,https://ws-public.interpol.int/notices/v1/red/2012-8982,M,GUATEMALA,Guatemala,,,1.7,0.0,"GER, SPA, ENG",,"CASOS ESPECIALES DE ESTAFA, INTERMEDIACION FINANCIERA, LAVADO DE DINERO U OTROS ACTIVOS Y CONSPIRACION",Guatemala,
2012/3072,SILVIA ILEANA,GONZALEZ CASTILLO,1964/05/20,GT,https://ws-public.interpol.int/notices/v1/red/2012-3072/images/56595029,https://ws-public.interpol.int/notices/v1/red/2012-3072/images,https://ws-public.interpol.int/notices/v1/red/2012-3072,F,,,['BROD'],['BLA'],1.53,0.0,"ENG, SPA",,"CASOS ESPECIALES DE ESTAFA, INTERMEDIACIÓN FINANCIERA, LAVADO DE DINERO U OTROS ACTIVOS Y CONSPIRACIÓN",Guatemala,
2012/3074,JUAN GERARDO,PONCIANO GÓMEZ,1933/12/27,GT,https://ws-public.interpol.int/notices/v1/red/2012-3074/images/56595069,https://ws-public.interpol.int/notices/v1/red/2012-3074/images,https://ws-public.interpol.int/notices/v1/red/2012-3074,M,,,['BROD'],['BLA'],1.6,0.0,SPA,,"CASOS ESPECIALES DE ESTAFA, INTERMEDIACIÓN FINANCIERA, LAVADO DE DINERO U OTROS ACTIVOS Y CONSPIRACIÓN",Guatemala,
2012/3076,MARTIN IGNACIO,ARGUETA AMEZQUITA,1949/03/09,GT,https://ws-public.interpol.int/notices/v1/red/2012-3076/images/56595129,https://ws-public.interpol.int/notices/v1/red/2012-3076/images,https://ws-public.interpol.int/notices/v1/red/2012-3076,M,,,,,0.0,0.0,"ENG, SPA",,"CASOS ESPECIALES DE ESTAFA, INTERMEDIACIÓN FINANCIERA, LAVADO DE DINERO U OTROS ACTIVOS Y CONSPIRACIÓN",Guatemala,
2011/63180,MARGARITO,ANDRES,1987/12/08,GT,https://ws-public.interpol.int/notices/v1/red/2011-63180/images/56328529,https://ws-public.interpol.int/notices/v1/red/2011-63180/images,https://ws-public.interpol.int/notices/v1/red/2011-63180,M,BARILLAS HUEHUETENANGO,Guatemala,['BRO'],['BLA'],1.7,73.0,SPA,ANDRES has a scar on his forehead.,"1) Sexual battery on a person less than 12 years of age (2 counts)
2) Lewd or lascivious molestation
3) Lewd or lascivious battery",United States of America,
2011/23778,LUIS E.,LLAGZHA,1978/02/05,"EC, GT",https://ws-public.interpol.int/notices/v1/red/2011-23778/images/55282807,https://ws-public.interpol.int/notices/v1/red/2011-23778/images,https://ws-public.interpol.int/notices/v1/red/2011-23778,M,,Ecuador,['BRO'],['BLA'],1.65,66.0,"SPA, ENG",LLAGZHA has a tattoo on his chest.,"1) Rape in the First Degree
2) Rape in the Second Degree",United States of America,
2011/19515,MARVIN JOSUE,BRAN GALINDO,1980/08/04,GT,https://ws-public.interpol.int/notices/v1/red/2011-19515/images/59485944,https://ws-public.interpol.int/notices/v1/red/2011-19515/images,https://ws-public.interpol.int/notices/v1/red/2011-19515,M,GUATEMALA,Guatemala,['BROD'],['BLA'],1.77,0.0,SPA,,TRATA DE PERSONAS Y ASOCIACION ILICITA,Guatemala,
2010/55476,ALFONSO GUILLERMO,DE LEÓN MARROQUÍN,1957/01/01,GT,,https://ws-public.interpol.int/notices/v1/red/2010-55476/images,https://ws-public.interpol.int/notices/v1/red/2010-55476,M,"ALDEA TOCACHE SAN PABLO, SAN MARCOS",Guatemala,['BROD'],['BLA'],1.65,0.0,SPA,,DESAPARICIÓN FORZADA,Guatemala,
2010/55479,CÉSAR ADÁN,ROSALES BATRES,1957/06/11,GT,https://ws-public.interpol.int/notices/v1/red/2010-55479/images/54695929,https://ws-public.interpol.int/notices/v1/red/2010-55479/images,https://ws-public.interpol.int/notices/v1/red/2010-55479,M,GUATEMALA,Guatemala,['BROD'],['BRO'],1.67,0.0,SPA,LUNAR EN LA CARA,ASESINATO,Guatemala,
2010/38319,OSCAR,MURALLES RAMIREZ,1969/12/13,GT,,https://ws-public.interpol.int/notices/v1/red/2010-38319/images,https://ws-public.interpol.int/notices/v1/red/2010-38319,M,GUATEMALA,Guatemala,,,,0.0,SPA,,HOMICIDIO,Guatemala,
2010/3017,MARIO ARNOLDO,HERNANDEZ COLINDRES,1957/02/14,GT,https://ws-public.interpol.int/notices/v1/red/2010-3017/images/54299947,https://ws-public.interpol.int/notices/v1/red/2010-3017/images,https://ws-public.interpol.int/notices/v1/red/2010-3017,M,GUATEMALA,Guatemala,,,1.6,0.0,SPA,"LUNAR PEQUEÑO, MEJIA DERECHA","Intermediación Financiera, Estafa Propia, Caso Especial de Estafa",Guatemala,
2010/3351,ESWIN RUDY,MAZARIEGOS CIFUENTES,1983/12/02,GT,https://ws-public.interpol.int/notices/v1/red/2010-3351/images/60238689,https://ws-public.interpol.int/notices/v1/red/2010-3351/images,https://ws-public.interpol.int/notices/v1/red/2010-3351,M,SAN MARCOS,Guatemala,,,,0.0,SPA,,HOMICIDIO,Guatemala,
2008/10018,ARMONDO,LOPEZ,1975/10/12,GT,https://ws-public.interpol.int/notices/v1/red/2008-10018/images/61130890,https://ws-public.interpol.int/notices/v1/red/2008-10018/images,https://ws-public.interpol.int/notices/v1/red/2008-10018,M,,Guatemala,['BRO'],['BLA'],1.655,66.0,SPA,,"1) Murder in the first degree (1 count) ;  
2) Possession of a deadly weapon during the commission of a felony (1 count)",United States of America,
2004/26427,JOSE ANTONIO,SOLARES GONZALEZ,1941/03/12,GT,https://ws-public.interpol.int/notices/v1/red/2004-26427/images/53868758,https://ws-public.interpol.int/notices/v1/red/2004-26427/images,https://ws-public.interpol.int/notices/v1/red/2004-26427,M,CASILLAS SANTA ROSA,Guatemala,['BLA'],['BLA'],1.59,0.0,SPA,,MURDER,Guatemala,
2007/35444,SERGIO,CHACON GOMEZ,1958/06/23,GT,https://ws-public.interpol.int/notices/v1/red/2007-35444/images/53741825,https://ws-public.interpol.int/notices/v1/red/2007-35444/images,https://ws-public.interpol.int/notices/v1/red/2007-35444,M,GUATEMALA CITY,Guatemala,['BRO'],['BRO'],1.82,,SPA,,Intermediación financiera,Guatemala,
2007/35441,GLORIA MAGDALENA,GOMEZ FERNANDEZ,1934/07/22,GT,https://ws-public.interpol.int/notices/v1/red/2007-35441/images/53808191,https://ws-public.interpol.int/notices/v1/red/2007-35441/images,https://ws-public.interpol.int/notices/v1/red/2007-35441,F,GUATEMALA CITY,Guatemala,,,,,SPA,,Intermediación financiera,Guatemala,
2007/35463,CARLOS ENRIQUE,CASTILLO GALINDO,1949/04/15,GT,https://ws-public.interpol.int/notices/v1/red/2007-35463/images/53741916,https://ws-public.interpol.int/notices/v1/red/2007-35463/images,https://ws-public.interpol.int/notices/v1/red/2007-35463,M,Poptún/ Petén,Guatemala,['BRO'],,1.74,,SPA,,Intermediación financiera,Guatemala,
