entity_id,forename,name,date_of_birth,nationalities,thumbnail,images,self_link,sex_id,place_of_birth,country_of_birth,eyes_colors_id,hairs_id,height,weight,languages_spoken_ids,distinguishing_marks,arrest_charge,arrest_issuing_country,arrest_charge_translation
2022/79816,CHINGIZ,DZHAKHANGIROV,1979/08/30,AZ,https://ws-public.interpol.int/notices/v1/red/2022-79816/images/62609044,https://ws-public.interpol.int/notices/v1/red/2022-79816/images,https://ws-public.interpol.int/notices/v1/red/2022-79816,M,,Azerbaijan,,,0.0,0.0,"RUS, AZE",,"the attempted murder committed by a group of persons by previous concert; 
illegal acquisition, transfer, storage, transportation or bearing of firearms and its basic parts.",Russia,
2022/44117,FAZIL,KERIMOV,1993/04/17,AZ,https://ws-public.interpol.int/notices/v1/red/2022-44117/images/62483271,https://ws-public.interpol.int/notices/v1/red/2022-44117/images,https://ws-public.interpol.int/notices/v1/red/2022-44117,M,TASHKENT CITY,Uzbekistan,['BROD'],['OTHD'],,,"UZB, RUS, AZE",,"Especially large scale fraud (two crimes), large scale fraud",Russia,
2022/1740,RUHANGIZ,ORUJOVA,1987/01/14,AZ,https://ws-public.interpol.int/notices/v1/red/2022-1740/images/62336158,https://ws-public.interpol.int/notices/v1/red/2022-1740/images,https://ws-public.interpol.int/notices/v1/red/2022-1740,F,,Azerbaijan,['BRO'],,1.56,,"RUS, TUR",,"(Human trafficking – repeated bringing victim of human trafficking through border of Azerbaijan)
(Illegal actions with documents for human trafficking)",Azerbaijan,
2021/25173,ALEKSANDR,BATURIN,1982/09/11,"AZ, RU",https://ws-public.interpol.int/notices/v1/red/2021-25173/images/62118828,https://ws-public.interpol.int/notices/v1/red/2021-25173/images,https://ws-public.interpol.int/notices/v1/red/2021-25173,M,NAMIRLI SETTLEMENT,Azerbaijan,,,0.0,0.0,"RUS, AZE",,attempted recruiting in terrorist activity; getting trained for terrorist activity,Russia,
2019/17517,RAHIM,KHALILOV,1981/04/15,AZ,https://ws-public.interpol.int/notices/v1/red/2019-17517/images/61282149,https://ws-public.interpol.int/notices/v1/red/2019-17517/images,https://ws-public.interpol.int/notices/v1/red/2019-17517,M,,Azerbaijan,['OTHD'],['OTHD'],1.7,,"RUS, AZE",,"Murder committed out of mercenary motives by hire, or attended by robbery with violence, racketeering, or banditry",Russia,
2011/39020,JEYHUN,BABAEV,1986/06/25,AZ,,https://ws-public.interpol.int/notices/v1/red/2011-39020/images,https://ws-public.interpol.int/notices/v1/red/2011-39020,M,,Azerbaijan,,,0.0,0.0,,,"illegal making, acquisition, storage,
transportation, sending, or sale of narcotic drugs or psychotropic
substances",Russia,
2018/107533,BEYLAR,NIFTALIEV,1976/02/12,"RU, AZ",https://ws-public.interpol.int/notices/v1/red/2018-107533/images/61247431,https://ws-public.interpol.int/notices/v1/red/2018-107533/images,https://ws-public.interpol.int/notices/v1/red/2018-107533,M,SHEMAKHA,Azerbaijan,['OTHD'],['OTHD'],1.7,90.0,"RUS, AZE",,Robbery with Violence; Wilfull Destruction or Damage of Property,Russia,
2020/37145,ZIYAD,HUSEYNLI,1991/11/30,AZ,https://ws-public.interpol.int/notices/v1/red/2020-37145/images/61813176,https://ws-public.interpol.int/notices/v1/red/2020-37145/images,https://ws-public.interpol.int/notices/v1/red/2020-37145,M,,Azerbaijan,,,1.69,,"AZE, RUS",,"violation of vehicle driving and traffic rules under alcohol condition or by person not having driving rights, resulted by the death of victim, Running away from traffic accident scene",Azerbaijan,
2019/116117,ZAUR,GULIEV,1983/11/17,AZ,,https://ws-public.interpol.int/notices/v1/red/2019-116117/images,https://ws-public.interpol.int/notices/v1/red/2019-116117,M,SHCHEKI,Azerbaijan,['BROH'],['OTHD'],0.0,0.0,AZE,,assistance to terrorist activity,Russia,
2019/100239,ELSHAD,MAKHMUDOV,1981/01/09,"AZ, RU",https://ws-public.interpol.int/notices/v1/red/2019-100239/images/61565058,https://ws-public.interpol.int/notices/v1/red/2019-100239/images,https://ws-public.interpol.int/notices/v1/red/2019-100239,M,VIL. KILAH,Azerbaijan,,['OTHD'],1.8,0.0,"RUS, LEZ, AZE",,participation in terrorist organization,Russia,
2018/98241,KHAYAL,ALIEV,1993/07/01,AZ,https://ws-public.interpol.int/notices/v1/red/2018-98241/images/61221160,https://ws-public.interpol.int/notices/v1/red/2018-98241/images,https://ws-public.interpol.int/notices/v1/red/2018-98241,M,SUMGAIT,Azerbaijan,['BROD'],['BLA'],0.0,0.0,"RUS, AZE",,getting trained with the aim of terrorist activity; participation in the activity of a terrorist organization,Russia,
2016/77887,NURAN,MUSAEV,1982/01/11,AZ,https://ws-public.interpol.int/notices/v1/red/2016-77887/images/60241119,https://ws-public.interpol.int/notices/v1/red/2016-77887/images,https://ws-public.interpol.int/notices/v1/red/2016-77887,M,GAIRUYA,Armenia,['OTHD'],['OTHD'],1.7,0.0,"ARM, ENG, RUS, AZE",,"aggravated murder, attempted aggravated murder",Russia,
2018/67281,AZER,OMAROV,1983/08/26,AZ,https://ws-public.interpol.int/notices/v1/red/2018-67281/images/61128534,https://ws-public.interpol.int/notices/v1/red/2018-67281/images,https://ws-public.interpol.int/notices/v1/red/2018-67281,M,BAKU CITY,Azerbaijan,['OTHD'],['BLA'],1.73,63.0,,,Participation in illegal armed formation.,Russia,
2018/32673,GALIB,MAMEDOV,1975/07/20,AZ,https://ws-public.interpol.int/notices/v1/red/2018-32673/images/61012960,https://ws-public.interpol.int/notices/v1/red/2018-32673/images,https://ws-public.interpol.int/notices/v1/red/2018-32673,M,"Shamkirskiy region, Tazakend village",Azerbaijan,['OTHD'],['OTHD'],1.8,,"RUS, AZE",,"Murder, robbery with violence",Russia,
2018/31400,EDGAR,ALIYEV,1985/01/11,AZ,https://ws-public.interpol.int/notices/v1/red/2018-31400/images/61008630,https://ws-public.interpol.int/notices/v1/red/2018-31400/images,https://ws-public.interpol.int/notices/v1/red/2018-31400,M,BAKU,Azerbaijan,,,0.0,0.0,"RUS, AZE",,assistance of terrorist activity;  participation in the activity of a terrorist organization,Russia,
2015/14071,SAMIL,QADASOV,1990/04/04,AZ,https://ws-public.interpol.int/notices/v1/red/2015-14071/images/59846092,https://ws-public.interpol.int/notices/v1/red/2015-14071/images,https://ws-public.interpol.int/notices/v1/red/2015-14071,M,Gusar,Azerbaijan,,,,,"AZE, RUS",A vertical scar on the left cheek,"Illegal Manufacture of Weapons, Illegal Acquisition, Transfer, Sale, Storage, Transportation, or Bearing of Firearms, Its Basic Parts, Ammunition, Explosives, and Explosive Devices, Terrorism",Russia,
2015/53076,VALEH,AMIRALIEV,1986/06/21,AZ,https://ws-public.interpol.int/notices/v1/red/2015-53076/images/59863802,https://ws-public.interpol.int/notices/v1/red/2015-53076/images,https://ws-public.interpol.int/notices/v1/red/2015-53076,M,QUASAR,Azerbaijan,,,0.0,0.0,"AZE, RUS",,"attempt on terrorist attack committed by group of persons on preliminary conspiracy; training for implementation of terrorist activity;
 illegal manufacturing of explosive device committed by organised group of persons on preliminary conspiracy, illegal acquisition, transfer, sale, storage, transportation, or bearing of firearms, its basic parts, ammunition, explosives, and explosive devices committed by group of persons on preliminary conspiracy; accomplicе in the same acts",Russia,
2014/41255,SULEIMAN,MANSUROV,1969/04/04,"AZ, RU",https://ws-public.interpol.int/notices/v1/red/2014-41255/images/63370133,https://ws-public.interpol.int/notices/v1/red/2014-41255/images,https://ws-public.interpol.int/notices/v1/red/2014-41255,M,Dzhaliobadskaya region,Azerbaijan,,,1.75,,,,Rape against minor,Russia,
2017/7319,RADZHAB OGLY,ELNUR,1992/12/23,AZ,https://ws-public.interpol.int/notices/v1/red/2017-7319/images/60298498,https://ws-public.interpol.int/notices/v1/red/2017-7319/images,https://ws-public.interpol.int/notices/v1/red/2017-7319,M,GYULLYUK SETTLEMENT/KAKHSKIY DISTRICT,Azerbaijan,,['OTHD'],1.58,0.0,"RUS, AZE",,paricipation in terrorist organization,Russia,
2016/49704,FAKHRADDIN,KOCHERIEV,1983/03/01,AZ,https://ws-public.interpol.int/notices/v1/red/2016-49704/images/60146161,https://ws-public.interpol.int/notices/v1/red/2016-49704/images,https://ws-public.interpol.int/notices/v1/red/2016-49704,M,LACHYNSKIY REGION,Azerbaijan,,['OTHD'],1.74,0.0,,,Intentional infliction of grave injury,Russia,
2016/19999,ILGAR,RUSTAMOV,1967/09/04,AZ,https://ws-public.interpol.int/notices/v1/red/2016-19999/images/60046687,https://ws-public.interpol.int/notices/v1/red/2016-19999/images,https://ws-public.interpol.int/notices/v1/red/2016-19999,M,Chakhyrly settlement of Geokchai district,Azerbaijan,,,,,"AZE, RUS",,violent actions of sexual character against minors,Russia,
2015/77369,ETIBAR,SAKHIBOV,1970/06/03,"RU, AZ",https://ws-public.interpol.int/notices/v1/red/2015-77369/images/62497512,https://ws-public.interpol.int/notices/v1/red/2015-77369/images,https://ws-public.interpol.int/notices/v1/red/2015-77369,M,MASALLINSKIY DISTRICT,Azerbaijan,,,,,,,extortion; robbery,Russia,
2015/64045,VUGAR,SAFAROV,1987/04/26,AZ,https://ws-public.interpol.int/notices/v1/red/2015-64045/images/62440398,https://ws-public.interpol.int/notices/v1/red/2015-64045/images,https://ws-public.interpol.int/notices/v1/red/2015-64045,M,AGDZHABEDY,Azerbaijan,,,0.0,0.0,AZE,,Murder,Russia,
2015/42254,DZHEIKHUN,NABIEV,1976/06/22,"AZ, RU",https://ws-public.interpol.int/notices/v1/red/2015-42254/images/59830825,https://ws-public.interpol.int/notices/v1/red/2015-42254/images,https://ws-public.interpol.int/notices/v1/red/2015-42254,M,"UDZHARSKI REGION, ALPI SETTLEMENT",Azerbaijan,,,0.0,0.0,RUS,,intentional infliction of a grave injury which have involved the death of the victim by negligence,Russia,
2015/31580,KAMAL,FATULLAZADE,1965/09/20,AZ,https://ws-public.interpol.int/notices/v1/red/2015-31580/images/59795333,https://ws-public.interpol.int/notices/v1/red/2015-31580/images,https://ws-public.interpol.int/notices/v1/red/2015-31580,M,LENKORAN TOWN,Azerbaijan,,,0.0,0.0,AZE,,rape connected with the threat of murder or the infliction of grave injury towards the victim,Russia,
2003/6419,SHAKHIN,GADZHIEV,1966/06/02,AZ,,https://ws-public.interpol.int/notices/v1/red/2003-6419/images,https://ws-public.interpol.int/notices/v1/red/2003-6419,M,BAKU,Azerbaijan,['BROH'],['BLA'],1.76,0.0,AZE,"looks like 25-30 years old, curly hair, high forehead, aquiline  nose.","KIDNAPPING, EXTORTION, MURDER",Russia,
2014/62503,ALIASDAN,GULUZADE,1970/02/15,AZ,,https://ws-public.interpol.int/notices/v1/red/2014-62503/images,https://ws-public.interpol.int/notices/v1/red/2014-62503,M,KHANLAR TOWN,Azerbaijan,,,0.0,0.0,,,"Robbery, armed robbery",Russia,
2012/298592,VUGAR,ISKENDEROV,1973/07/07,AZ,https://ws-public.interpol.int/notices/v1/red/2012-298592/images/60941168,https://ws-public.interpol.int/notices/v1/red/2012-298592/images,https://ws-public.interpol.int/notices/v1/red/2012-298592,M,ASTARI CITY,Azerbaijan,,['OTHD'],,,"RUS, AZE","Tattoo of “dragon”  on the right  shoulder, tattoo of “gravestone” and tattoo of figure “13” on the chest","ILLEGAL BEARING OF FIREARMS, AGGRAVATED ROBBERY INFLICTED A GRAVE INJURY TO A VICTIM, MURDER",Russia,
2014/41216,SHAHIN,FATULLAYEV,1991/05/22,"RU, AZ",https://ws-public.interpol.int/notices/v1/red/2014-41216/images/59556412,https://ws-public.interpol.int/notices/v1/red/2014-41216/images,https://ws-public.interpol.int/notices/v1/red/2014-41216,M,DESHKHESAISKIY REGION,Azerbaijan,,,0.0,0.0,"RUS, AZE",,Rape with using violence against minor victim,Russia,
2014/31056,LUFTIYAR GULU OGLY,NASIBOV,1960/03/28,"RU, AZ",https://ws-public.interpol.int/notices/v1/red/2014-31056/images/59518088,https://ws-public.interpol.int/notices/v1/red/2014-31056/images,https://ws-public.interpol.int/notices/v1/red/2014-31056,M,GYUNEY SETTLEMENT,Armenia,['BRO'],['OTHD'],1.7,0.0,"TUR, RUS, AZE, ARM, TYV",,"Fraud with grants receiving, fraud in crediting sphere",Russia,
2014/16846,EMIN,GURBANOV,1978/10/02,AZ,https://ws-public.interpol.int/notices/v1/red/2014-16846/images/59460192,https://ws-public.interpol.int/notices/v1/red/2014-16846/images,https://ws-public.interpol.int/notices/v1/red/2014-16846,M,SUMQAYIT TOWN,Azerbaijan,,['OTHD'],1.75,0.0,"RUS, AZE",,"1)Murder;
2)Illegal acquisition, transfer, sale, storage, transportation or bearing of firearms, its basic parts ammunition, explosives and explosive devices.",Russia,
2009/11511,MAZAKHIR,RUSTAMOV,1964/03/08,AZ,https://ws-public.interpol.int/notices/v1/red/2009-11511/images/54107500,https://ws-public.interpol.int/notices/v1/red/2009-11511/images,https://ws-public.interpol.int/notices/v1/red/2009-11511,M,GARABAGLAR OF ILYICHEVSKIY / KENGERLINSKIY,Azerbaijan,['BRO'],['OTHD'],1.78,0.0,"AZE, RUS",May wear moustaches,Rape of juvenile by use of violence committed by a group of persons under a preliminary conspiracy,Russia,
2010/53458,DZHEIKHUN,MUSTAFAEV,1968/04/24,AZ,,https://ws-public.interpol.int/notices/v1/red/2010-53458/images,https://ws-public.interpol.int/notices/v1/red/2010-53458,M,KAZAKH TOWN,Azerbaijan,['OTHD'],['OTHD'],1.78,0.0,"RUS, AZE",,Murder of two or more persons committed by the criminal group under preliminary conspiracy,Russia,
2012/321941,AKIF,TAGIEV,1979/11/30,"AZ, RU",https://ws-public.interpol.int/notices/v1/red/2012-321941/images/57210555,https://ws-public.interpol.int/notices/v1/red/2012-321941/images,https://ws-public.interpol.int/notices/v1/red/2012-321941,M,GYANZHA,Azerbaijan,,['OTHD'],1.77,0.0,"RUS, AZE",,Murder,Kazakhstan,
2012/12500,NADIR,EDILOV,1972/11/05,AZ,https://ws-public.interpol.int/notices/v1/red/2012-12500/images/58384330,https://ws-public.interpol.int/notices/v1/red/2012-12500/images,https://ws-public.interpol.int/notices/v1/red/2012-12500,M,AGDAM,Azerbaijan,,,0.0,0.0,"RUS, AZE",,MURDER,Russia,
2012/310279,MUSHFIG,ABDURAKHMANOV,1970/02/05,AZ,https://ws-public.interpol.int/notices/v1/red/2012-310279/images/57053714,https://ws-public.interpol.int/notices/v1/red/2012-310279/images,https://ws-public.interpol.int/notices/v1/red/2012-310279,M,GYANDZHA TOWN,Azerbaijan,,,0.0,0.0,"AZE, RUS",black birthmark on the left eyebrow,murder,Russia,
2002/42868,FAIK,MUSAEV,1976/04/30,AZ,https://ws-public.interpol.int/notices/v1/red/2002-42868/images/61166001,https://ws-public.interpol.int/notices/v1/red/2002-42868/images,https://ws-public.interpol.int/notices/v1/red/2002-42868,M,MUDJUK / KUSARSKI,Azerbaijan,,,,,RUS,,"Participation in assaults as a member of unlawful armed criminal group, unlawful acquisition and possession of firearms",Russia,
