entity_id,forename,name,date_of_birth,nationalities,thumbnail,images,self_link,sex_id,place_of_birth,country_of_birth,eyes_colors_id,hairs_id,height,weight,languages_spoken_ids,distinguishing_marks,arrest_charge,arrest_issuing_country,arrest_charge_translation
2025/5635,HAO,CHEN,1999/08/05,CN,https://ws-public.interpol.int/notices/v1/red/2025-5635/images/63348966,https://ws-public.interpol.int/notices/v1/red/2025-5635/images,https://ws-public.interpol.int/notices/v1/red/2025-5635,M,Guangxi,China,,,,,"CHI, ENG",,Criminal act of trafficking in person,Indonesia,
2025/5619,CHANG HAI,BO,2000/06/19,CN,https://ws-public.interpol.int/notices/v1/red/2025-5619/images/63348863,https://ws-public.interpol.int/notices/v1/red/2025-5619/images,https://ws-public.interpol.int/notices/v1/red/2025-5619,M,,China,,,,,"ENG, CHI",,Criminal act of trafficking in person,Indonesia,
2025/6889,GUILIANG,TAN,2001/08/10,CN,https://ws-public.interpol.int/notices/v1/red/2025-6889/images/63354232,https://ws-public.interpol.int/notices/v1/red/2025-6889/images,https://ws-public.interpol.int/notices/v1/red/2025-6889,M,Guangxi,China,,,,,"CHI, ENG",,Criminal act of trafficking in person,Indonesia,
2025/6891,CHEN,GUOTENG,1971/04/24,CN,https://ws-public.interpol.int/notices/v1/red/2025-6891/images/63354245,https://ws-public.interpol.int/notices/v1/red/2025-6891/images,https://ws-public.interpol.int/notices/v1/red/2025-6891,M,Guangdong,China,,,,,"ENG, CHI",,Criminal act of trafficking in person,Indonesia,
2024/89708,ZHIXIONG MARKO,HU,1977/01/11,CN,https://ws-public.interpol.int/notices/v1/red/2024-89708/images/63314277,https://ws-public.interpol.int/notices/v1/red/2024-89708/images,https://ws-public.interpol.int/notices/v1/red/2024-89708,M,,China,['BRO'],['BLA'],1.7,91.0,CHI,,"First Degree Murder, sec 235(1) Criminal Code",Canada,
2024/44210,TSUN TING,MOK,1998/07/20,CN,https://ws-public.interpol.int/notices/v1/red/2024-44210/images/63126674,https://ws-public.interpol.int/notices/v1/red/2024-44210/images,https://ws-public.interpol.int/notices/v1/red/2024-44210,M,,HK,,,0.0,0.0,CHI,,Two counts of Dealing with property known or believed to represent proceeds of indictable offence.,HK,
2024/44200,CHING KIT,WONG,1994/02/02,CN,https://ws-public.interpol.int/notices/v1/red/2024-44200/images/63126653,https://ws-public.interpol.int/notices/v1/red/2024-44200/images,https://ws-public.interpol.int/notices/v1/red/2024-44200,M,,,,,,,CHI,,"1. Fraud
2. Two counts of Theft",HK,
2023/14388,XUILI,WANG,1983/11/17,CN,https://ws-public.interpol.int/notices/v1/red/2023-14388/images/62681007,https://ws-public.interpol.int/notices/v1/red/2023-14388/images,https://ws-public.interpol.int/notices/v1/red/2023-14388,F,,,['BROL'],['BROF'],0.0,0.0,CHI,,"participating in a criminal organization, Forgery, Embezzlement and Swindling (art. 188; 278; 381 and 386 of the Suriname Penal Code), Violation of art. 2 and 3 of the Prevention of Smuggling Act, Art. 16; 44; 45 and 52 of the Forest Management Act, Art. 1; 3 and 7 of the Timber Export Act, Art. 4 and 7 of the Timber Export Duty Act in conjunction with Art. 1 paragraph 1 under 20; 24; 25 and 26 and Art. 2; 3 and 4 of the Economic Offences Act.",Suriname,
2022/44424,ZHENG LING,YAO,1980/04/12,CN,https://ws-public.interpol.int/notices/v1/red/2022-44424/images/62488111,https://ws-public.interpol.int/notices/v1/red/2022-44424/images,https://ws-public.interpol.int/notices/v1/red/2022-44424,M,FUJIAN PROVINCE,China,,,0.0,0.0,"SWA, ENG, CHI",,Murder,Tanzania,
2022/41081,RONGMEI,LI,1967/04/01,CN,https://ws-public.interpol.int/notices/v1/red/2022-41081/images/62471778,https://ws-public.interpol.int/notices/v1/red/2022-41081/images,https://ws-public.interpol.int/notices/v1/red/2022-41081,F,JIANGXI,China,,,0.0,0.0,"ENG, CHI",,Illegal Gold Fencing,Indonesia,
2021/63089,PHUONG TAN,NGUYEN,1985/10/09,"CA, CN",https://ws-public.interpol.int/notices/v1/red/2021-63089/images/62257524,https://ws-public.interpol.int/notices/v1/red/2021-63089/images,https://ws-public.interpol.int/notices/v1/red/2021-63089,M,,HK,['BRO'],['BLA'],1.75,82.0,"ENG, VIE",,Two (2) counts of First Degree Murder,Canada,
2017/132677,XIAOBO,ZHANG,1968/12/24,CN,https://ws-public.interpol.int/notices/v1/red/2017-132677/images/60568580,https://ws-public.interpol.int/notices/v1/red/2017-132677/images,https://ws-public.interpol.int/notices/v1/red/2017-132677,M,Kheylunczian town,China,,['BLA'],,,"CHI, RUS",,murder,Russia,
2019/22404,QIU,JINCHANG,1985/10/09,CN,https://ws-public.interpol.int/notices/v1/red/2019-22404/images/61296828,https://ws-public.interpol.int/notices/v1/red/2019-22404/images,https://ws-public.interpol.int/notices/v1/red/2019-22404,M,FUJIAN,China,['BRO'],['BLA'],1.63,60.0,CHI,,"1. Keep, Have in his possession or sell or otherwise dispose of any live specifically protected animal or the meat or trophy or any such animal.

2. Unlawfully acquiring, use or possess property knowing or suspecting at the time of receipt that such property is the proceeds of crime.",Zimbabwe,
2019/22429,ZENG,DENGHUI,2000/10/12,CN,https://ws-public.interpol.int/notices/v1/red/2019-22429/images/61591449,https://ws-public.interpol.int/notices/v1/red/2019-22429/images,https://ws-public.interpol.int/notices/v1/red/2019-22429,M,,China,['BRO'],['BLA'],1.65,62.0,CHI,,"1. Keep, Have in his possession or sell or otherwise dispose of any live specifically protected animal or the meat or trophy or any such animal.

2. Unlawfully acquiring, use or possess property knowing or suspecting at the time of receipt that such property is the proceeds of crime.",Zimbabwe,
2019/98243,ZHU,LONG,1993/08/29,CN,,https://ws-public.interpol.int/notices/v1/red/2019-98243/images,https://ws-public.interpol.int/notices/v1/red/2019-98243,M,SICHUAN,China,['BRO'],['BLA'],1.65,60.0,CHI,,"1. Keep, Have in his possession or sell or otherwise dispose of any live specifically protected animal or the meat or trophy or any such animal.

2. Unlawfully acquiring, use or possess property knowing or suspecting at the time of receipt that such property is the proceeds of crime.",Zimbabwe,
2019/98617,PEICONG,WANG,1982/03/02,CN,,https://ws-public.interpol.int/notices/v1/red/2019-98617/images,https://ws-public.interpol.int/notices/v1/red/2019-98617,M,LAGOS,China,['BRO'],['BLA'],1.7,60.0,CHI,,"1. Keep, Have in his possession or sell or otherwise dispose of any live specifically protected animal or the meat or trophy or any such animal.

2. Unlawfully acquiring, use or possess property knowing or suspecting at the time of receipt that such property is the proceeds of crime.",Zimbabwe,
2019/80334,YU-HSIANG,HO,1998/12/29,CN,https://ws-public.interpol.int/notices/v1/red/2019-80334/images/61507106,https://ws-public.interpol.int/notices/v1/red/2019-80334/images,https://ws-public.interpol.int/notices/v1/red/2019-80334,M,,TW,,,0.0,0.0,CHI,,Illegal transport of narcotic substances,Viet Nam,
2019/80336,KUN-JUNG,LIN,1978/04/21,CN,https://ws-public.interpol.int/notices/v1/red/2019-80336/images/61507108,https://ws-public.interpol.int/notices/v1/red/2019-80336/images,https://ws-public.interpol.int/notices/v1/red/2019-80336,M,,TW,,,0.0,0.0,CHI,,Illegal transport of narcotic substances,Viet Nam,
2019/64934,SHENG-HSIUNG,LIN,1976/07/21,CN,https://ws-public.interpol.int/notices/v1/red/2019-64934/images/61458232,https://ws-public.interpol.int/notices/v1/red/2019-64934/images,https://ws-public.interpol.int/notices/v1/red/2019-64934,M,"Kaohsiung city, Taiwan (China)",TW,,['BLA'],1.73,65.0,,,Illegal transport of narcotic subtances,Viet Nam,
2019/40278,RONG,LIN,1987/03/21,CN,https://ws-public.interpol.int/notices/v1/red/2019-40278/images/61377223,https://ws-public.interpol.int/notices/v1/red/2019-40278/images,https://ws-public.interpol.int/notices/v1/red/2019-40278,F,,China,,,,,,,TRIPLE HOMICIDIO CALIFICADO EN CONCURSO REAL,Argentina,
2019/40272,HAI,ZHOU,1994/12/14,CN,https://ws-public.interpol.int/notices/v1/red/2019-40272/images/61377209,https://ws-public.interpol.int/notices/v1/red/2019-40272/images,https://ws-public.interpol.int/notices/v1/red/2019-40272,M,,China,,,,,,,TRIPLE HOMICIDIO CALIFICADO EN CONCURSO REAL,Argentina,
2018/58175,TAO,FENG,1981/11/21,CN,https://ws-public.interpol.int/notices/v1/red/2018-58175/images/61098242,https://ws-public.interpol.int/notices/v1/red/2018-58175/images,https://ws-public.interpol.int/notices/v1/red/2018-58175,M,TIANJIN,China,,,0.0,0.0,CHI,,12 counts of Cheating and dishonestly inducing a delivery of property,Singapore,
2017/5831,WEIZHENG,PAN,1997/08/16,CN,https://ws-public.interpol.int/notices/v1/red/2017-5831/images/60292535,https://ws-public.interpol.int/notices/v1/red/2017-5831/images,https://ws-public.interpol.int/notices/v1/red/2017-5831,M,ANHUI,China,,,0.0,0.0,CHI,,Punishment for culpable homicide not amounting to murder,Malaysia,
2016/90644,JIANXIANG,SHI,1964/09/27,CN,https://ws-public.interpol.int/notices/v1/red/2016-90644/images/60264388,https://ws-public.interpol.int/notices/v1/red/2016-90644/images,https://ws-public.interpol.int/notices/v1/red/2016-90644,M,Shanghai,China,,,,,CHI,,crime of illegal fundraising by fraudulent means,China,
2016/66480,DONGHUA,CHEN,1975/10/05,CN,https://ws-public.interpol.int/notices/v1/red/2016-66480/images/60204715,https://ws-public.interpol.int/notices/v1/red/2016-66480/images,https://ws-public.interpol.int/notices/v1/red/2016-66480,M,Zhejiang,China,,,1.67,,,left index finger deformed,murder,Austria,
2015/85088,ZHONGWEI,CAO,1977/01/24,CN,https://ws-public.interpol.int/notices/v1/red/2015-85088/images/59969666,https://ws-public.interpol.int/notices/v1/red/2015-85088/images,https://ws-public.interpol.int/notices/v1/red/2015-85088,M,ANHUI,China,,,0.0,0.0,CHI,,smuggling and trafficking in drugs,China,
2015/83509,JIANSONG,ZHANG,1978/11/15,CN,,https://ws-public.interpol.int/notices/v1/red/2015-83509/images,https://ws-public.interpol.int/notices/v1/red/2015-83509,M,,China,,['BLA'],0.0,0.0,,,Murder,Sweden,
2015/73876,ZHENGYI,JIN,1975/05/05,CN,https://ws-public.interpol.int/notices/v1/red/2015-73876/images/59932208,https://ws-public.interpol.int/notices/v1/red/2015-73876/images,https://ws-public.interpol.int/notices/v1/red/2015-73876,M,JILIN,China,['BLA'],['BLA'],1.68,0.0,"KOR, RUS",,intentional homicide,China,
2015/73141,YONGRI,AN,1972/12/26,CN,https://ws-public.interpol.int/notices/v1/red/2015-73141/images/59929859,https://ws-public.interpol.int/notices/v1/red/2015-73141/images,https://ws-public.interpol.int/notices/v1/red/2015-73141,M,HEILONGJIANG,China,,,1.72,0.0,"KOR, CHI",,intentional injury,China,
2015/69405,HAOQING,CHEN,1974/09/23,CN,https://ws-public.interpol.int/notices/v1/red/2015-69405/images/59917410,https://ws-public.interpol.int/notices/v1/red/2015-69405/images,https://ws-public.interpol.int/notices/v1/red/2015-69405,M,FUJIAN,China,,,0.0,0.0,CHI,,"abduction, robbery, extortion",Russia,
2015/39349,XUNBIAO,DAI,1976/06/04,CN,https://ws-public.interpol.int/notices/v1/red/2015-39349/images/59821330,https://ws-public.interpol.int/notices/v1/red/2015-39349/images,https://ws-public.interpol.int/notices/v1/red/2015-39349,M,FUJIAN,China,,,0.0,0.0,,,TAX EVASION,Romania,
2014/78089,WEI,SUN,1969/12/22,CN,https://ws-public.interpol.int/notices/v1/red/2014-78089/images/59683670,https://ws-public.interpol.int/notices/v1/red/2014-78089/images,https://ws-public.interpol.int/notices/v1/red/2014-78089,M,LIAONING,China,['BLA'],['BLA'],1.78,0.0,CHI,,kidnapping,China,
2014/56447,HING,NG,1969/04/11,CN,https://ws-public.interpol.int/notices/v1/red/2014-56447/images/59610891,https://ws-public.interpol.int/notices/v1/red/2014-56447/images,https://ws-public.interpol.int/notices/v1/red/2014-56447,M,FUJIAN,China,,['BLA'],1.7,70.0,ENG,,"i) Conspiracy to defraud;
ii) Conspiracy to falsify accounts;
iii) Conspiracy to falsify accounts;
iv) Dealing with property known or believed to represent proceeds of an indictable offence.",HK,
2014/62365,XING,CHEN,1974/04/16,CN,https://ws-public.interpol.int/notices/v1/red/2014-62365/images/59631473,https://ws-public.interpol.int/notices/v1/red/2014-62365/images,https://ws-public.interpol.int/notices/v1/red/2014-62365,M,"PUTIAN CITY, FUJIAN PROVINCE",China,,,0.0,0.0,CHI,,Injury causing death,China,
2014/34474,XI,HE,1965/03/10,CN,https://ws-public.interpol.int/notices/v1/red/2014-34474/images/59562545,https://ws-public.interpol.int/notices/v1/red/2014-34474/images,https://ws-public.interpol.int/notices/v1/red/2014-34474,M,GUANGXI PROVINCE,China,,,1.72,0.0,CHI,,Intentional homicide,China,
2014/36133,CHANGHUA,ZHENG,1960/01/20,CN,https://ws-public.interpol.int/notices/v1/red/2014-36133/images/59537725,https://ws-public.interpol.int/notices/v1/red/2014-36133/images,https://ws-public.interpol.int/notices/v1/red/2014-36133,M,"FU’AN CITY, FUJIAN PROVINCE",China,,,0.0,0.0,CHI,,"Offence of robbery, offence of murder",China,
2014/36149,GUOHUA,ZHENG,1965/01/02,CN,https://ws-public.interpol.int/notices/v1/red/2014-36149/images/59537805,https://ws-public.interpol.int/notices/v1/red/2014-36149/images,https://ws-public.interpol.int/notices/v1/red/2014-36149,M,"FU’AN CITY, FUJIAN PROVINCE",China,['BLA'],['BLA'],0.0,0.0,CHI,,"Offence of robbery, offence of murder",China,
2014/36050,LIANSEN,LIAO,1977/12/12,CN,https://ws-public.interpol.int/notices/v1/red/2014-36050/images/59537416,https://ws-public.interpol.int/notices/v1/red/2014-36050/images,https://ws-public.interpol.int/notices/v1/red/2014-36050,M,"SANMING CITY, FUJIAN PROVINCE",China,,,0.0,0.0,CHI,,Intentionally injures the person of another,China,
2014/35795,QUANHUI,YANG,1968/12/17,CN,https://ws-public.interpol.int/notices/v1/red/2014-35795/images/59536428,https://ws-public.interpol.int/notices/v1/red/2014-35795/images,https://ws-public.interpol.int/notices/v1/red/2014-35795,M,"SANMING CITY, FUJIAN PROVINCE",China,,,0.0,0.0,CHI,,"Crime of owning or unlawfully possessing, guns and ammunition",China,
2014/35629,LIYING,LIU,1960/07/14,CN,https://ws-public.interpol.int/notices/v1/red/2014-35629/images/59535900,https://ws-public.interpol.int/notices/v1/red/2014-35629/images,https://ws-public.interpol.int/notices/v1/red/2014-35629,F,GUANGDONG FOSHAN,China,,,0.0,0.0,,"Subject person's fingertips of left index finger, left middle finger and ring finger were cut off","One count of 'Manslaughter', two counts of 'Administering an overpowering drug to commit an indictable offence' and two counts of 'Theft'",HK,
2010/57553,FENGMING,SUN,1973/09/06,CN,https://ws-public.interpol.int/notices/v1/red/2010-57553/images/54745867,https://ws-public.interpol.int/notices/v1/red/2010-57553/images,https://ws-public.interpol.int/notices/v1/red/2010-57553,M,TKHELI / HEILONGJIANG,China,,,0.0,0.0,"CHI, RUS",,Intentional infliction of grave injury,Russia,
2014/10906,SHAOFAN,SU,1963/02/27,CN,https://ws-public.interpol.int/notices/v1/red/2014-10906/images/59433796,https://ws-public.interpol.int/notices/v1/red/2014-10906/images,https://ws-public.interpol.int/notices/v1/red/2014-10906,M,,China,['BLA'],['BLA'],1.65,83.0,CHI,,Intentional injury.,China,
2014/3288,MINGUO,FANG,1976/03/17,CN,https://ws-public.interpol.int/notices/v1/red/2014-3288/images/59400054,https://ws-public.interpol.int/notices/v1/red/2014-3288/images,https://ws-public.interpol.int/notices/v1/red/2014-3288,M,"QINGTIAN COUNTY, LISHUI CITY, ZHEJIANG PROVINCE",China,,,0.0,0.0,CHI,,"Robbing public or private property using force, coercion, or other methods.",China,
2014/1590,BUFEI,LI,1965/11/28,CN,https://ws-public.interpol.int/notices/v1/red/2014-1590/images/59392729,https://ws-public.interpol.int/notices/v1/red/2014-1590/images,https://ws-public.interpol.int/notices/v1/red/2014-1590,M,"PUTIAN CITY, FUJIAN PROVINCE",China,,,0.0,0.0,CHI,,Intentionally injures the person of another,China,
2014/1737,JUNTAO,YU,1969/05/28,CN,https://ws-public.interpol.int/notices/v1/red/2014-1737/images/59393596,https://ws-public.interpol.int/notices/v1/red/2014-1737/images,https://ws-public.interpol.int/notices/v1/red/2014-1737,M,"NANKAI DISTRICT, TIANJIN CITY",China,,,0.0,0.0,CHI,,Intentionally injures the person of another,China,
2013/71092,JIANLI,GAO,1977/04/24,CN,https://ws-public.interpol.int/notices/v1/red/2013-71092/images/59379706,https://ws-public.interpol.int/notices/v1/red/2013-71092/images,https://ws-public.interpol.int/notices/v1/red/2013-71092,M,ANHUI PROVINCE,China,,,0.0,0.0,CHI,,Murder,China,
2010/15289,BAOJIE,FENG,1971/12/13,CN,https://ws-public.interpol.int/notices/v1/red/2010-15289/images/59376179,https://ws-public.interpol.int/notices/v1/red/2010-15289/images,https://ws-public.interpol.int/notices/v1/red/2010-15289,M,,,['OTHD'],['OTHD'],1.73,0.0,"CHI, RUS",,bribe-giving,Russia,
2013/68971,CHANGCAI,LIU,1963/03/15,CN,https://ws-public.interpol.int/notices/v1/red/2013-68971/images/59374448,https://ws-public.interpol.int/notices/v1/red/2013-68971/images,https://ws-public.interpol.int/notices/v1/red/2013-68971,M,"FUSHUN CITY, LIAONING PROVINCE",China,['BLA'],['BLA'],1.72,0.0,CHI,,Murder,China,
2013/47170,JIN,XIANGFU,1970/06/03,CN,https://ws-public.interpol.int/notices/v1/red/2013-47170/images/59022319,https://ws-public.interpol.int/notices/v1/red/2013-47170/images,https://ws-public.interpol.int/notices/v1/red/2013-47170,M,HEILONGJIANG,China,,['BLA'],1.6,0.0,,,"1)Intentional infliction of grave injury which caused the death of the victim by negligence;
2)Intentional infliction of light injury",Russia,
2009/35215,MINGXIAN,JIN,1969/02/02,CN,https://ws-public.interpol.int/notices/v1/red/2009-35215/images/57810661,https://ws-public.interpol.int/notices/v1/red/2009-35215/images,https://ws-public.interpol.int/notices/v1/red/2009-35215,M,CHINA,,,,0.0,0.0,CHI,,Murder,Russia,
2012/325494,TAI,CHEN,1954/10/03,"CN, US",https://ws-public.interpol.int/notices/v1/red/2012-325494/images/57783715,https://ws-public.interpol.int/notices/v1/red/2012-325494/images,https://ws-public.interpol.int/notices/v1/red/2012-325494,M,,TW,['BRO'],['BLA'],,,"CHI, ENG",CHEN may be between 165 and 170 centimeters tall.,Sexual Assault of a Child,United States of America,
2012/318444,SHULIN,ZHANG,1952/04/24,CN,https://ws-public.interpol.int/notices/v1/red/2012-318444/images/57170775,https://ws-public.interpol.int/notices/v1/red/2012-318444/images,https://ws-public.interpol.int/notices/v1/red/2012-318444,M,,China,,,0.0,0.0,CHI,,Firearms and Ammunition Smuggling,China,
2011/64231,TUNGMING,CHOU,1966/04/11,CN,https://ws-public.interpol.int/notices/v1/red/2011-64231/images/56363129,https://ws-public.interpol.int/notices/v1/red/2011-64231/images,https://ws-public.interpol.int/notices/v1/red/2011-64231,M,,TW,,,0.0,0.0,,,"Those who commit the crimes of smuggling, trafficking, transporting and manufacturing drugs, regardless of the quantity of drugs, shall be investigated for their criminal responsibility and punished according to the Criminal Law. Those who smuggle, traffic, transport or manufacture drugs with one of the following conditions are to be punished by 15 years of fixed-term imprisonment, life imprisonment or death sentence, and, in addition, confiscation of their properties",China,
2011/41590,SHUWEN,HUANG,1949/03/11,CN,https://ws-public.interpol.int/notices/v1/red/2011-41590/images/55644687,https://ws-public.interpol.int/notices/v1/red/2011-41590/images,https://ws-public.interpol.int/notices/v1/red/2011-41590,M,"SUIFENGHE, HEILONGJANG TERRITORY",China,,['OTHD'],0.0,0.0,CHI,,"violation of highway traffic regulation and rules of transport vehicle operation, entailing death of a person due to negligence",Russia,
2011/35947,JIHUA,WANG,1968/12/13,CN,https://ws-public.interpol.int/notices/v1/red/2011-35947/images/55481913,https://ws-public.interpol.int/notices/v1/red/2011-35947/images,https://ws-public.interpol.int/notices/v1/red/2011-35947,M,"JIANCHANG, LIOANING",China,['BRO'],['BLA'],1.65,77.0,"CHI, ENG",,Aggravated sexual assault of a child,United States of America,
2010/49355,JIAN YONG,SUN,1978/07/19,CN,https://ws-public.interpol.int/notices/v1/red/2010-49355/images/62536860,https://ws-public.interpol.int/notices/v1/red/2010-49355/images,https://ws-public.interpol.int/notices/v1/red/2010-49355,M,ZHEIJANG,China,,,0.0,0.0,,,ARMED ROBBERY IN GROUP,Hungary,
2010/31878,GUO YING,HUANG,1979/08/25,CN,https://ws-public.interpol.int/notices/v1/red/2010-31878/images/54439365,https://ws-public.interpol.int/notices/v1/red/2010-31878/images,https://ws-public.interpol.int/notices/v1/red/2010-31878,M,GUANG XI,China,,,0.0,0.0,"VIE, CHI",,MURDER,Viet Nam,
2010/24537,JIAN,XIA,1977/07/13,CN,https://ws-public.interpol.int/notices/v1/red/2010-24537/images/54405473,https://ws-public.interpol.int/notices/v1/red/2010-24537/images,https://ws-public.interpol.int/notices/v1/red/2010-24537,M,LIAONING,China,,,0.0,0.0,"CHI, ENG",,"1) Murder
2) Manslaughter
3) Aggravated theft",Netherlands,
2009/30587,DE XING,JIN,1964/02/25,CN,https://ws-public.interpol.int/notices/v1/red/2009-30587/images/54217207,https://ws-public.interpol.int/notices/v1/red/2009-30587/images,https://ws-public.interpol.int/notices/v1/red/2009-30587,M,MUDANJIANG CITY OF HEILONGJIANG,China,['BLA'],['BLA'],1.68,70.0,"KOR, CHI",,DRUG SMUGGLING,China,
2009/16711,YUE,JIN,1972/03/18,CN,https://ws-public.interpol.int/notices/v1/red/2009-16711/images/54138039,https://ws-public.interpol.int/notices/v1/red/2009-16711/images,https://ws-public.interpol.int/notices/v1/red/2009-16711,M,WENCHENG,China,['BLA'],['BLA'],1.65,0.0,CHI,,INTENTIONALLY COMMITTED HOMICIDE,China,
2004/345,JIGUI,HAN,1959/09/22,CN,https://ws-public.interpol.int/notices/v1/red/2004-345/images/61548034,https://ws-public.interpol.int/notices/v1/red/2004-345/images,https://ws-public.interpol.int/notices/v1/red/2004-345,M,"Harbin, Heilongjiang",China,,['OTHD'],1.67,67.5,CHI,,Intentional homicide,China,
2003/53175,LIE,YU,1967/12/03,CN,https://ws-public.interpol.int/notices/v1/red/2003-53175/images/60968011,https://ws-public.interpol.int/notices/v1/red/2003-53175/images,https://ws-public.interpol.int/notices/v1/red/2003-53175,M,"Hangzhou, Zhejiang",China,['OTHD'],,1.775,,CHI,,Drug smuggling,China,
