entity_id,forename,name,date_of_birth,nationalities,thumbnail,images,self_link,sex_id,place_of_birth,country_of_birth,eyes_colors_id,hairs_id,height,weight,languages_spoken_ids,distinguishing_marks,arrest_charge,arrest_issuing_country,arrest_charge_translation
2021/23878,JOSE CRISTIAN,HENRIQUEZ VERA,1986/03/27,CL,https://ws-public.interpol.int/notices/v1/red/2021-23878/images/62085530,https://ws-public.interpol.int/notices/v1/red/2021-23878/images,https://ws-public.interpol.int/notices/v1/red/2021-23878,M,SANTIAGO DE CHILE,Chile,,,0.0,0.0,SPA,,ABUSO SEXUAL SIMPLE,Argentina,
2021/7247,CRISTIAN IGNACIO,MUÑOZ GODOY,1997/11/22,CL,https://ws-public.interpol.int/notices/v1/red/2021-7247/images/62008772,https://ws-public.interpol.int/notices/v1/red/2021-7247/images,https://ws-public.interpol.int/notices/v1/red/2021-7247,M,,Chile,,,,,SPA,,ROBO DOBLEMENTE AGRAVADO POR EL ESCALAMIENTO Y POR SU COMISIÓN EN POBLADO Y EN BANDA - PRIMER Y SEGUNDO HECHO - ROBO- TERCER HECHO - EN CONCURSO REAL,Argentina,
2021/7251,MIGUEL ANGEL,ARANCIBIA FUENTES,1981/05/22,CL,https://ws-public.interpol.int/notices/v1/red/2021-7251/images/62008778,https://ws-public.interpol.int/notices/v1/red/2021-7251/images,https://ws-public.interpol.int/notices/v1/red/2021-7251,M,,Chile,,,,,SPA,,ROBO DOBLEMENTE AGRAVADO POR EL ESCALAMIENTO Y POR SU COMISIÓN EN POBLADO Y EN BANDA - PRIMER Y SEGUNDO HECHO - ROBO- TERCER HECHO - EN CONCURSO REAL,Argentina,
2021/7255,FELIPE SEBASTIAN,RAMIREZ RAMIREZ,1988/12/06,CL,https://ws-public.interpol.int/notices/v1/red/2021-7255/images/62008792,https://ws-public.interpol.int/notices/v1/red/2021-7255/images,https://ws-public.interpol.int/notices/v1/red/2021-7255,M,,Chile,,,,,SPA,,ROBO DOBLEMENTE AGRAVADO POR EL ESCALAMIENTO Y POR SU COMISIÓN EN POBLADO Y EN BANDA - PRIMER Y SEGUNDO HECHO - ROBO- TERCER HECHO - EN CONCURSO REAL,Argentina,
2020/84548,DIEGO ADRIAN,GARCIA MENESES,1989/08/04,"AR, CL",https://ws-public.interpol.int/notices/v1/red/2020-84548/images/61974687,https://ws-public.interpol.int/notices/v1/red/2020-84548/images,https://ws-public.interpol.int/notices/v1/red/2020-84548,M,,Chile,,,0.0,0.0,,,ABUSO SEXUAL CON ACCESO CARNAL; EN CONCURSO REAL CON AMENAZAS; EN CONTEXTO DE VIOLENCIA DE GENERO,Argentina,
2020/73225,SEBASTIAN ANDRÉS,RAMÍREZ LEIVA,1990/08/08,"CL, AR",https://ws-public.interpol.int/notices/v1/red/2020-73225/images/61941418,https://ws-public.interpol.int/notices/v1/red/2020-73225/images,https://ws-public.interpol.int/notices/v1/red/2020-73225,M,,Chile,,,,,SPA,,Criminal organization; Aggravated theft,Brazil,
2020/21254,ANGELICA ANDREA,SILVA NIÑO,1972/11/24,CL,https://ws-public.interpol.int/notices/v1/red/2020-21254/images/61755831,https://ws-public.interpol.int/notices/v1/red/2020-21254/images,https://ws-public.interpol.int/notices/v1/red/2020-21254,F,,Chile,,,0.0,0.0,SPA,,Infracción  a la Ley Federal Argentina N° 22.415 contrabando,Argentina,
2020/21252,NICOLE ANDREA,AGUILERA SILVA,1996/10/11,"CL, AR",https://ws-public.interpol.int/notices/v1/red/2020-21252/images/61755825,https://ws-public.interpol.int/notices/v1/red/2020-21252/images,https://ws-public.interpol.int/notices/v1/red/2020-21252,F,,Argentina,,,0.0,0.0,SPA,,Infracción a la Ley Federal N° 22.415  contrabando,Argentina,
2020/21238,GERARDO ESTEBAN,AGUILERA CONTRERAS,1964/05/21,CL,https://ws-public.interpol.int/notices/v1/red/2020-21238/images/61755804,https://ws-public.interpol.int/notices/v1/red/2020-21238/images,https://ws-public.interpol.int/notices/v1/red/2020-21238,M,CONCEPCION,Chile,,,0.0,0.0,SPA,,"Infracción a la ley 22.415
contrabando",Argentina,
2019/72065,EBALDO,TORRES ULLOA,1951/03/08,CL,https://ws-public.interpol.int/notices/v1/red/2019-72065/images/61482243,https://ws-public.interpol.int/notices/v1/red/2019-72065/images,https://ws-public.interpol.int/notices/v1/red/2019-72065,M,OSORNO,Chile,,,,,SPA,,ABUSO SEXUAL AGRAVADO POR ACCESO CARNAL EN CARÁCTER DE AUTOR,Argentina,
2018/93135,JAVIER EDGARDO,HUECHUMPAN PERALTA,1974/02/14,CL,https://ws-public.interpol.int/notices/v1/red/2018-93135/images/61205292,https://ws-public.interpol.int/notices/v1/red/2018-93135/images,https://ws-public.interpol.int/notices/v1/red/2018-93135,M,TEMUCO,Chile,,['BRO'],1.7,0.0,SPA,CUTIZ BLANCO-FRENTE RECTA-CEJAS RECTAS-BOCA MEDIANA-LABIOS FINOS-MENTON REDONDO-OREJAS MEDIANAS LOBULO SEPARADO.,"ABUSO SEXUAL AGRAVADO POR EL VINCULO Y POR HABER SIDO COMETIDO CONTRA UNA MENOR DE 18 AÑOS Y APROVECHANDO LA SITUACIÓN DE CONVIVENCIA PREEXISTENTE CON EL MISMO, REITERADO EN CONCURSO REAL CON ABUSO SEXUAL CON ACCESO CARNAL AGRAVADO POR EL VINCULO Y POR HABER SIDO COMETIDO  CONTRA UNA MENOR DE 18 AÑOS APROVECHADO LA SITUACIÓN DE CONVIVENCIA PREEXISTENTE CON EL MISMO",Argentina,
2018/22083,AGUSTIN RENE,JARAMILLO BARRERA,1972/12/16,CL,,https://ws-public.interpol.int/notices/v1/red/2018-22083/images,https://ws-public.interpol.int/notices/v1/red/2018-22083,M,,Chile,,,,,SPA,,ABUSO SEXUAL CON ACCESO CARNAL AGRAVADO POR LA GUARDA,Argentina,
2017/202361,JUAN GUILLERMO,HENRIQUEZ HERRERA,1974/06/26,CL,,https://ws-public.interpol.int/notices/v1/red/2017-202361/images,https://ws-public.interpol.int/notices/v1/red/2017-202361,M,,Chile,,,,,SPA,,"ABUSO SEXUAL GRAVEMENTE ULTRAJANTE AGRAVADO POR LA CONVIVENCIA PREEXISTENTE Y LA EDAD DE LA VICTIMA, REITERADO EN AL MENOS TRES OPORTUNIDADES, EN CONCURSO REAL ENTRE SI.",Argentina,
2017/196938,JORGE ANTONIO,SALAZAR OPORTO,1961/07/07,CL,https://ws-public.interpol.int/notices/v1/red/2017-196938/images/60736710,https://ws-public.interpol.int/notices/v1/red/2017-196938/images,https://ws-public.interpol.int/notices/v1/red/2017-196938,M,,Chile,,['OTHD'],1.7,0.0,SPA,CABELLO LARGO OSCURO,HOMICIDIO CALIFICADO,Argentina,
2017/168835,SERGIO ALEJANDRO,IBARRA IBARRA,1973/02/04,CL,https://ws-public.interpol.int/notices/v1/red/2017-168835/images/60664318,https://ws-public.interpol.int/notices/v1/red/2017-168835/images,https://ws-public.interpol.int/notices/v1/red/2017-168835,M,TEMUCO,Chile,,,,,,,CORRUPCIÓN DE MENORES EN CONCURSO REAL CON ABUSO SEXUAL GRAVEMENTE ULTRAJANTE.,Argentina,
2015/14693,RODOLFO VALENTINO,ESCOBAR URBINA,1972/11/22,CL,https://ws-public.interpol.int/notices/v1/red/2015-14693/images/59738684,https://ws-public.interpol.int/notices/v1/red/2015-14693/images,https://ws-public.interpol.int/notices/v1/red/2015-14693,M,SANTIAGO,Chile,,,0.0,0.0,,,Rape,Brazil,
2012/343326,DIEGO ENRIQUE,NAVEAS BELLO,1975/11/12,CL,,https://ws-public.interpol.int/notices/v1/red/2012-343326/images,https://ws-public.interpol.int/notices/v1/red/2012-343326,M,,Chile,,,0.0,0.0,SPA,,TENENCIA DE ESTUPEFACIENTES CON FINES DE COMERCIALIZACION Y TRANSPORTE DE SUSTANCIAS ESTUPEFACIENTES.,Argentina,
