entity_id,forename,name,date_of_birth,nationalities,thumbnail,images,self_link,sex_id,place_of_birth,country_of_birth,eyes_colors_id,hairs_id,height,weight,languages_spoken_ids,distinguishing_marks,arrest_charge,arrest_issuing_country,arrest_charge_translation
2022/9820,CELSO DUARTE MONTEIRO,AZEVEDO,1984/03/19,AO,https://ws-public.interpol.int/notices/v1/red/2022-9820/images/62366078,https://ws-public.interpol.int/notices/v1/red/2022-9820/images,https://ws-public.interpol.int/notices/v1/red/2022-9820,M,Luanda,Angola,,,,,,,theft and murder,Angola,
2022/9467,JOAO DE DEU OLIVEIRA GOMES,DOS SANTOS,1987/07/28,"AO, PT",https://ws-public.interpol.int/notices/v1/red/2022-9467/images/62364916,https://ws-public.interpol.int/notices/v1/red/2022-9467/images,https://ws-public.interpol.int/notices/v1/red/2022-9467,M,LUANDA,Angola,,,0.0,0.0,,,Murder,Angola,
2017/188060,MARIQUINHAS DOS ANJOS,NHAMGA DA COSTA,1994/09/02,AO,https://ws-public.interpol.int/notices/v1/red/2017-188060/images/60709034,https://ws-public.interpol.int/notices/v1/red/2017-188060/images,https://ws-public.interpol.int/notices/v1/red/2017-188060,F,Luanda,Angola,,,,,,,Murder,Brazil,
2016/78505,MALAHI IKECHUCWU,OBIDIOZOR,1979/06/30,"AO, NG",https://ws-public.interpol.int/notices/v1/red/2016-78505/images/60243377,https://ws-public.interpol.int/notices/v1/red/2016-78505/images,https://ws-public.interpol.int/notices/v1/red/2016-78505,M,,,,,0.0,0.0,"ENG, POR",,"kidnapping, roberry and ilegal possession of firearms",Angola,
2016/78799,NWOKORIE ALCACHI,STANLEY,1972/01/09,"AO, NG",https://ws-public.interpol.int/notices/v1/red/2016-78799/images/60244280,https://ws-public.interpol.int/notices/v1/red/2016-78799/images,https://ws-public.interpol.int/notices/v1/red/2016-78799,M,,,,,0.0,0.0,"POR, ENG",,"kidnapping, roberry and ilegal possession of firearms.",Angola,
2016/78540,AKACHI,VITUS,1984/06/13,"AO, NG",https://ws-public.interpol.int/notices/v1/red/2016-78540/images/60243457,https://ws-public.interpol.int/notices/v1/red/2016-78540/images,https://ws-public.interpol.int/notices/v1/red/2016-78540,M,,,,,0.0,0.0,"POR, ENG",,"Kidnapping, roberry and ilegal possession of firearms",Angola,
2016/73485,JÉSSICA ALEXANDRA,ALVES COELHO,1995/09/12,AO,https://ws-public.interpol.int/notices/v1/red/2016-73485/images/60226650,https://ws-public.interpol.int/notices/v1/red/2016-73485/images,https://ws-public.interpol.int/notices/v1/red/2016-73485,F,LISBOA,Portugal,,,0.0,0.0,,,Murder,Angola,
