entity_id,forename,name,date_of_birth,nationalities,thumbnail,images,self_link,sex_id,place_of_birth,country_of_birth,eyes_colors_id,hairs_id,height,weight,languages_spoken_ids,distinguishing_marks,arrest_charge,arrest_issuing_country,arrest_charge_translation
2022/29541,MOHAMED,NYABI,1979/12/11,NL,https://ws-public.interpol.int/notices/v1/red/2022-29541/images/62452048,https://ws-public.interpol.int/notices/v1/red/2022-29541/images,https://ws-public.interpol.int/notices/v1/red/2022-29541,M,VOORBURG,Netherlands,,,0.0,0.0,"DUT, ENG","NYABI possibly has tattoos on his right groin and left upper arm. Possibly the word "" MARTHA"". he has a scar on his right eyebrow and a mole on his collarbone.","participation in a criminal organisation, illicit trafficking in narcotic, drugs, psychotropic substances, kidnapping, illegal restraint and hostage-taking, prohibited possession of weapons",Netherlands,
2018/54796,JOHAIMA NATALI,HOLSMAN,1988/08/28,NL,,https://ws-public.interpol.int/notices/v1/red/2018-54796/images,https://ws-public.interpol.int/notices/v1/red/2018-54796,F,HOLANDA,Netherlands,,,0.0,0.0,,,"SEGUIDA POR LOS DELITOS DE ASOCIACIÓN ILÍCITA, CONTRABANDO Y TENTATIVA DE CONTRABANDO DE ESTUPEFACIENTES",Argentina,
2014/58818,THOMAS ANTONIUS WILHELMUS ARNOLDUS,VAN DER SOMMEN,1981/10/28,NL,https://ws-public.interpol.int/notices/v1/red/2014-58818/images/61115334,https://ws-public.interpol.int/notices/v1/red/2014-58818/images,https://ws-public.interpol.int/notices/v1/red/2014-58818,M,EINDHOVEN,Netherlands,,,0.0,0.0,DUT,,"Illegal trading in narcotics (soft and hard drugs), money laundering and assualt.",Netherlands,
2014/46981,VEDAT,VURGUN,1962/09/01,"NL, TR",https://ws-public.interpol.int/notices/v1/red/2014-46981/images/59576201,https://ws-public.interpol.int/notices/v1/red/2014-46981/images,https://ws-public.interpol.int/notices/v1/red/2014-46981,M,IGDIR,TÜRKIYE,,,0.0,0.0,TUR,,CRIMINAL ASSCIATION/ORGANISATION/GROUP,Romania,
2016/23323,MUSTAFA,AVCI,1966/01/11,NL,https://ws-public.interpol.int/notices/v1/red/2016-23323/images/60057564,https://ws-public.interpol.int/notices/v1/red/2016-23323/images,https://ws-public.interpol.int/notices/v1/red/2016-23323,M,GAZIANTEP,TÜRKIYE,,,0.0,0.0,,,"SETTING UP AN ORGANIZED CRIMINAL GROUP, SMUGGLING, MONEY LAUNDERING, CIRCULATING OF PRODUCTS WITH THE BRAND AS TRADEMARK ONES, WHICH CREATE PREJUDICE TO THE OWNER OF THE TRADEMARK PRODUCTS, INSTIGATION TO INTELLECTUAL FRAUD AND FORGERY TO A PRIVATE WRITTEN AGREEMENT",Romania,
2014/58231,CENGIZ,AKIN,1981/04/08,"NL, TR",https://ws-public.interpol.int/notices/v1/red/2014-58231/images/59729197,https://ws-public.interpol.int/notices/v1/red/2014-58231/images,https://ws-public.interpol.int/notices/v1/red/2014-58231,M,ROTTERDAM,Netherlands,,,0.0,0.0,,,"Homicide, aggravated assault, possession of a firearm and ammunition",Netherlands,
2015/6192,RASIT,TUNCER,1982/11/01,"NL, TR",https://ws-public.interpol.int/notices/v1/red/2015-6192/images/59709984,https://ws-public.interpol.int/notices/v1/red/2015-6192/images,https://ws-public.interpol.int/notices/v1/red/2015-6192,M,,Netherlands,,,,,,Scar underneath his eye.,4 offences of Illicit trafficking in narcotic drugs and psychotropic substances according to violation of section 191 subsection 2 cf subsection 1 number 2 of the Danish Penal Code,Denmark,
2014/54174,NAZIR AHMAD,CHAUDHRY,1947/06/07,NL,https://ws-public.interpol.int/notices/v1/red/2014-54174/images/59602312,https://ws-public.interpol.int/notices/v1/red/2014-54174/images,https://ws-public.interpol.int/notices/v1/red/2014-54174,M,SIALKOT,Netherlands,,,0.0,0.0,,,aggravated assault,Netherlands,
2011/40636,ANDREI,KUBACHEV,1955/11/16,"RU, NL",https://ws-public.interpol.int/notices/v1/red/2011-40636/images/59357558,https://ws-public.interpol.int/notices/v1/red/2011-40636/images,https://ws-public.interpol.int/notices/v1/red/2011-40636,M,SAINT-PETERSBURG TOWN,Russia,,['GRYG'],1.75,0.0,,,large scale fraud and attempt on large scale fraud,Russia,
2012/292923,KENT DOUGLAS,EATON,1944/02/22,"NL, US",https://ws-public.interpol.int/notices/v1/red/2012-292923/images/57939276,https://ws-public.interpol.int/notices/v1/red/2012-292923/images,https://ws-public.interpol.int/notices/v1/red/2012-292923,M,"ROCHESTER, NEW YORK",United States of America,['BLU'],['GRYG'],1.7,75.0,ENG,"EATON may be between 170 and 175 centimeters tall, weigh between 70 and 75 kilograms, and be balding with brown or white hair. EATON has a scar on his chin, lip, and neck, and may have dental deficiencies in his front teeth.","1) Lewd or lascivious acts with a child under 14 years
2) Oral copulation with a person under 18 years
3) Photographing a minor under 17 years while engaged in sexual conduct",United States of America,
2011/53253,TANJA ANAMARY,NIJMEIJER,1978/02/03,NL,https://ws-public.interpol.int/notices/v1/red/2011-53253/images/56020089,https://ws-public.interpol.int/notices/v1/red/2011-53253/images,https://ws-public.interpol.int/notices/v1/red/2011-53253,F,DENEKAMP,Netherlands,,['OTHD'],0.0,0.0,"ENG, GER, SPA, DUT",,"1) Conspiracy to Commit Hostage Taking (1 count)
2) Hostage Taking (3 counts)
3) Using a Firearm During a Crime of Violence (1 count)
4) Conspiracy to Provide Material Support to Terrorists (1 count)
5) Conspiracy to Provide Material Support or Resources to a Designated Foreign Terrorist Organization (1 count)",United States of America,
2011/4271,HASEN AMHAMED,AKSEMA,1975/08/20,NL,https://ws-public.interpol.int/notices/v1/red/2011-4271/images/54907329,https://ws-public.interpol.int/notices/v1/red/2011-4271/images,https://ws-public.interpol.int/notices/v1/red/2011-4271,M,TRIPOLI,Libya,,,0.0,0.0,"ENG, DUT, ITA, ARA",,"murder/accomplice, manslaughter accomplice,  kindnapping/accomplice, withdrawal of a minor of the competent authorities /accommplice, Falsification of a Passport",Netherlands,
