entity_id,forename,name,date_of_birth,nationalities,thumbnail,images,self_link,sex_id,place_of_birth,country_of_birth,eyes_colors_id,hairs_id,height,weight,languages_spoken_ids,distinguishing_marks,arrest_charge,arrest_issuing_country,arrest_charge_translation
2024/77918,SWANE,DLAMINI-MABUZA,1978/02/02,SZ,https://ws-public.interpol.int/notices/v1/red/2024-77918/images/63312945,https://ws-public.interpol.int/notices/v1/red/2024-77918/images,https://ws-public.interpol.int/notices/v1/red/2024-77918,F,"Lubombo Region, Siteki",Eswatini,,,,,"ENG, SSW",,Fraud and Money Laundering,Eswatini,
2024/77884,THULANI SYLVESTER,MABUZA,1969/12/08,SZ,https://ws-public.interpol.int/notices/v1/red/2024-77884/images/63312935,https://ws-public.interpol.int/notices/v1/red/2024-77884/images,https://ws-public.interpol.int/notices/v1/red/2024-77884,M,Lubombo Region,Eswatini,,,,,"ENG, SSW",,Fraud and Money Laundering,Eswatini,
2022/70767,WANDILE MPUMELELO,GINA,1990/02/02,SZ,https://ws-public.interpol.int/notices/v1/red/2022-70767/images/62577114,https://ws-public.interpol.int/notices/v1/red/2022-70767/images,https://ws-public.interpol.int/notices/v1/red/2022-70767,M,Lubombo/Siteki,Eswatini,['BRO'],['BLA'],,,"SSW, ENG",,Murder and Robbery,Eswatini,
2022/6549,SIGCINO TRAVIS,JELE,1989/01/02,SZ,https://ws-public.interpol.int/notices/v1/red/2022-6549/images/62357799,https://ws-public.interpol.int/notices/v1/red/2022-6549/images,https://ws-public.interpol.int/notices/v1/red/2022-6549,M,Shiselweni,Eswatini,,['BLA'],1.7,80.0,,,Murder and Armed Robbery,Eswatini,
2022/7123,PHINDA,SHONGWE,1989/03/15,SZ,https://ws-public.interpol.int/notices/v1/red/2022-7123/images/62355696,https://ws-public.interpol.int/notices/v1/red/2022-7123/images,https://ws-public.interpol.int/notices/v1/red/2022-7123,M,,Eswatini,['BLA'],['BLA'],,,SSW,,"Murder 
Armed Robbery",Eswatini,
2022/6578,KENNY SIFISO,TFWALA,1989/12/05,SZ,https://ws-public.interpol.int/notices/v1/red/2022-6578/images/62355957,https://ws-public.interpol.int/notices/v1/red/2022-6578/images,https://ws-public.interpol.int/notices/v1/red/2022-6578,M,"LUBOMBO, SIPHOFANENI",Eswatini,,['BLA'],1.65,75.0,,,Murder and Armed Robbery,Eswatini,
2022/6602,WANDILE MAKHOSONKHE,HLOPHE,1993/06/12,SZ,https://ws-public.interpol.int/notices/v1/red/2022-6602/images/62353888,https://ws-public.interpol.int/notices/v1/red/2022-6602/images,https://ws-public.interpol.int/notices/v1/red/2022-6602,M,Shiselweni,Eswatini,,['BLA'],,,SSW,,Murder and Armed Robbery,Eswatini,
2018/11650,SICELO SANDILE,ZIKALALA,1981/06/05,SZ,https://ws-public.interpol.int/notices/v1/red/2018-11650/images/60951810,https://ws-public.interpol.int/notices/v1/red/2018-11650/images,https://ws-public.interpol.int/notices/v1/red/2018-11650,M,HHOHHO,Eswatini,,,0.0,0.0,"ENG, SSW",,Murder,Eswatini,
2016/46336,MFUNDO MSATJI,TSABEDZE,1986/05/22,SZ,https://ws-public.interpol.int/notices/v1/red/2016-46336/images/60133835,https://ws-public.interpol.int/notices/v1/red/2016-46336/images,https://ws-public.interpol.int/notices/v1/red/2016-46336,M,"MALINDZA, SITEKI LUBOMBO REGION",Eswatini,['BLA'],['BLA'],1.6,75.0,"SSW, ENG",,"Murder, Attempted Murder and Robber",Eswatini,
2015/51910,THANDIWE SELLINAH,MLILO,1970/04/14,SZ,https://ws-public.interpol.int/notices/v1/red/2015-51910/images/59860564,https://ws-public.interpol.int/notices/v1/red/2015-51910/images,https://ws-public.interpol.int/notices/v1/red/2015-51910,F,"SHISELWENI, MTHOMBE",Eswatini,['BLA'],['BLA'],1.62,0.0,"ENG, SSW",,Murder,Eswatini,
2015/42236,NKOSINATHI NATHI,MOTSA,1984/02/15,SZ,https://ws-public.interpol.int/notices/v1/red/2015-42236/images/59830738,https://ws-public.interpol.int/notices/v1/red/2015-42236/images,https://ws-public.interpol.int/notices/v1/red/2015-42236,M,"NGWANE PARK, MANZINI REGION",Eswatini,['BLA'],['BLA'],0.0,0.0,"SSW, ENG",,"Murder, Attempted Murder and Robbery",Eswatini,
2015/42104,DUMSANI PAPA,STEWART,1982/09/28,SZ,https://ws-public.interpol.int/notices/v1/red/2015-42104/images/59830465,https://ws-public.interpol.int/notices/v1/red/2015-42104/images,https://ws-public.interpol.int/notices/v1/red/2015-42104,M,"MALIYADUMA, MANZINI REGION",Eswatini,['BRO'],['BLA'],0.0,0.0,"SSW, ENG",,"Murder, Attempted Murder and Robbery",Eswatini,
2015/42000,AARON MACARONE,MOTSA,1979/03/25,SZ,https://ws-public.interpol.int/notices/v1/red/2015-42000/images/59830087,https://ws-public.interpol.int/notices/v1/red/2015-42000/images,https://ws-public.interpol.int/notices/v1/red/2015-42000,M,"BULUNGA, MANZINI REGION",Eswatini,['BRO'],['BLA'],0.0,0.0,"SSW, ENG",,"Murder, Attempted Murder and Robbery",Eswatini,
2015/10249,GUGU FAITH,ZULU,1984/08/13,SZ,https://ws-public.interpol.int/notices/v1/red/2015-10249/images/59722935,https://ws-public.interpol.int/notices/v1/red/2015-10249/images,https://ws-public.interpol.int/notices/v1/red/2015-10249,F,SWAZILAND,,['BLA'],['BLA'],0.0,0.0,"ENG, SSW",,FRAUD,Eswatini,
2014/35530,MOREBLESSING,MAVUSO,1974/11/04,"SZ, ZW",https://ws-public.interpol.int/notices/v1/red/2014-35530/images/59536356,https://ws-public.interpol.int/notices/v1/red/2014-35530/images,https://ws-public.interpol.int/notices/v1/red/2014-35530,F,BULAWAYO,Zimbabwe,['BLA'],['BLA'],1.62,0.0,"SSW, NBL, ENG",,"Fraud, Corruption",Eswatini,
2014/35154,SIPHO GIFT,SITHOLE,1983/03/27,SZ,https://ws-public.interpol.int/notices/v1/red/2014-35154/images/59534049,https://ws-public.interpol.int/notices/v1/red/2014-35154/images,https://ws-public.interpol.int/notices/v1/red/2014-35154,M,"SHISELWENI, MAKHAVA",Eswatini,['BLA'],['BLA'],1.63,0.0,"ENG, SSW",,Murder and Escaping from Lawful Custody,Eswatini,
2011/41758,BHEKUMUSA MAWILLIS,SHIBA,1979/06/25,"ZA, SZ",https://ws-public.interpol.int/notices/v1/red/2011-41758/images/61284914,https://ws-public.interpol.int/notices/v1/red/2011-41758/images,https://ws-public.interpol.int/notices/v1/red/2011-41758,M,HHOHHO REGION,Eswatini,['BRO'],['BLA'],0.0,0.0,"SSW, ZUL, ENG",,Game Act,Eswatini,
