entity_id,forename,name,date_of_birth,nationalities,thumbnail,images,self_link,sex_id,place_of_birth,country_of_birth,eyes_colors_id,hairs_id,height,weight,languages_spoken_ids,distinguishing_marks,arrest_charge,arrest_issuing_country,arrest_charge_translation
2023/37044,FREDY,PRATAMA,1985/06/25,ID,https://ws-public.interpol.int/notices/v1/red/2023-37044/images/62767072,https://ws-public.interpol.int/notices/v1/red/2023-37044/images,https://ws-public.interpol.int/notices/v1/red/2023-37044,M,BANJARMASIN,Indonesia,,['BLA'],0.0,0.0,"ENG, IND",,Narotics Crime,Indonesia,
2022/76191,EVELINA FADIL,PIETRUSCHKA,1961/09/21,ID,https://ws-public.interpol.int/notices/v1/red/2022-76191/images/62597229,https://ws-public.interpol.int/notices/v1/red/2022-76191/images,https://ws-public.interpol.int/notices/v1/red/2022-76191,F,JAKARTA,,['BLA'],['BLA'],0.0,0.0,"IND, ENG",,embezzlement,Indonesia,
2022/76198,MANFRED ARMIN,PIETRUSCHKA,1959/02/06,ID,https://ws-public.interpol.int/notices/v1/red/2022-76198/images/62597248,https://ws-public.interpol.int/notices/v1/red/2022-76198/images,https://ws-public.interpol.int/notices/v1/red/2022-76198,M,Jakarta,,['BLA'],['BLA'],,,,,embezzlement,Indonesia,
2022/54581,RANDY,MENDOMBA,1976/04/09,ID,https://ws-public.interpol.int/notices/v1/red/2022-54581/images/62523154,https://ws-public.interpol.int/notices/v1/red/2022-54581/images,https://ws-public.interpol.int/notices/v1/red/2022-54581,M,,Philippines,['BLA'],['BLA'],1.7,0.0,"PHI, IND",,firearms smuggling,Indonesia,
2022/54328,EDO,KURNIAWAN,1985/07/10,ID,https://ws-public.interpol.int/notices/v1/red/2022-54328/images/62520762,https://ws-public.interpol.int/notices/v1/red/2022-54328/images,https://ws-public.interpol.int/notices/v1/red/2022-54328,M,SEMARANG,Indonesia,,,0.0,0.0,"IND, ENG",,"a) Abetment of criminal breach of trust by servant
b) Abetment of falsification of accounts
c) Abetment of transfer of benefits from criminal conduct
d) Acquiring benefits from criminal conduct",Singapore,
2019/112634,RICHARD JUDE,DASCHBACH,1937/01/26,"US, ID",https://ws-public.interpol.int/notices/v1/red/2019-112634/images/61604114,https://ws-public.interpol.int/notices/v1/red/2019-112634/images,https://ws-public.interpol.int/notices/v1/red/2019-112634,M,Pennsylvania,United States of America,['BROH'],['GRY'],1.8,72.0,"TET, IND, ENG",,Wire Fraud (3 Counts),United States of America,
2016/10434,SOFYAN ISKANDAR,NUGROHO,1968/04/04,ID,https://ws-public.interpol.int/notices/v1/red/2016-10434/images/60010877,https://ws-public.interpol.int/notices/v1/red/2016-10434/images,https://ws-public.interpol.int/notices/v1/red/2016-10434,M,"SEMARANG, CENTRAL JAVA",Indonesia,['BRO'],['BLA'],1.7,82.0,ENG,NUGROHO has a mole on the right cheek.,"1) Lewd or lascivious act upon a child under 14 (2 counts) 
2) Aggravated sexual assault of a child under 14, and 10 or more years younger than the perpetrator
3) Oral copulation or sexual penetration with a child 10 years of age or younger
4) Oral copulation with a child under 14, and more than 10 years younger than the perpetrator (2 counts)",United States of America,
2014/349,,DJATMIKO FEBRI IRWANSYAH,1982/02/25,ID,https://ws-public.interpol.int/notices/v1/red/2014-349/images/59387389,https://ws-public.interpol.int/notices/v1/red/2014-349/images,https://ws-public.interpol.int/notices/v1/red/2014-349,M,,Indonesia,,,0.0,0.0,IND,,Murder,Singapore,
