entity_id,forename,name,date_of_birth,nationalities,thumbnail,images,self_link,sex_id,place_of_birth,country_of_birth,eyes_colors_id,hairs_id,height,weight,languages_spoken_ids,distinguishing_marks,arrest_charge,arrest_issuing_country,arrest_charge_translation
2018/98367,WAHID,ALNADI,1958/02/18,JO,https://ws-public.interpol.int/notices/v1/red/2018-98367/images/61221600,https://ws-public.interpol.int/notices/v1/red/2018-98367/images,https://ws-public.interpol.int/notices/v1/red/2018-98367,M,,Jordan,['BRO'],['BLA'],1.68,109.0,"ARA, ENG","Tattoo left upper arm, scripture (faded, in the process of being removed).  Full dentures.","Assault x2, Mischief, Sexual Assault x2, Sexual Interference, Incest x2, Breach of Undertaking x2, Breach of Recognizance x2",Canada,
2012/320406,ALI,HASAN,1969/04/20,JO,https://ws-public.interpol.int/notices/v1/red/2012-320406/images/57409975,https://ws-public.interpol.int/notices/v1/red/2012-320406/images,https://ws-public.interpol.int/notices/v1/red/2012-320406,M,ZARQA,Jordan,['BROH'],['BLA'],1.755,69.5,"ARA, ENG",HASAN  may have mustache.,Aggravated assault,United States of America,
2004/39515,NEMIR NASRI,TASHMAN,1965/03/21,"US, JO",https://ws-public.interpol.int/notices/v1/red/2004-39515/images/60038345,https://ws-public.interpol.int/notices/v1/red/2004-39515/images,https://ws-public.interpol.int/notices/v1/red/2004-39515,M,,Jordan,['BROH'],['BLA'],1.725,81.5,"ENG, PER, ARA",,"1) Conspiracy to commit murder 
2) Attempted premeditated murder
3) Solicitation of murder",United States of America,
