entity_id,forename,name,date_of_birth,nationalities,thumbnail,images,self_link,sex_id,place_of_birth,country_of_birth,eyes_colors_id,hairs_id,height,weight,languages_spoken_ids,distinguishing_marks,arrest_charge,arrest_issuing_country,arrest_charge_translation
2020/26825,DUSAN,SPASOJEVIC,1954/06/25,"BA, RS",https://ws-public.interpol.int/notices/v1/red/2020-26825/images/61775048,https://ws-public.interpol.int/notices/v1/red/2020-26825/images,https://ws-public.interpol.int/notices/v1/red/2020-26825,M,"MALESIC, ZVORNIK",Bosnia & Herzegovina,,,0.0,0.0,SRP,,WAR CRIMES AGAINST CIVILIANS,Bosnia & Herzegovina,
2020/16720,IZET,REDZOVIC,1970/09/18,"RS, BA",https://ws-public.interpol.int/notices/v1/red/2020-16720/images/61739652,https://ws-public.interpol.int/notices/v1/red/2020-16720/images,https://ws-public.interpol.int/notices/v1/red/2020-16720,M,BELGRADE,Serbia,,,,,BOS,,ORGANIZED CRIME IN CONJUNCTION WITH THE CRIMINAL OFFENCES OF FORGERY OF A DOCUMENT AND CERTIFICATION OF UNTRUE CONTENT,Bosnia & Herzegovina,
2020/12921,MILOJKO,KOVACEVIC,1962/05/19,"BA, RS",https://ws-public.interpol.int/notices/v1/red/2020-12921/images/61726071,https://ws-public.interpol.int/notices/v1/red/2020-12921/images,https://ws-public.interpol.int/notices/v1/red/2020-12921,M,VISEGRAD,Bosnia & Herzegovina,,,0.0,0.0,,,-CRIMES CONTRE LHUMANITE,Bosnia & Herzegovina,
2019/105165,DRAGAN,MARJANOVIC,1971/11/07,"RS, BA",https://ws-public.interpol.int/notices/v1/red/2019-105165/images/61659969,https://ws-public.interpol.int/notices/v1/red/2019-105165/images,https://ws-public.interpol.int/notices/v1/red/2019-105165,M,TESLIC,Bosnia & Herzegovina,,,0.0,0.0,,,- CRIMES CONTRE L'HUMANITE,Bosnia & Herzegovina,
2019/15223,ZORAN,ADAMOVIC,1963/11/08,"RS, BA",https://ws-public.interpol.int/notices/v1/red/2019-15223/images/61275087,https://ws-public.interpol.int/notices/v1/red/2019-15223/images,https://ws-public.interpol.int/notices/v1/red/2019-15223,M,KLJUC,Bosnia & Herzegovina,,,0.0,0.0,,,CRIMES AGAINST HUMANITY,Bosnia & Herzegovina,
2018/62956,SLOBODAN,KOSTOVSKI,1953/12/04,RS,https://ws-public.interpol.int/notices/v1/red/2018-62956/images/61113478,https://ws-public.interpol.int/notices/v1/red/2018-62956/images,https://ws-public.interpol.int/notices/v1/red/2018-62956,M,,Serbia,,,,,,,International Drug Trafficking,Brazil,
2018/15750,MIROSLAV,DUKA,1960/06/06,"BA, RS",https://ws-public.interpol.int/notices/v1/red/2018-15750/images/60965787,https://ws-public.interpol.int/notices/v1/red/2018-15750/images,https://ws-public.interpol.int/notices/v1/red/2018-15750,M,"DOLOVI, STOLAC",Bosnia & Herzegovina,,,0.0,0.0,,,CRIMES AGAINST HUMANITY,Bosnia & Herzegovina,
2018/12068,RAJKO,DRAKULIC,1964/01/28,"RS, BA",https://ws-public.interpol.int/notices/v1/red/2018-12068/images/60952839,https://ws-public.interpol.int/notices/v1/red/2018-12068/images,https://ws-public.interpol.int/notices/v1/red/2018-12068,M,"TIKVARICI, VLASENICA",Bosnia & Herzegovina,,,0.0,0.0,,,GENOCIDE,Bosnia & Herzegovina,
2017/197805,VINKO,LAZIC,1959/05/10,"RS, BA",https://ws-public.interpol.int/notices/v1/red/2017-197805/images/60740492,https://ws-public.interpol.int/notices/v1/red/2017-197805/images,https://ws-public.interpol.int/notices/v1/red/2017-197805,M,"GORNJA KRCINA, UGLJEVIK",Bosnia & Herzegovina,,,0.0,0.0,,,CRIMES AGAINST HUMANITY,Bosnia & Herzegovina,
2017/198433,BLAGOJE,VOJVODIC,1962/09/27,"BA, RS",https://ws-public.interpol.int/notices/v1/red/2017-198433/images/60743052,https://ws-public.interpol.int/notices/v1/red/2017-198433/images,https://ws-public.interpol.int/notices/v1/red/2017-198433,M,"KOPRIVNO, MUNICIPALITY MILICI",Bosnia & Herzegovina,,,0.0,0.0,,,CRIME AGAINST HUMANITY,Bosnia & Herzegovina,
2017/198567,CEDO,BOGICEVIC,1971/03/04,"BA, RS",https://ws-public.interpol.int/notices/v1/red/2017-198567/images/60743661,https://ws-public.interpol.int/notices/v1/red/2017-198567/images,https://ws-public.interpol.int/notices/v1/red/2017-198567,M,VLASENICA,Bosnia & Herzegovina,,,0.0,0.0,,,CRIME AGAINST HUMANITY,Bosnia & Herzegovina,
2017/161270,JOVAN,BJELOTOMIC,1996/03/26,"BA, RS",https://ws-public.interpol.int/notices/v1/red/2017-161270/images/60634297,https://ws-public.interpol.int/notices/v1/red/2017-161270/images,https://ws-public.interpol.int/notices/v1/red/2017-161270,M,BIJELJINA,Bosnia & Herzegovina,,,,,SRP,,ROBBERY,Bosnia & Herzegovina,
2017/134486,SVETOZAR,KOSORIC,1953/05/22,"BA, RS",,https://ws-public.interpol.int/notices/v1/red/2017-134486/images,https://ws-public.interpol.int/notices/v1/red/2017-134486,M,KUSACE-HAN PIJESAK,Bosnia & Herzegovina,,,0.0,0.0,,,GENOCIDE,Bosnia & Herzegovina,
2016/53980,SLOBODANKA,TOSIC,1986/03/07,"RS, BA",https://ws-public.interpol.int/notices/v1/red/2016-53980/images/60165014,https://ws-public.interpol.int/notices/v1/red/2016-53980/images,https://ws-public.interpol.int/notices/v1/red/2016-53980,F,SARAJEVO,Bosnia & Herzegovina,,,,,,,CRIMINAL ORGANIZATION AND MURDER IN CONNECTION WITH ATTEMPT AND COMPLICITY,Bosnia & Herzegovina,
2016/49747,DAVOR,ELEZ,1977/01/09,"BA, RS",https://ws-public.interpol.int/notices/v1/red/2016-49747/images/60145570,https://ws-public.interpol.int/notices/v1/red/2016-49747/images,https://ws-public.interpol.int/notices/v1/red/2016-49747,M,SARAJEVO,Bosnia & Herzegovina,['OTHD'],['OTHD'],1.8,90.0,,,"1) ORGANISED CRIME IN CONNECTION WITH AGGRAVATED MURDER
2) ORGANISED CRIME IN CONNECTION WITH CONSPIRACY TO COMMIT A CRIMINAL OFFENCE IN CONNECTION WITH AGGRAVATED MURDER
3)ORGANISED CRIME IN CONNECTION WITH MONEY LAUNDERING IN CONCURRENCE WITH ORGANISED CRIMINAL GROUP IN CONNECTION WITH ROBBERY",Bosnia & Herzegovina,
2013/71794,BOSKO,LUKIC,1940/11/25,"BA, RS",https://ws-public.interpol.int/notices/v1/red/2013-71794/images/59382484,https://ws-public.interpol.int/notices/v1/red/2013-71794/images,https://ws-public.interpol.int/notices/v1/red/2013-71794,M,FAJTOVCI/KLJUC,Bosnia & Herzegovina,,,0.0,0.0,,,Crimes against humanity,Bosnia & Herzegovina,
2013/63114,IVAN,MILOVANOVIC,1975/08/27,RS,https://ws-public.interpol.int/notices/v1/red/2013-63114/images/59344091,https://ws-public.interpol.int/notices/v1/red/2013-63114/images,https://ws-public.interpol.int/notices/v1/red/2013-63114,M,UZICE,Serbia,,,,,SRP,,"1. Armed Robbery
2. Conspiracy to commit the felony of Armed Robbery",Cyprus,
2012/330822,SASA,DUNOVIC,1973/04/19,RS,https://ws-public.interpol.int/notices/v1/red/2012-330822/images/60303046,https://ws-public.interpol.int/notices/v1/red/2012-330822/images,https://ws-public.interpol.int/notices/v1/red/2012-330822,M,MRKONJIC GRAD,Bosnia & Herzegovina,,,0.0,0.0,,,CRIME AGAINST HUMANITY,Bosnia & Herzegovina,
2007/4756,KOMNEN,CPAJAK,1967/05/10,RS,https://ws-public.interpol.int/notices/v1/red/2007-4756/images/53643728,https://ws-public.interpol.int/notices/v1/red/2007-4756/images,https://ws-public.interpol.int/notices/v1/red/2007-4756,M,"Mrckovina, Brodarevo",Serbia,,,,,SRP,,Aggravated murder,Montenegro,
