entity_id,forename,name,date_of_birth,nationalities,thumbnail,images,self_link,sex_id,place_of_birth,country_of_birth,eyes_colors_id,hairs_id,height,weight,languages_spoken_ids,distinguishing_marks,arrest_charge,arrest_issuing_country,arrest_charge_translation
2024/83406,MOUATASSIM,ZOUAOUI,2000/06/19,DZ,https://ws-public.interpol.int/notices/v1/red/2024-83406/images/63290145,https://ws-public.interpol.int/notices/v1/red/2024-83406/images,https://ws-public.interpol.int/notices/v1/red/2024-83406,M,Setif,Algeria,,,,,,,"- VIOL COMMIS SUR UNE PERSONNE EN SITUATION DE PRÉCARITÉ ÉCONOMIQUE OU SOCIALE 
- ADMINISTRATION DE SUBSTANCE NUISIBLE AYANT ENTRAÎNÉ LA MORT SANS INTENTION DE LA DONNER 
- CESSION OU OFFRE DE STUPÉFIANTS A UN MINEUR EN VUE DE SA CONSOMMATION PERSONNELLE 
- PROXÉNÉTISME AGGRAVE: VICTIME MINEURE DE 15 A 18 ANS",France,
2024/21204,LOFTI,TOUIL,1995/04/06,DZ,https://ws-public.interpol.int/notices/v1/red/2024-21204/images/63035119,https://ws-public.interpol.int/notices/v1/red/2024-21204/images,https://ws-public.interpol.int/notices/v1/red/2024-21204,M,ES SENIA,Algeria,,,,,ARA,,ASSASSINAT,France,
2012/294610,ADERFI KARIM,OUALI,1976/05/21,"FR, DZ",https://ws-public.interpol.int/notices/v1/red/2012-294610/images/56838934,https://ws-public.interpol.int/notices/v1/red/2012-294610/images,https://ws-public.interpol.int/notices/v1/red/2012-294610,M,PARIS- 17ÈME,France,,,,,"ENG, FRE",tatouage sur la cuisse (cf photo),*Crime – Assassinat,France,
2011/36373,BADIS,MAZOUNI,1968/01/21,"DZ, US, FR",https://ws-public.interpol.int/notices/v1/red/2011-36373/images/58154795,https://ws-public.interpol.int/notices/v1/red/2011-36373/images,https://ws-public.interpol.int/notices/v1/red/2011-36373,M,BROGER,United States of America,,,,,,,"- ESCROQUERIE RÉALISÉE EN BANDE ORGANISÉE 
- BLANCHIMENT EN BANDE ORGANISÉE",France,
2023/40891,RABIE,RIFFI,1986/02/10,DZ,https://ws-public.interpol.int/notices/v1/red/2023-40891/images/62783678,https://ws-public.interpol.int/notices/v1/red/2023-40891/images,https://ws-public.interpol.int/notices/v1/red/2023-40891,M,Benisaf,Algeria,,,,,,,"ARRESTATION, ENLEVEMENT, SEQUESTRATION OU DETENTION ARBITRAIRE COMMIS EN BANDE ORGANISEE - EXTORSION EN BANDE ORGANISEE COMMISE AVEC UNE ARME",France,
2022/9907,ABDELKADER,BOUGUETTAIA,1987/06/29,"DZ, FR",https://ws-public.interpol.int/notices/v1/red/2022-9907/images/62770701,https://ws-public.interpol.int/notices/v1/red/2022-9907/images,https://ws-public.interpol.int/notices/v1/red/2022-9907,M,LE HAVRE,France,,,0.0,0.0,FRE,,"- PARTICIPATION A ASSOCIATION DE MALFAITEURS EN VUE DE LA PRÉPARATION D'UN DÉLIT PUNI DE 10 ANS D'EMPRISONNEMENT EN RÉCIDIVE 
- COMPLICITÉ DE TENTATIVE DE DÉTENTION NON AUTORISÉE DE STUPÉFIANTS EN RÉCIDIVE
- COMPLICITÉ DE TENTATIVE D'IMPORTATION NON AUTORISÉE DE STUPÉFIANTS EN RÉCIDIVE
- TENTATIVE D'IMPORTATION EN CONTREBANDE ET EN BANDE ORGANISÉE DE MARCHANDISE· PROHIBÉE EN RÉCIDIVE
- COMPLICITÉ DE TENTATIVE DE TRANSPORT NON AUTORISE DE STUPÉFIANTS EN RÉCIDIVE 
- COMPLICITÉ DE TENTATIVE D'OFFRE OU CESSION NON AUTORISÉE DE STUPÉFIANTS EN RÉCIDIVE 
- COMPLICITÉ DE TENTATIVE D'ACQUISITION NON AUTORISÉE DE STUPÉFIANTS EN RÉCIDIVE
- TENTATIVE DE DÉTENTION DE MARCHANDISE DANGEREUSE POUR LA SANTÉ PUBLIQUE (STUPÉFIANT) SANS DOCUMENT JUSTIFICATIF RÉGULIER : FAIT REPUTE IMPORTATION EN CONTREBANDE EN RÉCIDIVE
- TENTATIVE DE TRANSPORT DE MARCHANDISE DANGEREUSE POUR LA SANTÉ PUBLIQUE (STUPÉFIANT) SANS DOCUMENT JUSTIFICATIF RÉGULIER : FAIT REPUTE IMPORTATION EN CONTREBANDE EN RÉCIDIVE",France,
2022/6898,WISSAM,OUNISSI,1987/05/11,DZ,https://ws-public.interpol.int/notices/v1/red/2022-6898/images/62354969,https://ws-public.interpol.int/notices/v1/red/2022-6898/images,https://ws-public.interpol.int/notices/v1/red/2022-6898,M,EL HARRACH,Algeria,,,,,ARA,,"- MENACES DE MORT
- VOL AGGRAVE
- VIOLENCES AGGRAVÉES
- ACQUISITION DE STUPÉFIANTS
- DÉTENTION DE STUPÉFIANTS
- TRANSPORT DE STUPÉFIANTS",France,
2022/7551,ABDENOUR,DJABRI,1981/09/22,"DZ, BE",https://ws-public.interpol.int/notices/v1/red/2022-7551/images/62357273,https://ws-public.interpol.int/notices/v1/red/2022-7551/images,https://ws-public.interpol.int/notices/v1/red/2022-7551,M,ORAN,Algeria,,,0.0,0.0,,,murder,Poland,
2017/200922,KHELIL,BOURABAH,1975/08/06,DZ,https://ws-public.interpol.int/notices/v1/red/2017-200922/images/62356033,https://ws-public.interpol.int/notices/v1/red/2017-200922/images,https://ws-public.interpol.int/notices/v1/red/2017-200922,M,Biskra,Algeria,,,,,,,- MEURTRE,France,
2021/37930,ISMAIL,MEHALI,1985/03/09,"DZ, BA",https://ws-public.interpol.int/notices/v1/red/2021-37930/images/62169419,https://ws-public.interpol.int/notices/v1/red/2021-37930/images,https://ws-public.interpol.int/notices/v1/red/2021-37930,M,TIPAZA KOLEA,Algeria,['BRO'],['BLA'],1.87,0.0,ARA,,MURDER,Bosnia & Herzegovina,
2021/17893,MAACHOU FEKHR EDDINE,BOUCHERBOUCHE,1995/05/01,DZ,https://ws-public.interpol.int/notices/v1/red/2021-17893/images/62046307,https://ws-public.interpol.int/notices/v1/red/2021-17893/images,https://ws-public.interpol.int/notices/v1/red/2021-17893,M,SIDI BEL ABBES,Algeria,,,1.73,,"ARA, FRE",,"Viol sur mineur de 15 ans
Agression sexuelle sur mineur de 15 ans",France,
2007/23394,ALI,SEBTI,1967/05/10,DZ,,https://ws-public.interpol.int/notices/v1/red/2007-23394/images,https://ws-public.interpol.int/notices/v1/red/2007-23394,M,AIN MELILA,,,,0.0,0.0,,,"MURDER, SERIOUS ASSAULT",Switzerland,
2017/289227,YOUCEF ABDERAHIM,BOURAS,1997/05/08,"DZ, CA",https://ws-public.interpol.int/notices/v1/red/2017-289227/images/60895994,https://ws-public.interpol.int/notices/v1/red/2017-289227/images,https://ws-public.interpol.int/notices/v1/red/2017-289227,M,,Algeria,['BRO'],['BLA'],1.75,65.0,FRE,,First degree murder,Canada,
2017/8853,FARID,AGGOUN,1983/06/06,DZ,https://ws-public.interpol.int/notices/v1/red/2017-8853/images/60304636,https://ws-public.interpol.int/notices/v1/red/2017-8853/images,https://ws-public.interpol.int/notices/v1/red/2017-8853,M,BOGHNI,Algeria,,,0.0,0.0,FRE,,Tentative de meurtre.,France,
2015/86170,RYAD,ZIAR,1995/11/20,DZ,https://ws-public.interpol.int/notices/v1/red/2015-86170/images/59973154,https://ws-public.interpol.int/notices/v1/red/2015-86170/images,https://ws-public.interpol.int/notices/v1/red/2015-86170,M,,Algeria,['BRO'],['BLA'],1.83,84.0,"ARA, FRE, ENG",ZIAR may weigh between 82 and 86 kilograms.,"1) Sexual Abuse in the Third Degree (3 Counts)
2) Assault Causing Bodily Injury",United States of America,
2013/59824,KOUIDER,FARID,1972/03/10,DZ,https://ws-public.interpol.int/notices/v1/red/2013-59824/images/59292399,https://ws-public.interpol.int/notices/v1/red/2013-59824/images,https://ws-public.interpol.int/notices/v1/red/2013-59824,M,ROUIBA ALGER,Algeria,,,0.0,0.0,,,Murder.,China,
2013/52008,MOKHTAR,BELMOKHTAR,1972/06/01,DZ,https://ws-public.interpol.int/notices/v1/red/2013-52008/images/59153179,https://ws-public.interpol.int/notices/v1/red/2013-52008/images,https://ws-public.interpol.int/notices/v1/red/2013-52008,M,GHARDAIA,Algeria,,,0.0,0.0,"ARA, FRE","Blind in left eye, scar on face","1. Between December 14, 2008 and April 23, 2009, at or near Niamey, Niger and elsewhere in Niger and Mali, did take Robert FOWLER hostage for the benefit or, at the direction of or in association with a terrorist group. 2. Between December 14, 2008 and April 23, 2009, at or near Niamey, Niger and elsewhere in Niger and Mali, did take Louis GUAY hostage for the benefit or, at the direction of or in association with a terrorist group.",Canada,
2011/56608,COL. MOHAMED BEN,M'HAMED,1936/01/25,"DZ, US",https://ws-public.interpol.int/notices/v1/red/2011-56608/images/56112229,https://ws-public.interpol.int/notices/v1/red/2011-56608/images,https://ws-public.interpol.int/notices/v1/red/2011-56608,M,,,['BLA'],['BLA'],1.78,80.0,ENG,,"Criminal Conspiracy, Cheating",India,
