entity_id,forename,name,date_of_birth,nationalities,thumbnail,images,self_link,sex_id,place_of_birth,country_of_birth,eyes_colors_id,hairs_id,height,weight,languages_spoken_ids,distinguishing_marks,arrest_charge,arrest_issuing_country,arrest_charge_translation
2018/81321,RAJU,DHALY,1984/01/01,BD,https://ws-public.interpol.int/notices/v1/red/2018-81321/images/61168820,https://ws-public.interpol.int/notices/v1/red/2018-81321/images,https://ws-public.interpol.int/notices/v1/red/2018-81321,M,"MADYA BALIA, FARACKABAD, CHANDPUR SADAR, CHANDPUR",Bangladesh,,['BLA'],0.0,0.0,,,Murder,Singapore,
2023/42686,MD,MILON,1988/12/10,BD,https://ws-public.interpol.int/notices/v1/red/2023-42686/images/62788311,https://ws-public.interpol.int/notices/v1/red/2023-42686/images,https://ws-public.interpol.int/notices/v1/red/2023-42686,M,Dhaka,Bangladesh,['BLA'],['BLA'],1.65,75.0,ENG,,Murder,Eswatini,
2023/44042,BAPARY,LITON,1980/02/01,BD,https://ws-public.interpol.int/notices/v1/red/2023-44042/images/62792646,https://ws-public.interpol.int/notices/v1/red/2023-44042/images,https://ws-public.interpol.int/notices/v1/red/2023-44042,M,Dhaka,Bangladesh,['BLA'],['BLA'],1.7,85.0,ENG,,Attempted Murder,Eswatini,
2023/17153,RABIUL,RABIUL ISLAM,1987/08/19,BD,https://ws-public.interpol.int/notices/v1/red/2023-17153/images/62690608,https://ws-public.interpol.int/notices/v1/red/2023-17153/images,https://ws-public.interpol.int/notices/v1/red/2023-17153,M,Bagerhat,Bangladesh,,,,,BEN,,Murder,Bangladesh,
2020/71856,JAFOR,EKBAL,1982/06/02,BD,https://ws-public.interpol.int/notices/v1/red/2020-71856/images/61936372,https://ws-public.interpol.int/notices/v1/red/2020-71856/images,https://ws-public.interpol.int/notices/v1/red/2020-71856,M,KISHOREGANJ,Bangladesh,['BLA'],['BLA'],0.0,0.0,BEN,,"Causing deception and alluring for suitable job, wrongfully confining and killing with demanding ransom by Organized Human trafficker with a view to unlawful gain",Bangladesh,
2020/72078,,TANZIRUL,1984/12/18,BD,https://ws-public.interpol.int/notices/v1/red/2020-72078/images/61937244,https://ws-public.interpol.int/notices/v1/red/2020-72078/images,https://ws-public.interpol.int/notices/v1/red/2020-72078,M,KISHOREGANJ,Bangladesh,['BLA'],['BLA'],0.0,0.0,BEN,,"Causing deception and alluring for suitable job, wrongfully confining and killing with demanding ransom by Organized Human traffickers with a view to unlawful gain.",Bangladesh,
2020/72090,,SHAPAN,1991/12/29,BD,https://ws-public.interpol.int/notices/v1/red/2020-72090/images/61937290,https://ws-public.interpol.int/notices/v1/red/2020-72090/images,https://ws-public.interpol.int/notices/v1/red/2020-72090,M,KISHOREGANJ,Bangladesh,['BLA'],['BLA'],0.0,0.0,BEN,,"Causing deception and alluring for suitable job, wrongfully confining and killing with demanding ransom by Organized Human trafficker  with a view to unlawful gain.",Bangladesh,
2020/72084,NAZRUL ISLAM,MOLLA,1977/05/04,BD,https://ws-public.interpol.int/notices/v1/red/2020-72084/images/61937263,https://ws-public.interpol.int/notices/v1/red/2020-72084/images,https://ws-public.interpol.int/notices/v1/red/2020-72084,M,MADARIPUR,Bangladesh,['BLA'],['BLA'],0.0,0.0,BEN,,"Causing deception and alluring for suitable job, wrongfully confining and killing with demanding ransom by Organized Human trafficker with a view to unlawful gain.",Bangladesh,
2020/70980,MINTO,MIA,1979/02/12,BD,https://ws-public.interpol.int/notices/v1/red/2020-70980/images/61933077,https://ws-public.interpol.int/notices/v1/red/2020-70980/images,https://ws-public.interpol.int/notices/v1/red/2020-70980,M,KISHOREGANJ,Bangladesh,,,0.0,0.0,BEN,,"Causing deception and alluring for suitable job, wrongfully confining and killing with demanding ransom by Organized Human trafficker  with a view to unlawful gain",Bangladesh,
2019/59081,WASIM,WASIM,1984/12/10,BD,https://ws-public.interpol.int/notices/v1/red/2019-59081/images/61439642,https://ws-public.interpol.int/notices/v1/red/2019-59081/images,https://ws-public.interpol.int/notices/v1/red/2019-59081,M,Tangail,Bangladesh,,,,,"ARA, ENG, BEN",,To produce and distribute pornography through internet and mobile phone,Bangladesh,
2019/54258,ALAM,KHORSHED,1983/01/11,BD,https://ws-public.interpol.int/notices/v1/red/2019-54258/images/61423986,https://ws-public.interpol.int/notices/v1/red/2019-54258/images,https://ws-public.interpol.int/notices/v1/red/2019-54258,M,LAKSHMIPUR,Bangladesh,,,,,,,"Murder, grievous bodily injury",Belgium,
2018/89585,GIAS,UDDIN,1970,BD,,https://ws-public.interpol.int/notices/v1/red/2018-89585/images,https://ws-public.interpol.int/notices/v1/red/2018-89585,M,,,['BLA'],['BLA'],1.63,65.0,"BEN, ENG",,Voluntarily causing grievous hurt by dangerous weapons or means,Bangladesh,
2018/85411,ASHOK KUMAR,DAS,1981/01/01,BD,https://ws-public.interpol.int/notices/v1/red/2018-85411/images/61181592,https://ws-public.interpol.int/notices/v1/red/2018-85411/images,https://ws-public.interpol.int/notices/v1/red/2018-85411,M,Chottogram,Bangladesh,['BLA'],['BLA'],1.69,60.0,"ENG, BEN",,violence and severe physical torture,Bangladesh,
2018/994,MIZAN,MIHA,1978/03/08,BD,,https://ws-public.interpol.int/notices/v1/red/2018-994/images,https://ws-public.interpol.int/notices/v1/red/2018-994,M,NOAKHALI,Bangladesh,['BRO'],['BLA'],,90.0,"ENG, BEN","Well build Brown and round eyes, with black fluffy hair",Murder of police officer,South Africa,
2017/198258,CHANDN KUMAR,RAY,1979/12/20,BD,https://ws-public.interpol.int/notices/v1/red/2017-198258/images/60742358,https://ws-public.interpol.int/notices/v1/red/2017-198258/images,https://ws-public.interpol.int/notices/v1/red/2017-198258,M,GAIBANDHA,Bangladesh,['BLA'],['BLA'],1.67,65.0,"BEN, ENG",,"Charges of-
1.acts done by several persons in furtherance of common interest section 34 of penal code
2.abetment section 109 of penal code
3.criminal conspiracy section 120(B) of penal code
4.murder section 302 of penal code",Bangladesh,
2017/7905,RATUL AHMED,BABU,1981/01/27,BD,,https://ws-public.interpol.int/notices/v1/red/2017-7905/images,https://ws-public.interpol.int/notices/v1/red/2017-7905,M,TANGAIL,Bangladesh,['BLA'],['BLA'],1.73,70.0,"BEN, ENG",,Charge of Murder and Explosion of Hand Grenade in the Awami League meeting.,Bangladesh,
2016/34649,MD LALU,SIRAJ MOSTAFA,1996/04/03,BD,https://ws-public.interpol.int/notices/v1/red/2016-34649/images/60093735,https://ws-public.interpol.int/notices/v1/red/2016-34649/images,https://ws-public.interpol.int/notices/v1/red/2016-34649,M,NATORE,Bangladesh,,,,,,,CARRIED OUT THE SMUGGLING OF MIGRANTS,Malaysia,
2015/60780,ZAHID HOSSAIN,KHOKON,1942/01/11,BD,https://ws-public.interpol.int/notices/v1/red/2015-60780/images/59888767,https://ws-public.interpol.int/notices/v1/red/2015-60780/images,https://ws-public.interpol.int/notices/v1/red/2015-60780,M,"POLICE STATION: NAGARKANDA, DISTRICT: FARIDPUR",Bangladesh,['BLA'],['GRYG'],1.75,80.0,BEN,There is a black spot under the left chin which is under the beard  at present.,"Charge No 2: GUILTY  of the offences of deportation and torture by way of forceful conversion as crimes against Humanity as specified in section 3(2)(a)(g) & (h) read with section 4(1) of the Act of 1973 and he be convicted & sentenced under section 20(2) of the said Act.   
Charge No 3: GUILTY as Charge No. 1. 
Charge No 4: GUILTY of the offences of confinement, deportation and rape as specified in sections alike Charge 2.
Charge No 5: GUILTY of the offences of abduction, confinement, torture murder and other inhumane acts [plundering and arson] as crimes against Humanity as specified in section alike Charge 2.
Charge No 6: GUILTY as Charge no. 5.
Charge No 7: GUILTY as Charge no. 5
Charge No 8: GUILTY as Charge no. 5
Charge No 9: GUILTY as Charge no. 5
Charge No 10: GUILTY as Charge no. 5.
Charge No 11: GUILTY Of the offences of torture and other inhumane acts as crimes against Humanity as specified in section alike Charge 2.",Bangladesh,
2015/59247,MD. HOSSAIN @ HOSEN,SYED,1951/09/15,BD,https://ws-public.interpol.int/notices/v1/red/2015-59247/images/59883278,https://ws-public.interpol.int/notices/v1/red/2015-59247/images,https://ws-public.interpol.int/notices/v1/red/2015-59247,M,VILLAGE- MACHHIHATA. DISTRICT- BRAMONBARIA.,Bangladesh,,,0.0,0.0,"ENG, URD, BEN, ARA",Bearded,"In 1971 during Bangladesh war movement the aforesaid accused Syed Md. Hussain @ Husen committed crime against humanity such as looting, murder, torture, arson and other inhuman acts against the unarmed civilian, freedom fighters, people those who were in favour of independence and especially the Hindu religious minorities group were killed by him and his associates. He committed as many as six offences of crimes against humanity during Bangladesh liberation struggle in the then Kishoregonj sub-division especially Nikhli and Kishoregonj Sadar PS area. He Killed as many as 68 innocent peace loving unarmed people and looted and torched to ashes more than 250 houses, tortured the pro liberation forces",Bangladesh,
2015/52235,HACHHAN ALI,SYED MD. HACHHAN,1947/08/18,BD,https://ws-public.interpol.int/notices/v1/red/2015-52235/images/59861375,https://ws-public.interpol.int/notices/v1/red/2015-52235/images,https://ws-public.interpol.int/notices/v1/red/2015-52235,M,BRAHAMANBARIA,Bangladesh,,,0.0,0.0,"ARA, BEN, URD",Bearded,"Charge no-2- The accused is found guilty of murder, abduction, confinement, torture and plundering.

Charge no-3-The accused is found guilty of offenses of genocide, murder, deportation and the inhumane act(Plundering and arson)

Charge no-4- The accused is found guilty of confinement and other inhumane act.

Charge no-5- The accused is found guilty of murder, abduction, torture and other inhumane act (looting and mental hurt).

Charge no-6- The accused is found guilty of murder and other inhumane act (arson).",Bangladesh,
2015/39736,AJIJUR,RAHMAN,1976/02/03,BD,https://ws-public.interpol.int/notices/v1/red/2015-39736/images/59822444,https://ws-public.interpol.int/notices/v1/red/2015-39736/images,https://ws-public.interpol.int/notices/v1/red/2015-39736,M,"BOUNDANGA VILLAGE, KHULNA DISTRICT",Bangladesh,['BLA'],['BLA'],1.57,52.0,"HIN, BEN","i)   A Black mole on left hand palm.
ii)  A Black mole on right upper-shoulder.","Using as genuine, forged or counterfeit - notes or bank-notes, Possession of forged or counterfeit currency-notes or bank-notes and 14 of Foreigner Act 1946.",India,
2015/39818,AJOY,BISWAS,1982/05/08,BD,https://ws-public.interpol.int/notices/v1/red/2015-39818/images/59822752,https://ws-public.interpol.int/notices/v1/red/2015-39818/images,https://ws-public.interpol.int/notices/v1/red/2015-39818,M,"KETLA VILLAGE, KHULNA DISTRICT",Bangladesh,['BLA'],['BLA'],1.62,55.0,"HIN, BEN",,"Using as genuine,forged or counterfeit currency-notes or bank notes, Possession of forged or counterfeit currency-notes or bank notes read with 14 of Foreigner Act 1946",India,
2015/39822,THORIKUL,ISLAM,1986/07/22,BD,https://ws-public.interpol.int/notices/v1/red/2015-39822/images/59822750,https://ws-public.interpol.int/notices/v1/red/2015-39822/images,https://ws-public.interpol.int/notices/v1/red/2015-39822,M,"MADHABASHA VILLAGE, NOODAJIL DISTRICT.",Bangladesh,['BLA'],['BLA'],1.52,50.0,"BEN, HIN",A black mole on left wrist.,"Using as genuine,forged or counterfeit currency-notes or bank notes, Possession of forged or counterfeit currency-notes or bank notes read with Section 14 of Foreigner Act,1946.",India,
2015/19719,N/A,HANIF,1985/02/01,BD,https://ws-public.interpol.int/notices/v1/red/2015-19719/images/59753859,https://ws-public.interpol.int/notices/v1/red/2015-19719/images,https://ws-public.interpol.int/notices/v1/red/2015-19719,M,COMILLA,Bangladesh,['BLA'],['BLA'],1.65,65.0,BEN,,Embezzlement,Maldives,
2014/67859,,MOHAMMED ALAUDDIN,1973/05/02,BD,https://ws-public.interpol.int/notices/v1/red/2014-67859/images/59649511,https://ws-public.interpol.int/notices/v1/red/2014-67859/images,https://ws-public.interpol.int/notices/v1/red/2014-67859,M,FENI,Bangladesh,['BLA'],['BLA'],1.7,70.0,"MAY, BEN",,MURDER,Malaysia,
2014/59085,MOHAMMAD SOBUJ,FOKID,1975,BD,https://ws-public.interpol.int/notices/v1/red/2014-59085/images/59620428,https://ws-public.interpol.int/notices/v1/red/2014-59085/images,https://ws-public.interpol.int/notices/v1/red/2014-59085,M,"NOAKHALI DISTRICT, SADAR THANA, NARSINGHPUR VILLAGE",Bangladesh,['BLA'],['BLA'],1.55,0.0,"HIN, BEN","1. Mole on wrist of right hand.
2. Old injury mark on right side of forehead.","Conspiracy, Abetment for printing, Distribution and Possession of counterfeit/Fake Indian currency notes, Cheating and Forgery,  Illegal entry and stay in India.",India,
2014/58914,MOHAMMED MONIR,BHUYAN,1964,BD,https://ws-public.interpol.int/notices/v1/red/2014-58914/images/59620371,https://ws-public.interpol.int/notices/v1/red/2014-58914/images,https://ws-public.interpol.int/notices/v1/red/2014-58914,M,"KUMARBAUG, FAUSABAZAR, ARAI HAZAR, NARAYANGANJ",Bangladesh,['BLA'],['BLA'],1.68,0.0,"BEN, HIN",Mole near right nostril.,"Conspiracy, Abetment for printing, Distribution and Possession of counterfeit/Fake Indian currency notes. Cheating and Forgery. Illegal entry and stay in India",India,
2013/40396,,SHAFIQ- UL,1968,BD,,https://ws-public.interpol.int/notices/v1/red/2013-40396/images,https://ws-public.interpol.int/notices/v1/red/2013-40396,M,"AIDERTOLA(KIRANGANJ), BINODPUR, SHIVGANJ,CHAPAI NAWABGANJ",Bangladesh,['BLA'],['BLA'],1.5,65.0,"BEN, HIN, URD",,"Criminal conspiracy, using as genuine forged or counterfeit currency notes, possession of forged or counterfeit notes, unlawful activities, indulged in terrorist activities. raising funds for terrorist act.",India,
2013/26078,SAFIQ,AMAN ULLAH SAFIQ,1982/01/10,BD,https://ws-public.interpol.int/notices/v1/red/2013-26078/images/58539890,https://ws-public.interpol.int/notices/v1/red/2013-26078/images,https://ws-public.interpol.int/notices/v1/red/2013-26078,M,JAMALPUR,Bangladesh,['BLA'],['BLA'],1.68,70.0,"BEN, ENG",,"Fraud, Aggravated theft, Assault",Bangladesh,
2013/17762,ABUL KALAM AZAD,ABUL KALAM AZAD,1947/03/05,BD,https://ws-public.interpol.int/notices/v1/red/2013-17762/images/58371354,https://ws-public.interpol.int/notices/v1/red/2013-17762/images,https://ws-public.interpol.int/notices/v1/red/2013-17762,M,FARIDPUR,Bangladesh,['BLA'],['HAID'],1.68,85.0,"HIN, URD, ARA, BEN, ENG",He is bearded with gray hair,"The offense of murder, rape, abduction confinement and torture as “crimes against humanity” and the offense of “genocide”",Bangladesh,
2012/5285,ZAHIDUL,ISLAM,1955/10/01,"PK, BD",https://ws-public.interpol.int/notices/v1/red/2012-5285/images/57213753,https://ws-public.interpol.int/notices/v1/red/2012-5285/images,https://ws-public.interpol.int/notices/v1/red/2012-5285,M,,Pakistan,['BRO'],['BLA'],1.69,73.0,ENG,ISLAM may wear corrective lenses.,"1) Aggravated Indecent Assault
2) Involuntary Deviate Sexual Intercourse
3) Indecent Assault
4) Recklessly Endangering Another Person
5) Sexual Assault
6) Unlawful Restraint
7) Indecent Exposure
8) Simple Assault",United States of America,
2012/302488,SAZZAD HOSSAIN,KHAN,1979/03/10,BD,https://ws-public.interpol.int/notices/v1/red/2012-302488/images/56922035,https://ws-public.interpol.int/notices/v1/red/2012-302488/images,https://ws-public.interpol.int/notices/v1/red/2012-302488,M,CHITTAGONG,Bangladesh,['BROL'],['BLA'],1.7,75.0,"BEN, HIN, ARA",,Murder of eight (08) people in broad day light.,Bangladesh,
2011/3866,MD. NAEIM KHAN,IQRAM,1969/05/01,BD,https://ws-public.interpol.int/notices/v1/red/2011-3866/images/60039742,https://ws-public.interpol.int/notices/v1/red/2011-3866/images,https://ws-public.interpol.int/notices/v1/red/2011-3866,M,"BOALMARI, FARIDPUR",Bangladesh,['BLA'],['BLA'],1.73,68.0,BEN,,MURDER,Bangladesh,
2010/55084,KALA JAHANGIR,FERDOUS,1977/11/17,BD,https://ws-public.interpol.int/notices/v1/red/2010-55084/images/60039734,https://ws-public.interpol.int/notices/v1/red/2010-55084/images,https://ws-public.interpol.int/notices/v1/red/2010-55084,M,BOGRA,Bangladesh,['BLA'],['BLA'],1.6,78.0,"BEN, HIN",Pierced earlobe,MURDER,Bangladesh,
2010/36260,MD. YOUSUF,MD. YOUSUF,1947/04/17,BD,,https://ws-public.interpol.int/notices/v1/red/2010-36260/images,https://ws-public.interpol.int/notices/v1/red/2010-36260,M,CHITTAGONG,Bangladesh,['BLA'],['BLA'],1.68,80.0,"BEN, ARA",NILL,MURDER,Bangladesh,
2010/1888,ABDUL,ALIM SHARIF,1969/12/26,BD,https://ws-public.interpol.int/notices/v1/red/2010-1888/images/54294105,https://ws-public.interpol.int/notices/v1/red/2010-1888/images,https://ws-public.interpol.int/notices/v1/red/2010-1888,M,GOPAL GANJ,Bangladesh,['BLA'],,1.65,0.0,BEN,BALDNESS OVER THE FRONT HEAD.,POSSESSION AND CIRCULATION OF FAKE INDIAN CURRENCY NOTES,India,
2009/29145,AHAMMED,MOZNO,1973/01/01,BD,https://ws-public.interpol.int/notices/v1/red/2009-29145/images/61074549,https://ws-public.interpol.int/notices/v1/red/2009-29145/images,https://ws-public.interpol.int/notices/v1/red/2009-29145,M,TONGI / GAZIPUR,,['BLA'],['BLA'],1.7,60.0,BEN,,Murder,Bangladesh,
2009/25356,NURUL,DIPU,1977/06/06,BD,https://ws-public.interpol.int/notices/v1/red/2009-25356/images/61074526,https://ws-public.interpol.int/notices/v1/red/2009-25356/images,https://ws-public.interpol.int/notices/v1/red/2009-25356,M,GAZIPUR,Bangladesh,['BLA'],['BLA'],1.6,0.0,,,Murder,Bangladesh,
2009/21683,FAZLUL AMIN JAVED,MUHAMMED,1988/02/07,BD,https://ws-public.interpol.int/notices/v1/red/2009-21683/images/54189930,https://ws-public.interpol.int/notices/v1/red/2009-21683/images,https://ws-public.interpol.int/notices/v1/red/2009-21683,M,,Bangladesh,['BRO'],['BLA'],1.7,63.0,ENG,May wear glasses,"1) Assault in the first degree
2) Armed criminal action ",United States of America,
1997/2133,CHOUDHURY,SHMB NUR,1950/12/25,BD,https://ws-public.interpol.int/notices/v1/red/1997-2133/images/57171791,https://ws-public.interpol.int/notices/v1/red/1997-2133/images,https://ws-public.interpol.int/notices/v1/red/1997-2133,M,DHAKA,Bangladesh,['BLA'],['BLA'],1.69,0.0,"ENG, URD, BEN", CUT MARK ON RIGHT FOREHEAD,Murder,Bangladesh,
1997/2136,KHONDKAR,ABDUR RASHID,1946/07/01,BD,https://ws-public.interpol.int/notices/v1/red/1997-2136/images/55662447,https://ws-public.interpol.int/notices/v1/red/1997-2136/images,https://ws-public.interpol.int/notices/v1/red/1997-2136,M,COMILLA,Bangladesh,,,0.0,0.0,"ENG, URD, BEN",,Murder,Bangladesh,
1997/2143,NAZMUL,ANSAR,1952/07/27,BD,https://ws-public.interpol.int/notices/v1/red/1997-2143/images/59575325,https://ws-public.interpol.int/notices/v1/red/1997-2143/images,https://ws-public.interpol.int/notices/v1/red/1997-2143,M,DHAKA,Bangladesh,['BLA'],,1.7,0.0,"BEN, ENG, URD, ARA",,Murder,Bangladesh,
1997/2121,DALIM,SHARIFUL HAQUE,1946/02/02,BD,https://ws-public.interpol.int/notices/v1/red/1997-2121/images/57171800,https://ws-public.interpol.int/notices/v1/red/1997-2121/images,https://ws-public.interpol.int/notices/v1/red/1997-2121,M,DHAKA,Bangladesh,['BLA'],['BLA'],1.73,79.0,"URD, BEN, ARA, ENG",,Murder,Bangladesh,
1997/2127,AHMED,SHARFUL HOSSAIN,1943/01/19,BD,https://ws-public.interpol.int/notices/v1/red/1997-2127/images/52224051,https://ws-public.interpol.int/notices/v1/red/1997-2127/images,https://ws-public.interpol.int/notices/v1/red/1997-2127,M,KHULNA,Bangladesh,['BLA'],,1.71,71.0,"URD, BEN, ARA, ENG",,Murder,Bangladesh,
1997/3388,MUSLEMUDDIN,KHAN,1937/07/31,BD,https://ws-public.interpol.int/notices/v1/red/1997-3388/images/60149877,https://ws-public.interpol.int/notices/v1/red/1997-3388/images,https://ws-public.interpol.int/notices/v1/red/1997-3388,M,NARSINGDI,Bangladesh,['BLA'],,1.7,0.0,"URD, BEN, ENG",mole on right cheek and right arm,Murder,Bangladesh,
1997/2125,A M RASHED,CHOUDHURY,1946/12/17,BD,https://ws-public.interpol.int/notices/v1/red/1997-2125/images/57171835,https://ws-public.interpol.int/notices/v1/red/1997-2125/images,https://ws-public.interpol.int/notices/v1/red/1997-2125,M,COMILLA,Bangladesh,['BLA'],"['WHI', 'BLA']",1.64,75.0,"ENG, BEN",,Murder,Bangladesh,
2008/5559,MAHMOOD CHOWDHURY,ATAUR RAHMAN,1962/01/01,BD,https://ws-public.interpol.int/notices/v1/red/2008-5559/images/61145214,https://ws-public.interpol.int/notices/v1/red/2008-5559/images,https://ws-public.interpol.int/notices/v1/red/2008-5559,M,"Bogadana, Feni, Mymensing",Bangladesh,['BLA'],['BLA'],1.65,70.0,"BEN, ENG",Wears spectacles,"Fraud, cheating, misappropriation",Bangladesh,
2008/2945,MIA,AL HAJ MAWLANA MOHAMMED TAJUDDIN,1973/02/01,BD,https://ws-public.interpol.int/notices/v1/red/2008-2945/images/61147186,https://ws-public.interpol.int/notices/v1/red/2008-2945/images,https://ws-public.interpol.int/notices/v1/red/2008-2945,M,"Guli Pacha, Gopalpur, Tangail",Bangladesh,['BLA'],['BLA'],1.65,65.0,"BEN, ARA, ENG",Wears a beard; left leg lame.,Murder,Bangladesh,
2007/40818,SALAHUDDIN,MINTU,1979/07/01,BD,,https://ws-public.interpol.int/notices/v1/red/2007-40818/images,https://ws-public.interpol.int/notices/v1/red/2007-40818,M,Dhaka,Bangladesh,['BLA'],['BLA'],1.62,61.0,"BEN, ENG",Cut mark on chin,Murder,Bangladesh,
2007/15426,GOLAM FARUQUE,OVI,1966/03/29,BD,https://ws-public.interpol.int/notices/v1/red/2007-15426/images/61230771,https://ws-public.interpol.int/notices/v1/red/2007-15426/images,https://ws-public.interpol.int/notices/v1/red/2007-15426,M,Barishal,Bangladesh,['BLA'],['BLA'],1.67,75.0,"ENG, BEN",,Murder,Bangladesh,
2006/23891,HARUN,SHEKH,1970/07/01,BD,https://ws-public.interpol.int/notices/v1/red/2006-23891/images/61380437,https://ws-public.interpol.int/notices/v1/red/2006-23891/images,https://ws-public.interpol.int/notices/v1/red/2006-23891,M,Khulna,Bangladesh,['BLA'],['BLA'],1.57,78.0,BEN,,"Murder, assaulting a police officer and criminal conspiracy",Bangladesh,
2006/24152,SULTAN,SUZID,1972/03/05,BD,,https://ws-public.interpol.int/notices/v1/red/2006-24152/images,https://ws-public.interpol.int/notices/v1/red/2006-24152,M,Khulna,Bangladesh,['OTHD'],['BLA'],1.66,72.0,BEN,,Murder,Bangladesh,
2006/23742,TOWFIQUE,ALAM,1974/12/05,BD,,https://ws-public.interpol.int/notices/v1/red/2006-23742/images,https://ws-public.interpol.int/notices/v1/red/2006-23742,M,Dhaka,Bangladesh,['BLA'],['BLA'],1.67,62.0,"BEN, ENG",,Murder,Bangladesh,
2005/39346,AHMED,JAFAR,1970,BD,https://ws-public.interpol.int/notices/v1/red/2005-39346/images/61444122,https://ws-public.interpol.int/notices/v1/red/2005-39346/images,https://ws-public.interpol.int/notices/v1/red/2005-39346,M,Dhaka,Bangladesh,['BLA'],['BLA'],1.6,,BEN,,Murder,Bangladesh,
2004/24827,RAFIQUL,ISLAM,1971/01/20,BD,https://ws-public.interpol.int/notices/v1/red/2004-24827/images/61790647,https://ws-public.interpol.int/notices/v1/red/2004-24827/images,https://ws-public.interpol.int/notices/v1/red/2004-24827,M,Munshigonj,Bangladesh,['BLA'],['BLA'],1.665,,"BEN, ENG",,Murder,Bangladesh,
2005/39319,AMINUR,RASUL,1958,BD,https://ws-public.interpol.int/notices/v1/red/2005-39319/images/61451157,https://ws-public.interpol.int/notices/v1/red/2005-39319/images,https://ws-public.interpol.int/notices/v1/red/2005-39319,M,Chittagong,Bangladesh,['BLA'],['BLA'],1.7,,"BEN, ENG",,Murder and illegal possession of firearms,Bangladesh,
2005/39333,NABI,HOSSAIN,1970,BD,https://ws-public.interpol.int/notices/v1/red/2005-39333/images/61790618,https://ws-public.interpol.int/notices/v1/red/2005-39333/images,https://ws-public.interpol.int/notices/v1/red/2005-39333,M,Dhaka,Bangladesh,['BLA'],['BLA'],1.68,,"HIN, BEN",,Murder,Bangladesh,
2005/39355,ABDUL,ZABBAR,1972,BD,https://ws-public.interpol.int/notices/v1/red/2005-39355/images/61450823,https://ws-public.interpol.int/notices/v1/red/2005-39355/images,https://ws-public.interpol.int/notices/v1/red/2005-39355,M,Netrakona,Bangladesh,['BLA'],['BLA'],1.7,,BEN,,Murder,Bangladesh,
2005/39353,PROKASH KUMAR,BISWAS,1973,BD,https://ws-public.interpol.int/notices/v1/red/2005-39353/images/61450876,https://ws-public.interpol.int/notices/v1/red/2005-39353/images,https://ws-public.interpol.int/notices/v1/red/2005-39353,M,Dhaka,Bangladesh,['BLA'],['BLA'],1.65,,"HIN, BEN",,Murder,Bangladesh,
2005/39315,ZEESAN AHMED,ZEESAN,1970,"DO, BD",https://ws-public.interpol.int/notices/v1/red/2005-39315/images/53349089,https://ws-public.interpol.int/notices/v1/red/2005-39315/images,https://ws-public.interpol.int/notices/v1/red/2005-39315,M,KHILGOAN / DHAKA,Bangladesh,['BLA'],['BLA'],1.67,,BEN,,"MURDER, POSSESSION OF EXPLOSIVES",Bangladesh,
