Name_company,Corporate Name,site_url,Authority_Name,Authority_link,date,id,Warning ID,NCA,Date Published At NCA,Date Published At IOSCO,Last Updated,NCA URL,Commercial Name,URL,Other URL,Category,Additional Information
mft_trading2,,https://www.instagram.com/mft_trading2?igsh=MXA1MHhmZmhrZng3OQ==,Palestine - Palestine Capital Market Authority,https://www.pcma.ps/wp-content/uploads/2025/07/%D9%85%D9%86%D8%B5%D8%A7%D8%AA-%D8%BA%D9%8A%D8%B1-%D9%85%D8%B1%D8%AE%D8%B5%D8%A9-11072025.pdf,2025-08-01,39755,39755,,,2025-08-01,2025-08-01,https://www.pcma.ps/wp-content/uploads/2025/07/%D9%85%D9%86%D8%B5%D8%A7%D8%AA-%D8%BA%D9%8A%D8%B1-%D9%85%D8%B1%D8%AE%D8%B5%D8%A9-11072025.pdf,mft_trading2,https://www.instagram.com/mft_trading2?igsh=MXA1MHhmZmhrZng3OQ==,,Unregistered/Unlicensed entity offering financial products or services,
Master.traders,Master.traders,https://www.facebook.com/caramelo.RR,Palestine - Palestine Capital Market Authority,https://www.pcma.ps/wp-content/uploads/2025/07/%D9%85%D9%86%D8%B5%D8%A7%D8%AA-%D8%BA%D9%8A%D8%B1-%D9%85%D8%B1%D8%AE%D8%B5%D8%A9-11072025.pdf,2025-08-01,39754,39754,,,2025-08-01,2025-08-01,https://www.pcma.ps/wp-content/uploads/2025/07/%D9%85%D9%86%D8%B5%D8%A7%D8%AA-%D8%BA%D9%8A%D8%B1-%D9%85%D8%B1%D8%AE%D8%B5%D8%A9-11072025.pdf,Master.traders,https://www.facebook.com/caramelo.RR,,Unregistered/Unlicensed entity offering financial products or services,
fx club,fx club,https://www.instagram.com/fxclub2024?igsh=dGF1M3pvbWV6dWFo,Palestine - Palestine Capital Market Authority,https://www.pcma.ps/wp-content/uploads/2025/07/%D9%85%D9%86%D8%B5%D8%A7%D8%AA-%D8%BA%D9%8A%D8%B1-%D9%85%D8%B1%D8%AE%D8%B5%D8%A9-11072025.pdf,2025-08-01,39753,39753,,2025-07-31,2025-08-01,2025-08-01,https://www.pcma.ps/wp-content/uploads/2025/07/%D9%85%D9%86%D8%B5%D8%A7%D8%AA-%D8%BA%D9%8A%D8%B1-%D9%85%D8%B1%D8%AE%D8%B5%D8%A9-11072025.pdf,fx club,https://www.instagram.com/fxclub2024?igsh=dGF1M3pvbWV6dWFo,,Unregistered/Unlicensed entity offering financial products or services,
forex Palestine-فوركس فلسطينforex_palestineforex_palestine_23forexpalestine,forex.palestine,https://www.instagram.com/forex.palestine/,Palestine - Palestine Capital Market Authority,https://www.pcma.ps/wp-content/uploads/2025/07/%D9%85%D9%86%D8%B5%D8%A7%D8%AA-%D8%BA%D9%8A%D8%B1-%D9%85%D8%B1%D8%AE%D8%B5%D8%A9-11072025.pdf,2025-08-01,39752,39752,,2025-07-31,2025-08-01,2025-08-01,https://www.pcma.ps/wp-content/uploads/2025/07/%D9%85%D9%86%D8%B5%D8%A7%D8%AA-%D8%BA%D9%8A%D8%B1-%D9%85%D8%B1%D8%AE%D8%B5%D8%A9-11072025.pdf,,https://www.instagram.com/forex.palestine/,,Unregistered/Unlicensed entity offering financial products or services,
Axe Capital,Axe Capital,https://www.facebook.com/profile.php?id=61566599169197,Palestine - Palestine Capital Market Authority,https://www.pcma.ps/wp-content/uploads/2025/07/%D9%85%D9%86%D8%B5%D8%A7%D8%AA-%D8%BA%D9%8A%D8%B1-%D9%85%D8%B1%D8%AE%D8%B5%D8%A9-11072025.pdf,2025-08-01,39751,39751,,,2025-08-01,2025-08-01,https://www.pcma.ps/wp-content/uploads/2025/07/%D9%85%D9%86%D8%B5%D8%A7%D8%AA-%D8%BA%D9%8A%D8%B1-%D9%85%D8%B1%D8%AE%D8%B5%D8%A9-11072025.pdf,Axe Capital,https://www.facebook.com/profile.php?id=61566599169197,,Unregistered/Unlicensed entity offering financial products or services,
2 Pips,2 Pips,https://www.facebook.com/2pips.fx,Palestine - Palestine Capital Market Authority,https://www.pcma.ps/wp-content/uploads/2025/07/%D9%85%D9%86%D8%B5%D8%A7%D8%AA-%D8%BA%D9%8A%D8%B1-%D9%85%D8%B1%D8%AE%D8%B5%D8%A9-11072025.pdf,2025-08-01,39750,39750,,2025-07-31,2025-08-01,2025-08-01,https://www.pcma.ps/wp-content/uploads/2025/07/%D9%85%D9%86%D8%B5%D8%A7%D8%AA-%D8%BA%D9%8A%D8%B1-%D9%85%D8%B1%D8%AE%D8%B5%D8%A9-11072025.pdf,2 Pips,https://www.facebook.com/2pips.fx,,Unregistered/Unlicensed entity offering financial products or services,
Fx globals,Fx globals,https://www.facebook.com/fxglobal.pal,Palestine - Palestine Capital Market Authority,https://www.pcma.ps/wp-content/uploads/2025/07/%D9%85%D9%86%D8%B5%D8%A7%D8%AA-%D8%BA%D9%8A%D8%B1-%D9%85%D8%B1%D8%AE%D8%B5%D8%A9-11072025.pdf,2025-08-01,39747,39747,,2025-07-31,2025-08-01,2025-08-01,https://www.pcma.ps/wp-content/uploads/2025/07/%D9%85%D9%86%D8%B5%D8%A7%D8%AA-%D8%BA%D9%8A%D8%B1-%D9%85%D8%B1%D8%AE%D8%B5%D8%A9-11072025.pdf,Fx globals,https://www.facebook.com/fxglobal.pal,,Unregistered/Unlicensed entity offering financial products or services,
Swiss Market Invest / swiss-market.org,,www.swiss-market.org,Switzerland - Swiss Financial Market Supervisory Authority,https://www.finma.ch/en/finma-public/warnungen/warning-list/swiss-market-invest--swiss-market-org/,2025-08-01,39746,39746,,2025-07-30,2025-08-01,2025-08-01,https://www.finma.ch/en/finma-public/warnungen/warning-list/swiss-market-invest--swiss-market-org/,Swiss Market Invest / swiss-market.org,www.swiss-market.org,,Other,
aroma-finanz.com,,www.aroma-finanz.com,Switzerland - Swiss Financial Market Supervisory Authority,https://www.finma.ch/en/finma-public/warnungen/warning-list/aroma-finanz-com/,2025-08-01,39745,39745,,2025-07-30,2025-08-01,2025-08-01,https://www.finma.ch/en/finma-public/warnungen/warning-list/aroma-finanz-com/,aroma-finanz.com,www.aroma-finanz.com,,Other,"www.aroma-finanz.com steht nicht im Zusammenhang mit der Aroma Finanz AG, Baar, welche im Schweizerischen Handelsregister eingetragen ist (CHE-109.849.120).www.aroma-finanz.com n'a pas de lien avec Aroma Finanz AG, Baar, laquelle est inscrite au registre du commerce suisse (CHE-109.849.120).www.aroma-finanz.com non a legami con Aroma Finanz AG, Baar, inscritta nel registro di commercio svizzero (CHE-109.849.120).www.aroma-finanz.com is not related to the Aroma Finanz AG, Baar, which is registered in the Swiss Commercial Register (CHE-109.849.120)."
StateFunds / statefunds.com,,,Switzerland - Swiss Financial Market Supervisory Authority,https://www.finma.ch/en/finma-public/warnungen/warning-list/statefunds-statefunds-com/,2025-08-01,39744,39744,,2025-07-30,2025-08-01,2025-08-01,https://www.finma.ch/en/finma-public/warnungen/warning-list/statefunds-statefunds-com/,StateFunds / statefunds.com,,,Other,www.statefunds.com
Future Investment,,futuredi.com,New Zealand - Financial Markets Authority,https://www.fma.govt.nz/library/warnings-and-alerts/nexvest/,2025-08-01,39743,39743,,2025-07-31,2025-08-01,2025-08-01,https://www.fma.govt.nz/library/warnings-and-alerts/nexvest/,Future Investment,futuredi.com,futursdes.com,,"The FMA is warning about a series of fake online trading platforms. These platforms claim to offer cryptocurrency and foreign exchange trading platforms but are being used as part of a wider investment scam.To establish credibility, the fake platforms may provide fraudulent certificates featuring the names and logos of overseas regulators.We have received a report from a victim who has been unable to withdraw their investments from one of these trading platforms."
NexVestWealth Nest,,Nexvests.acmcoin.com,New Zealand - Financial Markets Authority,https://www.fma.govt.nz/library/warnings-and-alerts/nexvest/,2025-08-01,39742,39742,,2025-07-31,2025-08-01,2025-08-01,https://www.fma.govt.nz/library/warnings-and-alerts/nexvest/,NexVest,Nexvests.acmcoin.com,,,"The FMA is warning about a series of fake online trading platforms. These platforms claim to offer cryptocurrency and foreign exchange trading platforms but are being used as part of a wider investment scam.To establish credibility, the fake platforms may provide fraudulent certificates featuring the names and logos of overseas regulators.We have received a report from a victim who has been unable to withdraw their investments from one of these trading platforms."
FMCPAY,,https://www.fmcpay-kuop.com,British Columbia - British Columbia Securities Commission,https://www.bcsc.bc.ca/enforcement/early-intervention/investment-caution-list/2025/fmcpay,2025-08-01,39741,39741,,2025-07-30,2025-08-01,2025-08-01,https://www.bcsc.bc.ca/enforcement/early-intervention/investment-caution-list/2025/fmcpay,FMCPAY,https://www.fmcpay-kuop.com,,Unregistered/Unlicensed entity offering financial products or services,
streamfund-invest.ltd,,streamfund-invest.ltd,United Kingdom - Financial Conduct Authority,https://www.fca.org.uk/news/warnings/streamfund-investltd,2025-07-30,39740,39740,,2025-07-30,2025-07-30,2025-07-30,https://www.fca.org.uk/news/warnings/streamfund-investltd,streamfund-invest.ltd,streamfund-invest.ltd,,Unregistered/Unlicensed entity offering financial products or services,
Patrimoine Trade,,patrimoinetrade.pro,United Kingdom - Financial Conduct Authority,https://www.fca.org.uk/news/warnings/patrimoine-trade,2025-07-30,39739,39739,,2025-07-30,2025-07-30,2025-07-30,https://www.fca.org.uk/news/warnings/patrimoine-trade,Patrimoine Trade,patrimoinetrade.pro,,Unregistered/Unlicensed entity offering financial products or services,
MarvexTrader,,marvextrader-app.net,United Kingdom - Financial Conduct Authority,https://www.fca.org.uk/news/warnings/marvextrader,2025-07-30,39738,39738,,2025-07-30,2025-07-30,2025-07-30,https://www.fca.org.uk/news/warnings/marvextrader,MarvexTrader,marvextrader-app.net,marvextraderapp.net,Unregistered/Unlicensed entity offering financial products or services,
Facebook page “King of Salad Ohkad’s”,,https://www.facebook.com/profile.php?id=100089791899596,Thailand - Securities and Exchange Commission,https://web-invpublic.sec.or.th/e/2797/2568,2025-07-30,39737,39737,,2025-07-30,2025-07-30,2025-07-30,https://web-invpublic.sec.or.th/e/2797/2568,Facebook page “King of Salad Ohkad’s”,https://www.facebook.com/profile.php?id=100089791899596,https://www.facebook.com/100089791899596/videos/1236708328250819,Other,This account is not affiliated with any businesses licensed or regulated by the SEC Thailand. Kindly be cautious with your investments.
Facebook page “ปลูกผักเพราะรักเเม่ Oh Juice”,,https://www.facebook.com/profile.php?id=100093209424765,Thailand - Securities and Exchange Commission,https://web-invpublic.sec.or.th/e/2796/2568,2025-08-01,39736,39736,,2025-07-30,2025-08-01,2025-08-01,https://web-invpublic.sec.or.th/e/2796/2568,Facebook page “ปลูกผักเพราะรักเเม่ Oh Juice”,https://www.facebook.com/profile.php?id=100093209424765,https://www.facebook.com/100093209424765/videos/1291347975762652,Other,This account is not affiliated with any businesses licensed or regulated by the SEC Thailand. Kindly be cautious with your investments.
Facebook page “Amazon Thai Business”,,https://www.facebook.com/profile.php?id=61558309029496,Thailand - Securities and Exchange Commission,https://web-invpublic.sec.or.th/e/2795/2568,2025-07-30,39735,39735,,2025-07-30,2025-07-30,2025-07-30,https://web-invpublic.sec.or.th/e/2795/2568,Facebook page “Amazon Thai Business”,https://www.facebook.com/profile.php?id=61558309029496,https://www.facebook.com/61558309029496/videos/1457758268593644,Other,This account is not affiliated with any businesses licensed or regulated by the SEC Thailand. Kindly be cautious with your investments.
Facebook page “Cafe Investment”,,https://www.facebook.com/profile.php?id=61550583218863,Thailand - Securities and Exchange Commission,https://web-invpublic.sec.or.th/e/2794/2568,2025-07-30,39734,39734,,2025-07-30,2025-07-30,2025-07-30,https://web-invpublic.sec.or.th/e/2794/2568,Facebook page “Cafe Investment”,https://www.facebook.com/profile.php?id=61550583218863,https://www.facebook.com/61550583218863/videos/1636703247290624,Other,This account is not affiliated with any businesses licensed or regulated by the SEC Thailand. Kindly be cautious with your investments.
