Name_company,Corporate Name,site_url,Authority_Name,Authority_link,date,id,Warning ID,NCA,Date Published At NCA,Date Published At IOSCO,Last Updated,NCA URL,Commercial Name,URL,Other URL,Category,Additional Information
TOKENHEDG,,,United Kingdom - Financial Conduct Authority,https://www.fca.org.uk/news/warnings/tokenhedg,2025-07-29,39691,39691,,2025-07-28,2025-07-29,2025-07-29,https://www.fca.org.uk/news/warnings/tokenhedg,TOKENHEDG,,,Unregistered/Unlicensed entity offering financial products or services,
Prime TenPrimeTenPrimeTen Limited,,Primeten.co,New Zealand - Financial Markets Authority,https://www.fma.govt.nz/library/warnings-and-alerts/prime-ten/,2025-07-28,39690,39690,,2025-07-28,2025-07-28,2025-07-28,https://www.fma.govt.nz/library/warnings-and-alerts/prime-ten/,Prime Ten,Primeten.co,,,"We recommend extreme caution when dealing with Prime Ten and its website primeten.co. We are concerned that Prime Ten is operating a scam and targeting overseas investors.Prime Ten is not registered or licensed in New Zealand to provide financial services or financial products.While Prime Ten claims to be operating from New Zealand, its website cannot be accessed from New Zealand IP addresses. This is a red flag and indicates that a deliberate block has been put on its website, to avoid detection by New Zealand authorities."
FoFund (多多一号);FoFund (多多二号);Fo Coin;Paradise NFT (桃花源NFT),,,Hong Kong - Securities and Futures Commission,https://www.sfc.hk/en/Suspicious-Investment-Products/FoFund,2025-07-28,39689,39689,,2025-07-28,2025-07-28,2025-07-28,https://www.sfc.hk/en/Suspicious-Investment-Products/FoFund,FoFund (多多一号);FoFund (多多二号);Fo Coin;Paradise NFT (桃花源NFT),,,Other,"1.   FoFund (多多一号) and FoFund (多多二号) purport to involve managed strategies related to investment of virtual assets. 2.   Fo Coin purports to involve digital tokens. 3.   Paradise NFT purports to involve non-fungible tokens related to artwork. 4.   The products are accessible in the mobile application, and on the websites and social media accounts as listed below: (a)   Mobile application “FoChat - Insights Web3” which can be downloaded via the link: https://h5.foapp.cc/#/ (b)   Websites: https://fo.com https://fo.fund https://fo.meme (c)   Telegram: https://t.me/FoChatOfficial https://t.me/fomeme (d)   X: https://x.com/FoChatOfficial https://x.com/Fo_Coin https://x.com/loveparadiseNFT"
Wisechain,Wisechain Trading Limited,https://wisechain.io,Quebec - Autorité des marchés financiers,https://lautorite.qc.ca/en/general-public/media-centre/investor-warnings/investor-warnings-sheet/wisechain,2025-07-28,39688,39688,,2025-07-25,2025-07-28,2025-07-28,https://lautorite.qc.ca/en/general-public/media-centre/investor-warnings/investor-warnings-sheet/wisechain,Wisechain,https://wisechain.io,,Unregistered/Unlicensed entity offering financial products or services,"Wisechain is not registered with the Autorité des marchés financiers (AMF) and is not authorized to solicit investors in Québec.Last known city: Limassol, Cyprus."
Dynasty Trade,,https://dynasty-trade.ltd,Quebec - Autorité des marchés financiers,https://lautorite.qc.ca/en/general-public/media-centre/investor-warnings/investor-warnings-sheet/dynasty-trade,2025-07-28,39687,39687,,2025-07-25,2025-07-28,2025-07-28,https://lautorite.qc.ca/en/general-public/media-centre/investor-warnings/investor-warnings-sheet/dynasty-trade,Dynasty Trade,https://dynasty-trade.ltd,,Unregistered/Unlicensed entity offering financial products or services,Dynasty Trade  is not registered with the Autorité des marchés financiers (AMF) and is not authorized to solicit investors in Québec.Last known country: United Kingdom.
Royal Wealth (no relation to Royal Wealth Management in the U.S.),,https://royalwealthltd.com,British Columbia - British Columbia Securities Commission,https://www.bcsc.bc.ca/enforcement/early-intervention/investment-caution-list/2025/royal-wealth,2025-07-28,39686,39686,,2025-07-23,2025-07-28,2025-07-28,https://www.bcsc.bc.ca/enforcement/early-intervention/investment-caution-list/2025/royal-wealth,Royal Wealth (no relation to Royal Wealth Management in the U.S.),https://royalwealthltd.com,,Unregistered/Unlicensed entity offering financial products or services,
First Financial Corp,,http://www.firstfinancialcorp.info,Quebec - Autorité des marchés financiers,https://lautorite.qc.ca/en/general-public/media-centre/investor-warnings/investor-warnings-sheet/first-financial-corp,2025-07-28,39685,39685,,2025-07-25,2025-07-28,2025-07-28,https://lautorite.qc.ca/en/general-public/media-centre/investor-warnings/investor-warnings-sheet/first-financial-corp,First Financial Corp,http://www.firstfinancialcorp.info,,Unregistered/Unlicensed entity offering financial products or services,First Financial Corp is not registered with the Autorité des marchés financiers (AMF) and is not authorized to solicit investors in Québec.
Trenovia Group,,https://trenoviagroup.com,Quebec - Autorité des marchés financiers,https://lautorite.qc.ca/en/general-public/media-centre/investor-warnings/investor-warnings-sheet/trenovia-group,2025-07-28,39684,39684,,2025-07-25,2025-07-28,2025-07-28,https://lautorite.qc.ca/en/general-public/media-centre/investor-warnings/investor-warnings-sheet/trenovia-group,Trenovia Group,https://trenoviagroup.com,,Unregistered/Unlicensed entity offering financial products or services,Trenovia Group is not registered with the Autorité des marchés financiers (AMF) and is not authorized to solicit investors in Québec.
Dom Finansowo-Inwestycyjny Filar sp. z o.o.,,,Poland - Polish Financial Supervision Authority,https://www.knf.gov.pl/en/CONSUMERS/Information_for_the_financial_market_consumers/Public_warnings?warningName=filar&warningTypeId=all,2025-07-28,39683,39683,,2025-07-25,2025-07-28,2025-07-28,https://www.knf.gov.pl/en/CONSUMERS/Information_for_the_financial_market_consumers/Public_warnings?warningName=filar&warningTypeId=all,Dom Finansowo-Inwestycyjny Filar sp. z o.o.,,,,"Notification under Article 171(1,3) of the Banking Law. Notification made by the UKNF."
Platform using SwissQuateGPT trade name and operating through the website www.swissquategpt.com,,www.swissquategpt.com,Poland - Polish Financial Supervision Authority,https://www.knf.gov.pl/en/CONSUMERS/Information_for_the_financial_market_consumers/Public_warnings?warningName=swissquate&warningTypeId=all,2025-07-28,39682,39682,,2025-07-25,2025-07-28,2025-07-28,https://www.knf.gov.pl/en/CONSUMERS/Information_for_the_financial_market_consumers/Public_warnings?warningName=swissquate&warningTypeId=all,Platform using SwissQuateGPT trade name and operating through the website www.swissquategpt.com,www.swissquategpt.com,,Unregistered/Unlicensed entity offering financial products or services,Notification under Article 178 in conjunction with Article 69(2) 2 of the Act on trading in financial instruments. Notification made by the KNF.
"Unidentified persons operating through the „InvestingFDX” and „FdxInvesting” platforms, operating through the website fdxinvesting.com",,fdxinvesting.com,Poland - Polish Financial Supervision Authority,https://www.knf.gov.pl/en/CONSUMERS/Information_for_the_financial_market_consumers/Public_warnings?warningName=fdx&warningTypeId=all,2025-07-28,39681,39681,,2025-06-27,2025-07-28,2025-07-28,https://www.knf.gov.pl/en/CONSUMERS/Information_for_the_financial_market_consumers/Public_warnings?warningName=fdx&warningTypeId=all,"Unidentified persons operating through the „InvestingFDX” and „FdxInvesting” platforms, operating through the website fdxinvesting.com",fdxinvesting.com,,Unregistered/Unlicensed entity offering financial products or services,Notification under Article 178 in conjunction with Article 69(2) point 2 of the Act on trading in financial instruments.
Facebook page “Organic vegetable salad billion”,,https://www.facebook.com/profile.php?id=61552669461049,Thailand - Securities and Exchange Commission,https://web-invpublic.sec.or.th/e/2777/2568,2025-07-28,39680,39680,,2025-07-25,2025-07-28,2025-07-28,https://web-invpublic.sec.or.th/e/2777/2568,Facebook page “Organic vegetable salad billion”,https://www.facebook.com/profile.php?id=61552669461049,https://www.facebook.com/ads/library/?id=1250009970199344,Other,This account is not affiliated with any businesses licensed or regulated by the SEC Thailand. Kindly be cautious with your investments.
Facebook page “Coffee Premium Station”,,https://www.facebook.com/profile.php?id=100090455740296,Thailand - Securities and Exchange Commission,https://web-invpublic.sec.or.th/e/2766/2568,2025-07-28,39679,39679,,2025-07-25,2025-07-28,2025-07-28,https://web-invpublic.sec.or.th/e/2766/2568,Facebook page “Coffee Premium Station”,https://www.facebook.com/profile.php?id=100090455740296,https://www.facebook.com/100090455740296/videos/551686341268801,Other,This account is not affiliated with any businesses licensed or regulated by the SEC Thailand. Kindly be cautious with your investments.
Facebook page “Organic from farm”,,https://www.facebook.com/profile.php?id=61550554087682,Thailand - Securities and Exchange Commission,https://web-invpublic.sec.or.th/e/2776/2568,2025-07-28,39678,39678,,2025-07-25,2025-07-28,2025-07-28,https://web-invpublic.sec.or.th/e/2776/2568,Facebook page “Organic from farm”,https://www.facebook.com/profile.php?id=61550554087682,https://www.facebook.com/61550554087682/videos/2148251768993663,Other,This account is not affiliated with any businesses licensed or regulated by the SEC Thailand. Kindly be cautious with your investments.
Facebook page “Organic vegetable farm”,,https://www.facebook.com/profile.php?id=100094289233752,Thailand - Securities and Exchange Commission,https://web-invpublic.sec.or.th/e/2775/2568,2025-07-28,39677,39677,,2025-07-25,2025-07-28,2025-07-28,https://web-invpublic.sec.or.th/e/2775/2568,Facebook page “Organic vegetable farm”,https://www.facebook.com/profile.php?id=100094289233752,https://www.facebook.com/100094289233752/videos/1394849935074953,Other,This account is not affiliated with any businesses licensed or regulated by the SEC Thailand. Kindly be cautious with your investments.
Facebook page “แนวทางการเทรดเรียนรู้แบบมืออาชีพ”,,https://www.facebook.com/profile.php?id=61578831052545,Thailand - Securities and Exchange Commission,https://web-invpublic.sec.or.th/e/2774/2568,2025-07-29,39676,39676,,2025-07-25,2025-07-29,2025-07-29,https://web-invpublic.sec.or.th/e/2774/2568,Facebook page “แนวทางการเทรดเรียนรู้แบบมืออาชีพ”,https://www.facebook.com/profile.php?id=61578831052545,https://www.facebook.com/reel/1078476784378127,Other,This account is not affiliated with any businesses licensed or regulated by the SEC Thailand. Kindly be cautious with your investments.
Facebook page “Ohkajhu from vegetables Organic”,,https://www.facebook.com/profile.php?id=61551985745846,Thailand - Securities and Exchange Commission,https://web-invpublic.sec.or.th/e/2773/2568,2025-07-28,39675,39675,,2025-07-25,2025-07-28,2025-07-28,https://web-invpublic.sec.or.th/e/2773/2568,Facebook page “Ohkajhu from vegetables Organic”,https://www.facebook.com/profile.php?id=61551985745846,https://www.facebook.com/61551985745846/videos/1081876206748559,Other,This account is not affiliated with any businesses licensed or regulated by the SEC Thailand. Kindly be cautious with your investments.
Facebook page “Vegetable farm business okj”,,https://www.facebook.com/profile.php?id=61550298614643,Thailand - Securities and Exchange Commission,https://web-invpublic.sec.or.th/e/2772/2568,2025-07-28,39674,39674,,2025-07-25,2025-07-28,2025-07-28,https://web-invpublic.sec.or.th/e/2772/2568,Facebook page “Vegetable farm business okj”,https://www.facebook.com/profile.php?id=61550298614643,https://www.facebook.com/share/p/16jGYSB7go/,Other,This account is not affiliated with any businesses licensed or regulated by the SEC Thailand. Kindly be cautious with your investments.
Facebook page “Amazon Ohkajhu Securities”,,https://www.facebook.com/profile.php?id=61558413608969,Thailand - Securities and Exchange Commission,https://web-invpublic.sec.or.th/e/2771/2568,2025-07-28,39673,39673,,2025-07-25,2025-07-28,2025-07-28,https://web-invpublic.sec.or.th/e/2771/2568,Facebook page “Amazon Ohkajhu Securities”,https://www.facebook.com/profile.php?id=61558413608969,https://www.facebook.com/61558413608969/videos/1069952154744581,Other,This account is not affiliated with any businesses licensed or regulated by the SEC Thailand. Kindly be cautious with your investments.
Facebook page “ฟาร์มผักโอ้กะจู๋ สู่ตลาดหลักทรัพย์”,,https://www.facebook.com/profile.php?id=100095505132977,Thailand - Securities and Exchange Commission,https://web-invpublic.sec.or.th/e/2770/2568,2025-08-01,39672,39672,,2025-07-25,2025-08-01,2025-08-01,https://web-invpublic.sec.or.th/e/2770/2568,Facebook page “ฟาร์มผักโอ้กะจู๋ สู่ตลาดหลักทรัพย์”,https://www.facebook.com/profile.php?id=100095505132977,https://www.facebook.com/100095505132977/videos/609956008440212,Other,This account is not affiliated with any businesses licensed or regulated by the SEC Thailand. Kindly be cautious with your investments.
