Name_company,Corporate Name,site_url,Authority_Name,Authority_link,date,id,Warning ID,NCA,Date Published At NCA,Date Published At IOSCO,Last Updated,NCA URL,Commercial Name,URL,Other URL,Category,Additional Information
ZeroTrillionWorld,,https://zerotrillionworld.it,Italy - Commissione Nazionale per le Società e la Borsa,https://www.consob.it/web/consob-and-its-activities/warnings/latests,2025-07-16,39389,39389,,2025-07-14,2025-07-16,2025-07-16,https://www.consob.it/web/consob-and-its-activities/warnings/latests,ZeroTrillionWorld,https://zerotrillionworld.it,,Unregistered/Unlicensed entity offering financial products or services,
TNT882,,https://tnt882.it,Italy - Commissione Nazionale per le Società e la Borsa,https://www.consob.it/web/consob-and-its-activities/warnings/latests,2025-07-16,39388,39388,,2025-07-14,2025-07-16,2025-07-16,https://www.consob.it/web/consob-and-its-activities/warnings/latests,TNT882,https://tnt882.it,,Unregistered/Unlicensed entity offering financial products or services,
ERY357,,https://ery357.it,Italy - Commissione Nazionale per le Società e la Borsa,https://www.consob.it/web/consob-and-its-activities/warnings/latests,2025-07-16,39387,39387,,2025-07-14,2025-07-16,2025-07-16,https://www.consob.it/web/consob-and-its-activities/warnings/latests,ERY357,https://ery357.it,,Unregistered/Unlicensed entity offering financial products or services,
DSS776,,https://dss776.it,Italy - Commissione Nazionale per le Società e la Borsa,https://www.consob.it/web/consob-and-its-activities/warnings/latests,2025-07-16,39386,39386,,2025-07-14,2025-07-16,2025-07-16,https://www.consob.it/web/consob-and-its-activities/warnings/latests,DSS776,https://dss776.it,,Unregistered/Unlicensed entity offering financial products or services,
09pqws,,https://09pqws.it,Italy - Commissione Nazionale per le Società e la Borsa,https://www.consob.it/web/consob-and-its-activities/warnings/latests,2025-07-16,39385,39385,,2025-07-14,2025-07-16,2025-07-16,https://www.consob.it/web/consob-and-its-activities/warnings/latests,09pqws,https://09pqws.it,,Unregistered/Unlicensed entity offering financial products or services,
1. Miller Value Partner;2. Aristotle Capital Management,,,Hong Kong - Securities and Futures Commission,https://www.sfc.hk/en/alert-list/3134,2025-07-16,39384,39384,,2025-07-16,2025-07-16,2025-07-16,https://www.sfc.hk/en/alert-list/3134,1. Miller Value Partner;2. Aristotle Capital Management,,-,,The companies falsely claim to be licensed by the SFC. They use two bank accounts in Hong Kong in the names of Hanyangfeng Limited and Lgnition International Trading Limited for settlement.
Wealth Edge Investments,,https://wealthedgeinvestments.com,British Columbia - British Columbia Securities Commission,https://www.bcsc.bc.ca/enforcement/early-intervention/investment-caution-list/2025/wealth-edge-investments,2025-07-16,39383,39383,,2025-07-15,2025-07-16,2025-07-16,https://www.bcsc.bc.ca/enforcement/early-intervention/investment-caution-list/2025/wealth-edge-investments,Wealth Edge Investments,https://wealthedgeinvestments.com,,Unregistered/Unlicensed entity offering financial products or services,
Roxtree Advisory,,roxtree- advisory.com,Alberta - Alberta Securities Commission,https://www.asc.ca/en/Enforcement/Investment-Caution-List/r/Roxtree-Advisory,2025-07-16,39382,39382,,2025-07-15,2025-07-16,2025-07-16,https://www.asc.ca/en/Enforcement/Investment-Caution-List/r/Roxtree-Advisory,Roxtree Advisory,roxtree- advisory.com,,Unregistered/Unlicensed entity offering financial products or services,
Rogen Investment Ltd.Rogen Investment LTD,,rogeninvestmentltd.com,Alberta - Alberta Securities Commission,https://www.asc.ca/en/Enforcement/Investment-Caution-List/r/Rogen-Investment-Ltd,2025-07-16,39381,39381,,2025-07-15,2025-07-16,2025-07-16,https://www.asc.ca/en/Enforcement/Investment-Caution-List/r/Rogen-Investment-Ltd,Rogen Investment Ltd.,rogeninvestmentltd.com,,Unregistered/Unlicensed entity offering financial products or services,
RiseGrandAction,,https://risegrandaction.com,British Columbia - British Columbia Securities Commission,https://www.bcsc.bc.ca/enforcement/early-intervention/investment-caution-list/2025/risegrandaction,2025-07-16,39380,39380,,2025-07-14,2025-07-16,2025-07-16,https://www.bcsc.bc.ca/enforcement/early-intervention/investment-caution-list/2025/risegrandaction,RiseGrandAction,https://risegrandaction.com,,Unregistered/Unlicensed entity offering financial products or services,
Capup,,https://capup.ai,The Netherlands - The Dutch Authority for the Financial Markets,https://www.afm.nl/nl-nl/consumenten/waarschuwingen/bekijk-de-waarschuwingen/boilerroom/capup,2025-07-15,39379,39379,,2025-07-15,2025-07-15,2025-07-15,https://www.afm.nl/nl-nl/consumenten/waarschuwingen/bekijk-de-waarschuwingen/boilerroom/capup,Capup,https://capup.ai,,Fraud and Other Types of Misconduct,"The Netherlands Authority for the Financial Markets (AFM) warns consumers not to respond to offers from Capup. This company is a suspected boiler room, a form of online investment fraud. Capup has approached persons without being asked, to offer them investment proposals. A boiler room is a collective term for fraudulent individuals and organizations using clever salespeople to call potential investors to pressure them into buying shares that promise high returns (cold calling). In reality the shares are either worthless or non-existent. The AFM has established that Capup does not have an AFM license or a European Passport."
Lunoro Chain,,https://lunoro-chain.com,The Netherlands - The Dutch Authority for the Financial Markets,https://www.afm.nl/nl-nl/consumenten/waarschuwingen/bekijk-de-waarschuwingen/boilerroom/lunoro-chain,2025-07-15,39378,39378,,2025-07-15,2025-07-15,2025-07-15,https://www.afm.nl/nl-nl/consumenten/waarschuwingen/bekijk-de-waarschuwingen/boilerroom/lunoro-chain,Lunoro Chain,https://lunoro-chain.com,,Fraud and Other Types of Misconduct,"The Netherlands Authority for the Financial Markets (AFM) warns consumers not to respond to offers from Lunoro Chain. This company is a suspected boiler room, a form of online investment fraud. Lunoro Chain has approached persons without being asked, to offer them investment proposals. A boiler room is a collective term for fraudulent individuals and organizations using clever salespeople to call potential investors to pressure them into buying shares that promise high returns (cold calling). In reality the shares are either worthless or non-existent. The AFM has established that Lunoro Chain does not have an AFM license or a European Passport."
T.M. Financials Ltd h.o.d. Tag Markets Ltd.,,https://tagmarkets.com,The Netherlands - The Dutch Authority for the Financial Markets,https://www.afm.nl/nl-nl/consumenten/waarschuwingen/bekijk-de-waarschuwingen/boilerroom/financials,2025-07-15,39377,39377,,2025-07-15,2025-07-15,2025-07-15,https://www.afm.nl/nl-nl/consumenten/waarschuwingen/bekijk-de-waarschuwingen/boilerroom/financials,T.M. Financials Ltd h.o.d. Tag Markets Ltd.,https://tagmarkets.com,,Fraud and Other Types of Misconduct,"The Netherlands Authority for the Financial Markets (AFM) warns consumers not to respond to offers from T.M. Financials Ltd h.o.d. Tag Markets Ltd. This company is a suspected boiler room, a form of online investment fraud. T.M. Financials Ltd h.o.d. Tag Markets Ltd. has approached persons without being asked, to offer them investment proposals. A boiler room is a collective term for fraudulent individuals and organizations using clever salespeople to call potential investors to pressure them into buying shares that promise high returns (cold calling). In reality the shares are either worthless or non-existent. The AFM has established that T.M. Financials Ltd h.o.d. Tag Markets Ltd. does not have an AFM license or a European Passport."
Silver FX,,https://silver-fx.com,The Netherlands - The Dutch Authority for the Financial Markets,https://www.afm.nl/nl-nl/consumenten/waarschuwingen/bekijk-de-waarschuwingen/boilerroom/silver,2025-07-15,39376,39376,,2025-07-15,2025-07-15,2025-07-15,https://www.afm.nl/nl-nl/consumenten/waarschuwingen/bekijk-de-waarschuwingen/boilerroom/silver,Silver FX,https://silver-fx.com,,Fraud and Other Types of Misconduct,"The Netherlands Authority for the Financial Markets (AFM) warns consumers not to respond to offers from Silver FX.. This company is a suspected boiler room, a form of online investment fraud. Silver FX. has approached persons without being asked, to offer them investment proposals. A boiler room is a collective term for fraudulent individuals and organizations using clever salespeople to call potential investors to pressure them into buying shares that promise high returns (cold calling). In reality the shares are either worthless or non-existent. The AFM has established that Silver FX does not have an AFM license or a European Passport."
Wealth Wise,,https://www.wealth-wise.org,United Kingdom - Financial Conduct Authority,https://www.fca.org.uk/news/warnings/wealth-wise,2025-07-15,39375,39375,,2025-07-15,2025-07-15,2025-07-15,https://www.fca.org.uk/news/warnings/wealth-wise,Wealth Wise,https://www.wealth-wise.org,,Unregistered/Unlicensed entity offering financial products or services,
Thestreetp.,,www.thestreetp.com,The Netherlands - The Dutch Authority for the Financial Markets,https://www.afm.nl/nl-nl/consumenten/waarschuwingen/bekijk-de-waarschuwingen/boilerroom/thestreetp,2025-07-15,39374,39374,,2025-07-15,2025-07-15,2025-07-15,https://www.afm.nl/nl-nl/consumenten/waarschuwingen/bekijk-de-waarschuwingen/boilerroom/thestreetp,Thestreetp.,www.thestreetp.com,,Fraud and Other Types of Misconduct,"The Netherlands Authority for the Financial Markets (AFM) warns consumers not to respond to offers from Thestreetp.. This company is a suspected boiler room, a form of online investment fraud. Thestreetp. has approached persons without being asked, to offer them investment proposals. A boiler room is a collective term for fraudulent individuals and organizations using clever salespeople to call potential investors to pressure them into buying shares that promise high returns (cold calling). In reality the shares are either worthless or non-existent. The AFM has established that Thestreetp.does not have an AFM license or a European Passport."
CFD Options,,www.cfdoptions.com,United Kingdom - Financial Conduct Authority,https://www.fca.org.uk/news/warnings/cfd-options,2025-07-15,39373,39373,,2025-07-15,2025-07-15,2025-07-15,https://www.fca.org.uk/news/warnings/cfd-options,CFD Options,www.cfdoptions.com,,Unregistered/Unlicensed entity offering financial products or services,
BestTrade4You,,https://besttrade4you.net/ https://trading.besttrade4you.net/,Romania - Financial Supervisory Authority,https://asfromania.ro/en/a/19/alerte-investitori---informari,2025-07-15,39371,39371,,2025-07-15,2025-07-15,2025-07-15,https://asfromania.ro/en/a/19/alerte-investitori---informari,BestTrade4You,https://besttrade4you.net/ https://trading.besttrade4you.net/,,Unregistered/Unlicensed entity offering financial products or services,
https://investing-trade.com/gb,,https://investing-trade.com/gb,Greece - Hellenic Capital Market Commission,http://www.hcmc.gr/aweb/files/warnings/files/INVESTINGTRADE.COM.pdf,2025-07-15,39370,39370,,2025-07-15,2025-07-15,2025-07-15,http://www.hcmc.gr/aweb/files/warnings/files/INVESTINGTRADE.COM.pdf,https://investing-trade.com/gb,https://investing-trade.com/gb,,,
TikTok account “mrdiy_thailandLine “MR DIY.”,,https://www.tiktok.com/@mrdiy_thailand,Thailand - Securities and Exchange Commission,https://web-invpublic.sec.or.th/e/2651/2568,2025-07-17,39369,39369,,2025-07-15,2025-07-17,2025-07-17,https://web-invpublic.sec.or.th/e/2651/2568,TikTok account “mrdiy_thailand,https://www.tiktok.com/@mrdiy_thailand,https://line.me/ti/p/gc_Tb6ncp9,Other,This account is not affiliated with any businesses licensed or regulated by the SEC Thailand. Kindly be cautious with your investments.
