Name_company,Corporate Name,site_url,Authority_Name,Authority_link,date,id,Warning ID,NCA,Date Published At NCA,Date Published At IOSCO,Last Updated,NCA URL,Commercial Name,URL,Other URL,Category,Additional Information
FUSIONTRADE,,https://fusiontrade.org/,United Kingdom - Financial Conduct Authority,https://www.fca.org.uk/news/warnings/fusiontrade,2025-07-16,39409,39409,,2025-07-15,2025-07-16,2025-07-16,https://www.fca.org.uk/news/warnings/fusiontrade,FUSIONTRADE,https://fusiontrade.org/,,Unregistered/Unlicensed entity offering financial products or services,
Bullion FX / BFX / BullyPedex,,https://www.bullyex.com,United Kingdom - Financial Conduct Authority,https://www.fca.org.uk/news/warnings/bullion-fx-bfx-bullypedex,2025-07-16,39408,39408,,2025-07-16,2025-07-16,2025-07-16,https://www.fca.org.uk/news/warnings/bullion-fx-bfx-bullypedex,Bullion FX / BFX / BullyPedex,https://www.bullyex.com,,Unregistered/Unlicensed entity offering financial products or services,
Facebook page “Sawakami Fund Management”,,https://www.facebook.com/profile.php?id=100083976001687,Thailand - Securities and Exchange Commission,https://web-invpublic.sec.or.th/e/2663/2568,2025-07-16,39407,39407,,2025-07-16,2025-07-16,2025-07-16,https://web-invpublic.sec.or.th/e/2663/2568,Facebook page “Sawakami Fund Management”,https://www.facebook.com/profile.php?id=100083976001687,https://www.facebook.com/100083976001687/videos/1394182555130009,Other,This account is not affiliated with any businesses licensed or regulated by the SEC Thailand. Kindly be cautious with your investments.
Website “https://nntthailandset.vip/index/login”,,https://nntthailandset.vip/index/login,Thailand - Securities and Exchange Commission,https://web-invpublic.sec.or.th/e/2662/2568,2025-07-16,39406,39406,,2025-07-16,2025-07-16,2025-07-16,https://web-invpublic.sec.or.th/e/2662/2568,Website “https://nntthailandset.vip/index/login”,https://nntthailandset.vip/index/login,,Other,This account is not affiliated with any businesses licensed or regulated by the SEC Thailand. Kindly be cautious with your investments.
Facebook page “Coffee Premium Quality”,,https://www.facebook.com/profile.php?id=100093139253431,Thailand - Securities and Exchange Commission,https://web-invpublic.sec.or.th/e/2661/2568,2025-07-16,39405,39405,,2025-07-16,2025-07-16,2025-07-16,https://web-invpublic.sec.or.th/e/2661/2568,Facebook page “Coffee Premium Quality”,https://www.facebook.com/profile.php?id=100093139253431,https://www.facebook.com/100093139253431/videos/3074189532760118,Other,This account is not affiliated with any businesses licensed or regulated by the SEC Thailand. Kindly be cautious with your investments.
Facebook page “Farm Pluk Phak OKJ”,,https://www.facebook.com/profile.php?id=61550342429361,Thailand - Securities and Exchange Commission,https://web-invpublic.sec.or.th/e/2660/2568,2025-07-16,39404,,,,,,,,,,,
Facebook page “Organic Farm ผักสลัดพันล้าน”,,https://www.facebook.com/profile.php?id=100089985696866,Thailand - Securities and Exchange Commission,https://web-invpublic.sec.or.th/e/2659/2568,2025-07-16,39403,39403,,2025-07-16,2025-07-16,2025-07-16,https://web-invpublic.sec.or.th/e/2659/2568,Facebook page “Organic Farm ผักสลัดพันล้าน”,https://www.facebook.com/profile.php?id=100089985696866,https://www.facebook.com/100089985696866/videos/1451022092886611,Other,This account is not affiliated with any businesses licensed or regulated by the SEC Thailand. Kindly be cautious with your investments.
Facebook page “ฟาร์มออร์แกนิก-Creator Investment”,,https://www.facebook.com/profile.php?id=61578172809291,Thailand - Securities and Exchange Commission,https://web-invpublic.sec.or.th/e/2658/2568,2025-07-16,39402,39402,,2025-07-16,2025-07-16,2025-07-16,https://web-invpublic.sec.or.th/e/2658/2568,Facebook page “ฟาร์มออร์แกนิก-Creator Investment”,https://www.facebook.com/profile.php?id=61578172809291,https://www.facebook.com/ads/library/?id=1249058580332682,Other,This account is not affiliated with any businesses licensed or regulated by the SEC Thailand. Kindly be cautious with your investments.
Facebook page “Ohkajhu.สู่ตลาดหลักทรัพย์”,,https://www.facebook.com/profile.php?id=61578329460018,Thailand - Securities and Exchange Commission,https://web-invpublic.sec.or.th/e/2657/2568,2025-07-16,39401,39401,,2025-07-16,2025-07-16,2025-07-16,https://web-invpublic.sec.or.th/e/2657/2568,Facebook page “Ohkajhu.สู่ตลาดหลักทรัพย์”,https://www.facebook.com/profile.php?id=61578329460018,https://www.facebook.com/61578329460018/videos/772144205470984,Other,This account is not affiliated with any businesses licensed or regulated by the SEC Thailand. Kindly be cautious with your investments.
Facebook page “SET AmaZon Cafe”,,https://www.facebook.com/profile.php?id=61557172060943,Thailand - Securities and Exchange Commission,https://web-invpublic.sec.or.th/e/2656/2568,2025-07-16,39400,39400,,2025-07-16,2025-07-16,2025-07-16,https://web-invpublic.sec.or.th/e/2656/2568,Facebook page “SET AmaZon Cafe”,https://www.facebook.com/profile.php?id=61557172060943,https://www.facebook.com/61557172060943/videos/707031312149863,Other,This account is not affiliated with any businesses licensed or regulated by the SEC Thailand. Kindly be cautious with your investments.
Instagram page “SET AmaZon Cafe”,,https://www.instagram.com/p/DMHet4bgx25,Thailand - Securities and Exchange Commission,https://web-invpublic.sec.or.th/e/2655/2568,2025-07-16,39399,39399,,2025-07-16,2025-07-16,2025-07-16,https://web-invpublic.sec.or.th/e/2655/2568,Instagram page “SET AmaZon Cafe”,https://www.instagram.com/p/DMHet4bgx25,,Other,This account is not affiliated with any businesses licensed or regulated by the SEC Thailand. Kindly be cautious with your investments.
Instagram page “Organic Farm Haven”,,https://www.instagram.com/p/DMHZFGRAirO,Thailand - Securities and Exchange Commission,https://web-invpublic.sec.or.th/e/2654/2568,2025-07-16,39398,39398,,2025-07-16,2025-07-16,2025-07-16,https://web-invpublic.sec.or.th/e/2654/2568,Instagram page “Organic Farm Haven”,https://www.instagram.com/p/DMHZFGRAirO,,Other,This account is not affiliated with any businesses licensed or regulated by the SEC Thailand. Kindly be cautious with your investments.
Facebook page “0rganic สลัดผักออแกนิคเพื่อคุณ”,,https://www.facebook.com/profile.php?id=61578184568576,Thailand - Securities and Exchange Commission,https://web-invpublic.sec.or.th/e/2653/2568,2025-07-16,39397,39397,,2025-07-16,2025-07-16,2025-07-16,https://web-invpublic.sec.or.th/e/2653/2568,Facebook page “0rganic สลัดผักออแกนิคเพื่อคุณ”,https://www.facebook.com/profile.php?id=61578184568576,https://www.facebook.com/61578184568576/posts/122103022688939485/?mibextid=wwXIfr&rdid=VMGuZ4PaV6RkxwhB#,Other,This account is not affiliated with any businesses licensed or regulated by the SEC Thailand. Kindly be cautious with your investments.
Facebook page “Be Organic from Farm to Table”,,https://www.facebook.com/profile.php?id=61553575074405,Thailand - Securities and Exchange Commission,https://web-invpublic.sec.or.th/e/2652/2568,2025-07-16,39396,39396,,2025-07-16,2025-07-16,2025-07-16,https://web-invpublic.sec.or.th/e/2652/2568,Facebook page “Be Organic from Farm to Table”,https://www.facebook.com/profile.php?id=61553575074405,https://www.facebook.com/61553575074405/videos/613630658008610,Other,This account is not affiliated with any businesses licensed or regulated by the SEC Thailand. Kindly be cautious with your investments.
UniversalAIGroup / universalaigroup.com,,,Switzerland - Swiss Financial Market Supervisory Authority,https://www.finma.ch/en/finma-public/warnungen/warning-list/universalaigroup---universalaigroup_com/,2025-07-16,39395,39395,,2025-07-16,2025-07-16,2025-07-16,https://www.finma.ch/en/finma-public/warnungen/warning-list/universalaigroup---universalaigroup_com/,UniversalAIGroup / universalaigroup.com,,,Other,
TheBoostMastery / theboostmastery.com,,www.theboostmastery.com,Switzerland - Swiss Financial Market Supervisory Authority,https://www.finma.ch/en/finma-public/warnungen/warning-list/theboostmastery---theboostmastery_com/,2025-07-16,39394,39394,,2025-07-16,2025-07-16,2025-07-16,https://www.finma.ch/en/finma-public/warnungen/warning-list/theboostmastery---theboostmastery_com/,TheBoostMastery / theboostmastery.com,www.theboostmastery.com,,Other,
WittFinance,,www.wittfinance.com,Switzerland - Swiss Financial Market Supervisory Authority,https://www.finma.ch/en/finma-public/warnungen/warning-list/wittfinance/,2025-07-16,39393,39393,,2025-07-16,2025-07-16,2025-07-16,https://www.finma.ch/en/finma-public/warnungen/warning-list/wittfinance/,WittFinance,www.wittfinance.com,www.wittfinanceglobal.com,Other,
Roxtree Advisory / roxtreeadvisory.com,,www.roxtreeadvisory.com,Switzerland - Swiss Financial Market Supervisory Authority,https://www.finma.ch/en/finma-public/warnungen/warning-list/roxtree-advisory---roxtreeadvisory_com/,2025-07-16,39392,39392,,2025-07-16,2025-07-16,2025-07-16,https://www.finma.ch/en/finma-public/warnungen/warning-list/roxtree-advisory---roxtreeadvisory_com/,Roxtree Advisory / roxtreeadvisory.com,www.roxtreeadvisory.com,,Other,
78DEF,,https://78def.it,Italy - Commissione Nazionale per le Società e la Borsa,https://www.consob.it/web/consob-and-its-activities/warnings/latests,2025-07-16,39391,39391,,2025-07-14,2025-07-16,2025-07-16,https://www.consob.it/web/consob-and-its-activities/warnings/latests,78DEF,https://78def.it,,Unregistered/Unlicensed entity offering financial products or services,
ZGV796,,https://zgv796.it,Italy - Commissione Nazionale per le Società e la Borsa,https://www.consob.it/web/consob-and-its-activities/warnings/latests,2025-07-16,39390,39390,,2025-07-14,2025-07-16,2025-07-16,https://www.consob.it/web/consob-and-its-activities/warnings/latests,ZGV796,https://zgv796.it,,Unregistered/Unlicensed entity offering financial products or services,
