Name_company,Corporate Name,site_url,Authority_Name,Authority_link,date,id,Warning ID,NCA,Date Published At NCA,Date Published At IOSCO,Last Updated,NCA URL,Commercial Name,URL,Other URL,Category,Additional Information
TitansBenefit,,https://www.titansbenefit.com,The Netherlands - The Dutch Authority for the Financial Markets,https://www.afm.nl/nl-nl/consumenten/waarschuwingen/bekijk-de-waarschuwingen/boilerroom/titansbenefit,2025-07-22,39611,39611,,2025-07-22,2025-07-22,2025-07-22,https://www.afm.nl/nl-nl/consumenten/waarschuwingen/bekijk-de-waarschuwingen/boilerroom/titansbenefit,TitansBenefit,https://www.titansbenefit.com,,Fraud and Other Types of Misconduct,"The Netherlands Authority for the Financial Markets (AFM) warns consumers not to respond to offers from  TitansBenefit. This company is a suspected boiler room, a form of online investment fraud.  TitansBenefit has approached persons without being asked, to offer them investment proposals. A boiler room is a collective term for fraudulent individuals and organizations using clever salespeople to call potential investors to pressure them into buying shares that promise high returns (cold calling). In reality the shares are either worthless or non-existent. The AFM has established that  TitansBenefit does not have an AFM license or a European Passport."
Tradevistox,,https://tradevistox.com/,The Netherlands - The Dutch Authority for the Financial Markets,https://www.afm.nl/nl-nl/consumenten/waarschuwingen/bekijk-de-waarschuwingen/boilerroom/tradevistox,2025-07-22,39610,39610,,2025-07-22,2025-07-22,2025-07-22,https://www.afm.nl/nl-nl/consumenten/waarschuwingen/bekijk-de-waarschuwingen/boilerroom/tradevistox,Tradevistox,https://tradevistox.com/,,Fraud and Other Types of Misconduct,"The Netherlands Authority for the Financial Markets (AFM) warns consumers not to respond to offers from Tradevistox. This company is a suspected boiler room, a form of online investment fraud. Tradevistox has approached persons without being asked, to offer them investment proposals. A boiler room is a collective term for fraudulent individuals and organizations using clever salespeople to call potential investors to pressure them into buying shares that promise high returns (cold calling). In reality the shares are either worthless or non-existent. The AFM has established that Tradevistox does not have an AFM license or a European Passport."
GIC Crypto Investment,,https://www.gicscryptos.com/,The Netherlands - The Dutch Authority for the Financial Markets,https://www.afm.nl/nl-nl/consumenten/waarschuwingen/bekijk-de-waarschuwingen/boilerroom/gic-crypto-investment,2025-07-22,39609,39609,,2025-07-22,2025-07-22,2025-07-22,https://www.afm.nl/nl-nl/consumenten/waarschuwingen/bekijk-de-waarschuwingen/boilerroom/gic-crypto-investment,GIC Crypto Investment,https://www.gicscryptos.com/,,Fraud and Other Types of Misconduct,"The Netherlands Authority for the Financial Markets (AFM) warns consumers not to respond to offers from GIC Crypto Investment. This company is a suspected boiler room, a form of online investment fraud. GIC Crypto Investment has approached persons without being asked, to offer them investment proposals. A boiler room is a collective term for fraudulent individuals and organizations using clever salespeople to call potential investors to pressure them into buying shares that promise high returns (cold calling). In reality the shares are either worthless or non-existent. The AFM has established that GIC Crypto Investment does not have an AFM license or a European Passport."
Superswiss,,https://superswiss.co/,The Netherlands - The Dutch Authority for the Financial Markets,https://www.afm.nl/nl-nl/consumenten/waarschuwingen/bekijk-de-waarschuwingen/boilerroom/superswiss,2025-07-22,39608,39608,,2025-07-22,2025-07-22,2025-07-22,https://www.afm.nl/nl-nl/consumenten/waarschuwingen/bekijk-de-waarschuwingen/boilerroom/superswiss,Superswiss,https://superswiss.co/,,Fraud and Other Types of Misconduct,"The Netherlands Authority for the Financial Markets (AFM) warns consumers not to respond to offers from Superswiss. This company is a suspected boiler room, a form of online investment fraud. Superswiss has approached persons without being asked, to offer them investment proposals. A boiler room is a collective term for fraudulent individuals and organizations using clever salespeople to call potential investors to pressure them into buying shares that promise high returns (cold calling). In reality the shares are either worthless or non-existent. The AFM has established that Superswiss does not have an AFM license or a European Passport."
Line “OHKAJHU”,,ID: okj_34,Thailand - Securities and Exchange Commission,https://web-invpublic.sec.or.th/e/2735/2568,2025-07-22,39607,39607,,2025-07-22,2025-07-22,2025-07-22,https://web-invpublic.sec.or.th/e/2735/2568,Line “OHKAJHU”,ID: okj_34,,Other,This account is not affiliated with any businesses licensed or regulated by the SEC Thailand. Kindly be cautious with your investments.
Line “CLASS B INNOTRADE” and “AMUNDI”,,https://www.recbzbms.net/,Thailand - Securities and Exchange Commission,https://web-invpublic.sec.or.th/e/2734/2568,2025-07-22,39606,39606,,2025-07-22,2025-07-22,2025-07-22,https://web-invpublic.sec.or.th/e/2734/2568,Line “CLASS B INNOTRADE” and “AMUNDI”,https://www.recbzbms.net/,,Other,This account is not affiliated with any businesses licensed or regulated by the SEC Thailand. Kindly be cautious with your investments.
Facebook page “Amazon ผักสลัด สู่ตลาดหลักทรัพย์”,,https://www.facebook.com/profile.php?id=61558836982605,Thailand - Securities and Exchange Commission,https://web-invpublic.sec.or.th/e/2733/2568,2025-07-22,39605,39605,,2025-07-22,2025-07-22,2025-07-22,https://web-invpublic.sec.or.th/e/2733/2568,Facebook page “Amazon ผักสลัด สู่ตลาดหลักทรัพย์”,https://www.facebook.com/profile.php?id=61558836982605,https://www.facebook.com/61558836982605/videos/1654438351909313,Other,This account is not affiliated with any businesses licensed or regulated by the SEC Thailand. Kindly be cautious with your investments.
Facebook page “คาเฟ่เอเมซอน Amazon Trading Funding”,,https://www.facebook.com/profile.php?id=100091580632654,Thailand - Securities and Exchange Commission,https://web-invpublic.sec.or.th/e/2732/2568,2025-07-22,39604,39604,,2025-07-22,2025-07-22,2025-07-22,https://web-invpublic.sec.or.th/e/2732/2568,Facebook page “คาเฟ่เอเมซอน Amazon Trading Funding”,https://www.facebook.com/profile.php?id=100091580632654,https://www.facebook.com/100091580632654/videos/747518834874063,Other,This account is not affiliated with any businesses licensed or regulated by the SEC Thailand. Kindly be cautious with your investments.
Facebook page “ออร์แกนิกเพื่อสุขภาพ”,,https://www.facebook.com/profile.php?id=61550095709475,Thailand - Securities and Exchange Commission,https://web-invpublic.sec.or.th/e/2731/2568,2025-07-22,39603,39603,,2025-07-22,2025-07-22,2025-07-22,https://web-invpublic.sec.or.th/e/2731/2568,Facebook page “ออร์แกนิกเพื่อสุขภาพ”,https://www.facebook.com/profile.php?id=61550095709475,https://www.facebook.com/share/p/1B3py1ZU8E/,Other,This account is not affiliated with any businesses licensed or regulated by the SEC Thailand. Kindly be cautious with your investments.
TikTok account “securities_okj20”,,https://www.tiktok.com/@securities_okj20,Thailand - Securities and Exchange Commission,https://web-invpublic.sec.or.th/e/2729/2568,2025-07-22,39601,39601,,2025-07-22,2025-07-22,2025-07-22,https://web-invpublic.sec.or.th/e/2729/2568,TikTok account “securities_okj20”,https://www.tiktok.com/@securities_okj20,https://www.tiktok.com/@securities_okj20/video/7432217543428934920?lang=en,Other,This account is not affiliated with any businesses licensed or regulated by the SEC Thailand. Kindly be cautious with your investments.
TikTok account “ganic.com”,,https://www.tiktok.com/@ganic.com,Thailand - Securities and Exchange Commission,https://web-invpublic.sec.or.th/e/2728/2568,2025-07-22,39600,39600,,2025-07-22,2025-07-22,2025-07-22,https://web-invpublic.sec.or.th/e/2728/2568,TikTok account “ganic.com”,https://www.tiktok.com/@ganic.com,https://www.tiktok.com/@ganic.com/video/7431809283592834322,Other,This account is not affiliated with any businesses licensed or regulated by the SEC Thailand. Kindly be cautious with your investments.
TikTok account “mf34vd9dlp51”,,https://www.tiktok.com/@mf34vd9dlp51,Thailand - Securities and Exchange Commission,https://web-invpublic.sec.or.th/e/2727/2568,2025-07-22,39599,39599,,2025-07-22,2025-07-22,2025-07-22,https://web-invpublic.sec.or.th/e/2727/2568,TikTok account “mf34vd9dlp51”,https://www.tiktok.com/@mf34vd9dlp51,https://www.tiktok.com/@mf34vd9dlp51/video/7435164660438945042?lang=en,Other,This account is not affiliated with any businesses licensed or regulated by the SEC Thailand. Kindly be cautious with your investments.
TikTok account “user32136606”,,https://www.tiktok.com/@user32136606,Thailand - Securities and Exchange Commission,https://web-invpublic.sec.or.th/e/2726/2568,2025-07-24,39598,39598,,2025-07-22,2025-07-24,2025-07-24,https://web-invpublic.sec.or.th/e/2726/2568,TikTok account “user32136606”,https://www.tiktok.com/@user32136606,https://www.tiktok.com/@user32136606/video/7526763393538084104,Other,This account is not affiliated with any businesses licensed or regulated by the SEC Thailand. Kindly be cautious with your investments.
TikTok account “okj3003”,,https://www.tiktok.com/@okj3003,Thailand - Securities and Exchange Commission,https://web-invpublic.sec.or.th/e/2725/2568,2025-07-22,39597,39597,,2025-07-22,2025-07-22,2025-07-22,https://web-invpublic.sec.or.th/e/2725/2568,TikTok account “okj3003”,https://www.tiktok.com/@okj3003,https://www.tiktok.com/@okj3003/video/7527265078157085959,Other,This account is not affiliated with any businesses licensed or regulated by the SEC Thailand. Kindly be cautious with your investments.
Facebook page “ORGANIC&Oh Kad”,,https://www.facebook.com/profile.php?id=61578285309104,Thailand - Securities and Exchange Commission,https://web-invpublic.sec.or.th/e/2724/2568,2025-07-22,39596,39596,,2025-07-22,2025-07-22,2025-07-22,https://web-invpublic.sec.or.th/e/2724/2568,Facebook page “ORGANIC&Oh Kad”,https://www.facebook.com/profile.php?id=61578285309104,https://www.facebook.com/ads/library/?id=1364152288013350,Other,This account is not affiliated with any businesses licensed or regulated by the SEC Thailand. Kindly be cautious with your investments.
Facebook page “OKJPoke Bowl”,,https://www.facebook.com/profile.php?id=61578371221669,Thailand - Securities and Exchange Commission,https://web-invpublic.sec.or.th/e/2723/2568,2025-07-22,39595,39595,,2025-07-22,2025-07-22,2025-07-22,https://web-invpublic.sec.or.th/e/2723/2568,Facebook page “OKJPoke Bowl”,https://www.facebook.com/profile.php?id=61578371221669,https://www.facebook.com/ads/library/?id=1737054490242877,Other,This account is not affiliated with any businesses licensed or regulated by the SEC Thailand. Kindly be cautious with your investments.
Facebook page “อาณาจักรฟาร์ม สลัดพันล้าน”,,https://www.facebook.com/profile.php?id=100091297624807,Thailand - Securities and Exchange Commission,https://web-invpublic.sec.or.th/e/2722/2568,2025-07-23,39594,39594,,2025-07-22,2025-07-23,2025-07-23,https://web-invpublic.sec.or.th/e/2722/2568,Facebook page “อาณาจักรฟาร์ม สลัดพันล้าน”,https://www.facebook.com/profile.php?id=100091297624807,https://www.facebook.com/100091297624807/videos/772057738716644,Other,This account is not affiliated with any businesses licensed or regulated by the SEC Thailand. Kindly be cautious with your investments.
Facebook page “Oh Juice ปลูกผักเพราะรักเเม่ฟาร์มผักออร์แกนิก”,,https://www.facebook.com/profile.php?id=100089907519854,Thailand - Securities and Exchange Commission,https://web-invpublic.sec.or.th/e/2721/2568,2025-07-22,39593,39593,,2025-07-22,2025-07-22,2025-07-22,https://web-invpublic.sec.or.th/e/2721/2568,Facebook page “Oh Juice ปลูกผักเพราะรักเเม่ฟาร์มผักออร์แกนิก”,https://www.facebook.com/profile.php?id=100089907519854,https://www.facebook.com/100089907519854/videos/1405299987402851,Other,This account is not affiliated with any businesses licensed or regulated by the SEC Thailand. Kindly be cautious with your investments.
Facebook page “Ohkajhu Wrap • Roll & Salad Bar”,,https://www.facebook.com/profile.php?id=61553201469129,Thailand - Securities and Exchange Commission,https://web-invpublic.sec.or.th/e/2720/2568,2025-07-22,39592,39592,,2025-07-22,2025-07-22,2025-07-22,https://web-invpublic.sec.or.th/e/2720/2568,Facebook page “Ohkajhu Wrap • Roll & Salad Bar”,https://www.facebook.com/profile.php?id=61553201469129,https://www.facebook.com/61553201469129/videos/2087472478406873,Other,This account is not affiliated with any businesses licensed or regulated by the SEC Thailand. Kindly be cautious with your investments.
Facebook page “สวนผักคุณแม่ ออร์แกนิก”,,https://www.facebook.com/profile.php?id=100089989890894,Thailand - Securities and Exchange Commission,https://web-invpublic.sec.or.th/e/2719/2568,2025-07-24,39591,39591,,2025-07-22,2025-07-24,2025-07-24,https://web-invpublic.sec.or.th/e/2719/2568,Facebook page “สวนผักคุณแม่ ออร์แกนิก”,https://www.facebook.com/profile.php?id=100089989890894,https://www.facebook.com/100089989890894/videos/633510779246220,Other,This account is not affiliated with any businesses licensed or regulated by the SEC Thailand. Kindly be cautious with your investments.
