Name_company,Corporate Name,site_url,Authority_Name,Authority_link,date,id,Warning ID,NCA,Date Published At NCA,Date Published At IOSCO,Last Updated,NCA URL,Commercial Name,URL,Other URL,Category,Additional Information
Facebook page “ออแกนิค-บมจ.ปลูกผักเพราะรักแม่”,,https://www.facebook.com/profile.php?id=61578214689557,Thailand - Securities and Exchange Commission,https://web-invpublic.sec.or.th/e/2678/2568,2025-07-17,39429,39429,,2025-07-17,2025-07-17,2025-07-17,https://web-invpublic.sec.or.th/e/2678/2568,Facebook page “ออแกนิค-บมจ.ปลูกผักเพราะรักแม่”,https://www.facebook.com/profile.php?id=61578214689557,https://www.facebook.com/share/p/1CYXwWrWBd/,Other,This account is not affiliated with any businesses licensed or regulated by the SEC Thailand. Kindly be cautious with your investments.
GETBTCINCOME,,,United Kingdom - Financial Conduct Authority,https://www.fca.org.uk/news/warnings/getbtcincome,2025-07-17,39428,39428,,2025-07-17,2025-07-17,2025-07-17,https://www.fca.org.uk/news/warnings/getbtcincome,GETBTCINCOME,,,Unregistered/Unlicensed entity offering financial products or services,
Facebook page “Ohkad’s Certified”,,https://www.facebook.com/profile.php?id=100095482060373,Thailand - Securities and Exchange Commission,https://web-invpublic.sec.or.th/e/2677/2568,2025-07-17,39427,39427,,2025-07-17,2025-07-17,2025-07-17,https://web-invpublic.sec.or.th/e/2677/2568,Facebook page “Ohkad’s Certified”,https://www.facebook.com/profile.php?id=100095482060373,https://www.facebook.com/100095482060373/videos/1983090215763518,Other,This account is not affiliated with any businesses licensed or regulated by the SEC Thailand. Kindly be cautious with your investments.
Facebook page “Green World Farm”,,https://www.facebook.com/profile.php?id=100095660614580,Thailand - Securities and Exchange Commission,https://web-invpublic.sec.or.th/e/2676/2568,2025-07-17,39426,39426,,2025-07-17,2025-07-17,2025-07-17,https://web-invpublic.sec.or.th/e/2676/2568,Facebook page “Green World Farm”,https://www.facebook.com/profile.php?id=100095660614580,https://www.facebook.com/photo?fbid=532502333281783&set=a.531145386750811,Other,This account is not affiliated with any businesses licensed or regulated by the SEC Thailand. Kindly be cautious with your investments.
Facebook page “Ohkajhu Emquartier”,,https://www.facebook.com/profile.php?id=100090875778810,Thailand - Securities and Exchange Commission,https://web-invpublic.sec.or.th/e/2675/2568,2025-07-17,39425,39425,,2025-07-17,2025-07-17,2025-07-17,https://web-invpublic.sec.or.th/e/2675/2568,Facebook page “Ohkajhu Emquartier”,https://www.facebook.com/profile.php?id=100090875778810,https://www.facebook.com/100090875778810/videos/510980708743084,Other,This account is not affiliated with any businesses licensed or regulated by the SEC Thailand. Kindly be cautious with your investments.
Line “โค้ช กุลยา ชูสุวรรณ”,,https://app.accessth.cc,Thailand - Securities and Exchange Commission,https://web-invpublic.sec.or.th/e/2674/2568,2025-07-17,39424,39424,,2025-07-17,2025-07-17,2025-07-17,https://web-invpublic.sec.or.th/e/2674/2568,Line “โค้ช กุลยา ชูสุวรรณ”,https://app.accessth.cc,,Other,This account is not affiliated with any businesses licensed or regulated by the SEC Thailand. Kindly be cautious with your investments.
Facebook page “0rganic Farm ปลูกผักเพราะรักแม่”,,https://www.facebook.com/profile.php?id=100064563079445,Thailand - Securities and Exchange Commission,https://web-invpublic.sec.or.th/e/2673/2568,2025-07-17,39423,39423,,2025-07-17,2025-07-17,2025-07-17,https://web-invpublic.sec.or.th/e/2673/2568,Facebook page “0rganic Farm ปลูกผักเพราะรักแม่”,https://www.facebook.com/profile.php?id=100064563079445,https://www.facebook.com/ads/library/?id=693929673322219,Other,This account is not affiliated with any businesses licensed or regulated by the SEC Thailand. Kindly be cautious with your investments.
Facebook page “ออแกนิคปลูกผักเพราะรักษ์โลก”,,https://www.facebook.com/profile.php?id=61578312390814,Thailand - Securities and Exchange Commission,https://web-invpublic.sec.or.th/e/2672/2568,2025-07-17,39422,39422,,2025-07-17,2025-07-17,2025-07-17,https://web-invpublic.sec.or.th/e/2672/2568,Facebook page “ออแกนิคปลูกผักเพราะรักษ์โลก”,https://www.facebook.com/profile.php?id=61578312390814,https://www.facebook.com/ads/library/?id=760261286532734,Other,This account is not affiliated with any businesses licensed or regulated by the SEC Thailand. Kindly be cautious with your investments.
Facebook page “สลัดผักพันล้าน สร้างธุรกิจ”,,https://www.facebook.com/profile.php?id=100094053694698,Thailand - Securities and Exchange Commission,https://web-invpublic.sec.or.th/e/2671/2568,2025-07-17,39421,39421,,2025-07-17,2025-07-17,2025-07-17,https://web-invpublic.sec.or.th/e/2671/2568,Facebook page “สลัดผักพันล้าน สร้างธุรกิจ”,https://www.facebook.com/profile.php?id=100094053694698,https://www.facebook.com/ads/library/?id=1080373827381880,Other,This account is not affiliated with any businesses licensed or regulated by the SEC Thailand. Kindly be cautious with your investments.
Facebook page “Amazon Corporation Cafe”,,https://www.facebook.com/profile.php?id=61550800703636,Thailand - Securities and Exchange Commission,https://web-invpublic.sec.or.th/e/2670/2568,2025-07-17,39420,39420,,2025-07-17,2025-07-17,2025-07-17,https://web-invpublic.sec.or.th/e/2670/2568,Facebook page “Amazon Corporation Cafe”,https://www.facebook.com/profile.php?id=61550800703636,https://www.facebook.com/ads/library/?id=1444304193259798,Other,This account is not affiliated with any businesses licensed or regulated by the SEC Thailand. Kindly be cautious with your investments.
Facebook page “สวนปลูกผักเพื่อสุขภาพ Ohkajhu Organic”,,https://www.facebook.com/profile.php?id=100094647714729,Thailand - Securities and Exchange Commission,https://web-invpublic.sec.or.th/e/2669/2568,2025-07-17,39419,39419,,2025-07-17,2025-07-17,2025-07-17,https://web-invpublic.sec.or.th/e/2669/2568,Facebook page “สวนปลูกผักเพื่อสุขภาพ Ohkajhu Organic”,https://www.facebook.com/profile.php?id=100094647714729,https://www.facebook.com/ads/library/?id=1757209968245734,Other,This account is not affiliated with any businesses licensed or regulated by the SEC Thailand. Kindly be cautious with your investments.
Facebook page “ฟาร์มผักเพราะรักแม่จำกัด”,,https://www.facebook.com/profile.php?id=61578112423360,Thailand - Securities and Exchange Commission,https://web-invpublic.sec.or.th/e/2668/2568,2025-07-17,39418,39418,,2025-07-17,2025-07-17,2025-07-17,https://web-invpublic.sec.or.th/e/2668/2568,Facebook page “ฟาร์มผักเพราะรักแม่จำกัด”,https://www.facebook.com/profile.php?id=61578112423360,https://www.facebook.com/ads/library/?id=757570003278178,Other,This account is not affiliated with any businesses licensed or regulated by the SEC Thailand. Kindly be cautious with your investments.
Facebook page “Organic from Farm”,,https://www.facebook.com/profile.php?id=61553567364799,Thailand - Securities and Exchange Commission,https://web-invpublic.sec.or.th/e/2667/2568,2025-07-17,39417,39417,,2025-07-17,2025-07-17,2025-07-17,https://web-invpublic.sec.or.th/e/2667/2568,Facebook page “Organic from Farm”,https://www.facebook.com/profile.php?id=61553567364799,https://www.facebook.com/ads/library/?id=1813391795945012,Other,This account is not affiliated with any businesses licensed or regulated by the SEC Thailand. Kindly be cautious with your investments.
Facebook page “Organic Farm ที่เชื่อมโยงชุมชนสู่เกษตร”,,https://www.facebook.com/profile.php?id=100090047389886,Thailand - Securities and Exchange Commission,https://web-invpublic.sec.or.th/e/2666/2568,2025-07-17,39416,39416,,2025-07-17,2025-07-17,2025-07-17,https://web-invpublic.sec.or.th/e/2666/2568,Facebook page “Organic Farm ที่เชื่อมโยงชุมชนสู่เกษตร”,https://www.facebook.com/profile.php?id=100090047389886,https://www.facebook.com/100090047389886/videos/763704096080923,Other,This account is not affiliated with any businesses licensed or regulated by the SEC Thailand. Kindly be cautious with your investments.
Facebook page “อิชิตัน OfficiaI”,,https://www.facebook.com/profile.php?id=61550860011006,Thailand - Securities and Exchange Commission,https://web-invpublic.sec.or.th/e/2665/2568,2025-07-17,39415,39415,,2025-07-17,2025-07-17,2025-07-17,https://web-invpublic.sec.or.th/e/2665/2568,Facebook page “อิชิตัน OfficiaI”,https://www.facebook.com/profile.php?id=61550860011006,https://www.facebook.com/61550860011006/videos/1265448571602319,Other,This account is not affiliated with any businesses licensed or regulated by the SEC Thailand. Kindly be cautious with your investments.
Facebook page “Oh Juice ปลูกผักเพราะรักเเม่สวนผักคุณแม่ออร์แกนิก”,,https://www.facebook.com/profile.php?id=100089315276167,Thailand - Securities and Exchange Commission,https://web-invpublic.sec.or.th/e/2664/2568,2025-07-17,39414,39414,,2025-07-16,2025-07-17,2025-07-17,https://web-invpublic.sec.or.th/e/2664/2568,Facebook page “Oh Juice ปลูกผักเพราะรักเเม่สวนผักคุณแม่ออร์แกนิก”,https://www.facebook.com/profile.php?id=100089315276167,https://www.facebook.com/100089315276167/vdeos/1918930145530699,Other,This account is not affiliated with any businesses licensed or regulated by the SEC Thailand. Kindly be cautious with your investments.
Trust Chain Capital,,https://trustchaincapital.com/,United Kingdom - Financial Conduct Authority,https://www.fca.org.uk/news/warnings/trust-chain-capital,2025-07-16,39413,39413,,2025-07-16,2025-07-16,2025-07-16,https://www.fca.org.uk/news/warnings/trust-chain-capital,Trust Chain Capital,https://trustchaincapital.com/,,Unregistered/Unlicensed entity offering financial products or services,
VINCOS LIMITED,,,United Kingdom - Financial Conduct Authority,https://www.fca.org.uk/news/warnings/vincos-limited,2025-07-16,39412,39412,,2025-07-16,2025-07-16,2025-07-16,https://www.fca.org.uk/news/warnings/vincos-limited,VINCOS LIMITED,,,Unregistered/Unlicensed entity offering financial products or services,
EvoluxeTrade,,,United Kingdom - Financial Conduct Authority,https://www.fca.org.uk/news/warnings/evoluxetrade,2025-07-16,39411,39411,,2025-07-16,2025-07-16,2025-07-16,https://www.fca.org.uk/news/warnings/evoluxetrade,EvoluxeTrade,,,,
Author-Mass,,www.author-mass.com,United Kingdom - Financial Conduct Authority,https://www.fca.org.uk/news/warnings/author-mass,2025-07-16,39410,39410,,2025-07-15,2025-07-16,2025-07-16,https://www.fca.org.uk/news/warnings/author-mass,Author-Mass,www.author-mass.com,,Unregistered/Unlicensed entity offering financial products or services,
