Name_company,Corporate Name,site_url,Authority_Name,Authority_link,date,id,Warning ID,NCA,Date Published At NCA,Date Published At IOSCO,Last Updated,NCA URL,Commercial Name,URL,Other URL,Category,Additional Information
Facebook page “ฟู้ดสวนผักคุณแม่ สู่ตลาดหลักทรัพย์”,,https://www.facebook.com/profile.php?id=61550540680392,Thailand - Securities and Exchange Commission,https://web-invpublic.sec.or.th/e/2760/2568,2025-07-24,39651,39651,,2025-07-24,2025-07-24,2025-07-24,https://web-invpublic.sec.or.th/e/2760/2568,Facebook page “ฟู้ดสวนผักคุณแม่ สู่ตลาดหลักทรัพย์”,https://www.facebook.com/profile.php?id=61550540680392,https://www.facebook.com/share/v/1Djmp6x4Er/,Other,This account is not affiliated with any businesses licensed or regulated by the SEC Thailand. Kindly be cautious with your investments.
TikTok account “sasun8888e”,,https://www.tiktok.com/@sasun8888e,Thailand - Securities and Exchange Commission,https://web-invpublic.sec.or.th/e/2758/2568,2025-07-24,39650,39650,,2025-07-24,2025-07-24,2025-07-24,https://web-invpublic.sec.or.th/e/2758/2568,TikTok account “sasun8888e”,https://www.tiktok.com/@sasun8888e,https://www.tiktok.com/@sasun8888e/video/7304637047661137159,Other,This account is not affiliated with any businesses licensed or regulated by the SEC Thailand. Kindly be cautious with your investments.
TikTok account “nutrition027”,,https://www.tiktok.com/@nutrition027,Thailand - Securities and Exchange Commission,https://web-invpublic.sec.or.th/e/2757/2568,2025-07-24,39649,39649,,2025-07-24,2025-07-24,2025-07-24,https://web-invpublic.sec.or.th/e/2757/2568,TikTok account “nutrition027”,https://www.tiktok.com/@nutrition027,https://www.tiktok.com/@nutrition027/photo/7517611492154395912,Other,This account is not affiliated with any businesses licensed or regulated by the SEC Thailand. Kindly be cautious with your investments.
Facebook page “Amz Station Coffee”,,https://www.facebook.com/profile.php?id=100090919311207,Thailand - Securities and Exchange Commission,https://web-invpublic.sec.or.th/e/2756/2568,2025-07-24,39648,39648,,2025-07-24,2025-07-24,2025-07-24,https://web-invpublic.sec.or.th/e/2756/2568,Facebook page “Amz Station Coffee”,https://www.facebook.com/profile.php?id=100090919311207,https://www.facebook.com/share/v/173xq574eF/,Other,This account is not affiliated with any businesses licensed or regulated by the SEC Thailand. Kindly be cautious with your investments.
Facebook page “Ohkajhu โอ้กะจู๋ ฟาร์มเพื่อสุขภาพครอบครัว”,,https://www.facebook.com/profile.php?id=100081638297261,Thailand - Securities and Exchange Commission,https://web-invpublic.sec.or.th/e/2755/2568,2025-07-24,39647,39647,,2025-07-24,2025-07-24,2025-07-24,https://web-invpublic.sec.or.th/e/2755/2568,Facebook page “Ohkajhu โอ้กะจู๋ ฟาร์มเพื่อสุขภาพครอบครัว”,https://www.facebook.com/profile.php?id=100081638297261,https://www.facebook.com/ads/library/?id=1813823826178518,Other,This account is not affiliated with any businesses licensed or regulated by the SEC Thailand. Kindly be cautious with your investments.
Facebook page “สวนผักออร์แกนิก -โอ้กะจู๋-okj.”,,https://www.facebook.com/profile.php?id=61550731526791,Thailand - Securities and Exchange Commission,https://web-invpublic.sec.or.th/e/2754/2568,2025-07-24,39646,39646,,2025-07-24,2025-07-24,2025-07-24,https://web-invpublic.sec.or.th/e/2754/2568,Facebook page “สวนผักออร์แกนิก -โอ้กะจู๋-okj.”,https://www.facebook.com/profile.php?id=61550731526791,https://www.facebook.com/ads/library/?id=2194047961042082,Other,This account is not affiliated with any businesses licensed or regulated by the SEC Thailand. Kindly be cautious with your investments.
Facebook page “Organic farm OKJ”,,https://www.facebook.com/profile.php?id=61550672639905,Thailand - Securities and Exchange Commission,https://web-invpublic.sec.or.th/e/2753/2568,2025-07-24,39645,39645,,2025-07-24,2025-07-24,2025-07-24,https://web-invpublic.sec.or.th/e/2753/2568,Facebook page “Organic farm OKJ”,https://www.facebook.com/profile.php?id=61550672639905,https://www.facebook.com/ads/library/?id=634525462424871,Other,This account is not affiliated with any businesses licensed or regulated by the SEC Thailand. Kindly be cautious with your investments.
Facebook page “King of Salad Certified Ohkad’s”,,https://www.facebook.com/profile.php?id=100094439858197,Thailand - Securities and Exchange Commission,https://web-invpublic.sec.or.th/e/2752/2568,2025-07-24,39644,39644,,2025-07-24,2025-07-24,2025-07-24,https://web-invpublic.sec.or.th/e/2752/2568,Facebook page “King of Salad Certified Ohkad’s”,https://www.facebook.com/profile.php?id=100094439858197,https://www.facebook.com/100094439858197/videos/649649700752085,Other,This account is not affiliated with any businesses licensed or regulated by the SEC Thailand. Kindly be cautious with your investments.
Hecksow LLC,,www.hecksow.com,New Zealand - Financial Markets Authority,https://www.fma.govt.nz/library/unregistered-businesses/hecksow-llc/,2025-07-24,39643,39643,,2025-07-24,2025-07-24,2025-07-24,https://www.fma.govt.nz/library/unregistered-businesses/hecksow-llc/,Hecksow LLC,www.hecksow.com,,Unregistered/Unlicensed entity offering financial products or services,"The FMA recommends caution when dealing with Hecksow.Hecksow claims to offer a platform for cryptocurrency mortgages, treasury tokens, and DAOs (Decentralised Autonomous Organisations) for modern real estate financing.The FMA is concerned that claims made by Hecksow about these services are false and misleading.Investments in cryptocurrency carry significant financial risk. The public should be cautious of any individual or entity claiming to provide safe, stable or guaranteed returns on investments.We believe Hecksow may be operating from New Zealand, but is not currently registered on the Financial Services Provider Register (FSPR). This means it is not authorised to provide financial products or services in New Zealand."
Scams operating on social media and messaging platforms,,,New Zealand - Financial Markets Authority,https://www.fma.govt.nz/library/warnings-and-alerts/scams-operating-on-social-media-and-messaging-platforms/,2025-07-24,39642,39642,,2025-06-17,2025-07-24,2025-07-24,https://www.fma.govt.nz/library/warnings-and-alerts/scams-operating-on-social-media-and-messaging-platforms/,Scams operating on social media and messaging platforms,,,,
myedbook,,myedbook.vip,New Zealand - Financial Markets Authority,https://www.fma.govt.nz/library/warnings-and-alerts/scams-operating-on-social-media-and-messaging-platforms/,2025-07-24,39641,39641,,2025-06-17,2025-07-24,2025-07-24,https://www.fma.govt.nz/library/warnings-and-alerts/scams-operating-on-social-media-and-messaging-platforms/,myedbook,myedbook.vip,myedbook.xyz,,
quanbank,,quanbank.xyz,New Zealand - Financial Markets Authority,https://www.fma.govt.nz/library/warnings-and-alerts/scams-operating-on-social-media-and-messaging-platforms/,2025-07-24,39640,39640,,2025-06-17,2025-07-24,2025-07-24,https://www.fma.govt.nz/library/warnings-and-alerts/scams-operating-on-social-media-and-messaging-platforms/,quanbank,quanbank.xyz,quanbank.org,,
multibankn,,multibankn.org,New Zealand - Financial Markets Authority,https://www.fma.govt.nz/library/warnings-and-alerts/scams-operating-on-social-media-and-messaging-platforms/,2025-07-24,39639,39639,,2025-06-17,2025-07-24,2025-07-24,https://www.fma.govt.nz/library/warnings-and-alerts/scams-operating-on-social-media-and-messaging-platforms/,multibankn,multibankn.org,,,
TradeSpense AI,,www.tradespenseaiapp.net,United Kingdom - Financial Conduct Authority,https://www.fca.org.uk/news/warnings/tradespense-ai,2025-07-23,39638,39638,,2025-07-23,2025-07-23,2025-07-23,https://www.fca.org.uk/news/warnings/tradespense-ai,TradeSpense AI,www.tradespenseaiapp.net,,Unregistered/Unlicensed entity offering financial products or services,
Ultrox / Ultroxprime,,https://www.ultroxprime.org,United Kingdom - Financial Conduct Authority,https://www.fca.org.uk/news/warnings/ultrox-ultroxprime,2025-07-23,39637,39637,,2025-07-21,2025-07-23,2025-07-23,https://www.fca.org.uk/news/warnings/ultrox-ultroxprime,Ultrox / Ultroxprime,https://www.ultroxprime.org,,Unregistered/Unlicensed entity offering financial products or services,
MarvexTrader 7.2,,www.marvextrader72.com,United Kingdom - Financial Conduct Authority,https://www.fca.org.uk/news/warnings/marvextrader-72,2025-07-23,39636,39636,,2025-07-23,2025-07-23,2025-07-23,https://www.fca.org.uk/news/warnings/marvextrader-72,MarvexTrader 7.2,www.marvextrader72.com,www.marvextrader72.net,Unregistered/Unlicensed entity offering financial products or services,
Immediate Ai Bank,,immediate-ai-bank.net,United Kingdom - Financial Conduct Authority,https://www.fca.org.uk/news/warnings/immediate-ai-bank,2025-07-23,39635,39635,,2025-07-23,2025-07-23,2025-07-23,https://www.fca.org.uk/news/warnings/immediate-ai-bank,Immediate Ai Bank,immediate-ai-bank.net,,Unregistered/Unlicensed entity offering financial products or services,
Super Trader App,,super-trader-appai.net,United Kingdom - Financial Conduct Authority,https://www.fca.org.uk/news/warnings/super-trader-app,2025-07-23,39634,39634,,2025-07-23,2025-07-23,2025-07-23,https://www.fca.org.uk/news/warnings/super-trader-app,Super Trader App,super-trader-appai.net,,Unregistered/Unlicensed entity offering financial products or services,
Aetheris Wealth App,,aetheriswealth-app.net,United Kingdom - Financial Conduct Authority,https://www.fca.org.uk/news/warnings/aetheris-wealth-app,2025-07-23,39633,39633,,2025-07-23,2025-07-23,2025-07-23,https://www.fca.org.uk/news/warnings/aetheris-wealth-app,Aetheris Wealth App,aetheriswealth-app.net,aetheris-wealth-app.com,Unregistered/Unlicensed entity offering financial products or services,
Facebook page “ฟาร์มออร์แกนิก”,,https://www.facebook.com/profile.php?id=61550621493084,Thailand - Securities and Exchange Commission,https://web-invpublic.sec.or.th/e/2745/2568,2025-07-23,39632,39632,,2025-07-23,2025-07-23,2025-07-23,https://web-invpublic.sec.or.th/e/2745/2568,Facebook page “ฟาร์มออร์แกนิก”,https://www.facebook.com/profile.php?id=61550621493084,https://www.facebook.com/61550621493084/videos/1401336877785794,Other,This account is not affiliated with any businesses licensed or regulated by the SEC Thailand. Kindly be cautious with your investments.
