Name_company,Corporate Name,site_url,Authority_Name,Authority_link,date,id,Warning ID,NCA,Date Published At NCA,Date Published At IOSCO,Last Updated,NCA URL,Commercial Name,URL,Other URL,Category,Additional Information
iux.com,,iux.com,Cyprus - Cyprus Securities and Exchange Commission,https://www.cysec.gov.cy/CMSPages/GetFile.aspx?guid=1192b7d8-da24-4dea-9d36-13c6fe97c485,2025-07-15,39348,39348,,2025-07-11,2025-07-15,2025-07-15,https://www.cysec.gov.cy/CMSPages/GetFile.aspx?guid=1192b7d8-da24-4dea-9d36-13c6fe97c485,iux.com,iux.com,,Unregistered/Unlicensed entity offering financial products or services,
avacaptal.com,,avacaptal.com,Cyprus - Cyprus Securities and Exchange Commission,https://www.cysec.gov.cy/CMSPages/GetFile.aspx?guid=1192b7d8-da24-4dea-9d36-13c6fe97c485,2025-07-15,39347,39347,,2025-07-11,2025-07-15,2025-07-15,https://www.cysec.gov.cy/CMSPages/GetFile.aspx?guid=1192b7d8-da24-4dea-9d36-13c6fe97c485,avacaptal.com,avacaptal.com,,Unregistered/Unlicensed entity offering financial products or services,
finconnect.fr,,finconnect.fr,Cyprus - Cyprus Securities and Exchange Commission,https://www.cysec.gov.cy/CMSPages/GetFile.aspx?guid=1192b7d8-da24-4dea-9d36-13c6fe97c485,2025-07-15,39346,39346,,2025-07-11,2025-07-15,2025-07-15,https://www.cysec.gov.cy/CMSPages/GetFile.aspx?guid=1192b7d8-da24-4dea-9d36-13c6fe97c485,finconnect.fr,finconnect.fr,,Unregistered/Unlicensed entity offering financial products or services,
capitaliko.com,,capitaliko.com,Cyprus - Cyprus Securities and Exchange Commission,https://www.cysec.gov.cy/CMSPages/GetFile.aspx?guid=1192b7d8-da24-4dea-9d36-13c6fe97c485,2025-07-15,39345,39345,,2025-07-11,2025-07-15,2025-07-15,https://www.cysec.gov.cy/CMSPages/GetFile.aspx?guid=1192b7d8-da24-4dea-9d36-13c6fe97c485,capitaliko.com,capitaliko.com,,Unregistered/Unlicensed entity offering financial products or services,
fasat-g.pro,,fasat-g.pro,Cyprus - Cyprus Securities and Exchange Commission,https://www.cysec.gov.cy/CMSPages/GetFile.aspx?guid=1192b7d8-da24-4dea-9d36-13c6fe97c485,2025-07-15,39344,39344,,2025-07-11,2025-07-15,2025-07-15,https://www.cysec.gov.cy/CMSPages/GetFile.aspx?guid=1192b7d8-da24-4dea-9d36-13c6fe97c485,fasat-g.pro,fasat-g.pro,,Unregistered/Unlicensed entity offering financial products or services,
kingsoptiontrade.com,,kingsoptiontrade.com,Cyprus - Cyprus Securities and Exchange Commission,https://www.cysec.gov.cy/CMSPages/GetFile.aspx?guid=1192b7d8-da24-4dea-9d36-13c6fe97c485,2025-07-15,39343,39343,,2025-07-11,2025-07-15,2025-07-15,https://www.cysec.gov.cy/CMSPages/GetFile.aspx?guid=1192b7d8-da24-4dea-9d36-13c6fe97c485,kingsoptiontrade.com,kingsoptiontrade.com,,Unregistered/Unlicensed entity offering financial products or services,
pravintol.com,,pravintol.com,Cyprus - Cyprus Securities and Exchange Commission,https://www.cysec.gov.cy/CMSPages/GetFile.aspx?guid=1192b7d8-da24-4dea-9d36-13c6fe97c485,2025-07-15,39342,39342,,2025-07-11,2025-07-15,2025-07-15,https://www.cysec.gov.cy/CMSPages/GetFile.aspx?guid=1192b7d8-da24-4dea-9d36-13c6fe97c485,pravintol.com,pravintol.com,,Unregistered/Unlicensed entity offering financial products or services,
veldorna.pro,,veldorna.pro,Cyprus - Cyprus Securities and Exchange Commission,https://www.cysec.gov.cy/CMSPages/GetFile.aspx?guid=1192b7d8-da24-4dea-9d36-13c6fe97c485,2025-07-15,39341,39341,,2025-07-11,2025-07-15,2025-07-15,https://www.cysec.gov.cy/CMSPages/GetFile.aspx?guid=1192b7d8-da24-4dea-9d36-13c6fe97c485,veldorna.pro,veldorna.pro,,Unregistered/Unlicensed entity offering financial products or services,
xmarktrades.com,,xmarktrades.com,Cyprus - Cyprus Securities and Exchange Commission,https://www.cysec.gov.cy/CMSPages/GetFile.aspx?guid=1192b7d8-da24-4dea-9d36-13c6fe97c485,2025-07-15,39340,39340,,2025-07-11,2025-07-15,2025-07-15,https://www.cysec.gov.cy/CMSPages/GetFile.aspx?guid=1192b7d8-da24-4dea-9d36-13c6fe97c485,xmarktrades.com,xmarktrades.com,,Unregistered/Unlicensed entity offering financial products or services,
market-trading.ltd,,market-trading.ltd,Cyprus - Cyprus Securities and Exchange Commission,https://www.cysec.gov.cy/CMSPages/GetFile.aspx?guid=1192b7d8-da24-4dea-9d36-13c6fe97c485,2025-07-15,39339,39339,,2025-07-11,2025-07-15,2025-07-15,https://www.cysec.gov.cy/CMSPages/GetFile.aspx?guid=1192b7d8-da24-4dea-9d36-13c6fe97c485,market-trading.ltd,market-trading.ltd,,Unregistered/Unlicensed entity offering financial products or services,
fernrise.com,,fernrise.com,Cyprus - Cyprus Securities and Exchange Commission,https://www.cysec.gov.cy/CMSPages/GetFile.aspx?guid=1192b7d8-da24-4dea-9d36-13c6fe97c485,2025-07-15,39338,39338,,2025-07-11,2025-07-15,2025-07-15,https://www.cysec.gov.cy/CMSPages/GetFile.aspx?guid=1192b7d8-da24-4dea-9d36-13c6fe97c485,fernrise.com,fernrise.com,,Unregistered/Unlicensed entity offering financial products or services,
MSB Trust Series IV,,,Hong Kong - Securities and Futures Commission,https://www.sfc.hk/en/Suspicious-Investment-Products/MSB-Trust-Series-IV,2025-07-15,39337,39337,,2025-07-15,2025-07-15,2025-07-15,https://www.sfc.hk/en/Suspicious-Investment-Products/MSB-Trust-Series-IV,MSB Trust Series IV,,,Other,"1.   The product purports to involve an arrangement investing in "" an Australian real estate portfolio using different trading strategy (including collateral)"". 2.   There were investors in Hong Kong who reported difficulties in withdrawing their funds after investing in the product."
Fineco Investments,,https://mine-interest.online/,United Kingdom - Financial Conduct Authority,https://www.fca.org.uk/news/warnings/fineco-investments,2025-07-15,39336,39336,,2025-07-14,2025-07-15,2025-07-15,https://www.fca.org.uk/news/warnings/fineco-investments,Fineco Investments,https://mine-interest.online/,,Unregistered/Unlicensed entity offering financial products or services,
VIEW WORLD,,https://view-world.com/,United Kingdom - Financial Conduct Authority,https://www.fca.org.uk/news/warnings/view-world,2025-07-15,39335,39335,,2025-07-14,2025-07-15,2025-07-15,https://www.fca.org.uk/news/warnings/view-world,VIEW WORLD,https://view-world.com/,,Unregistered/Unlicensed entity offering financial products or services,
nicessencecapitalventures,,https://nicessencecapitalventures.com/,United Kingdom - Financial Conduct Authority,https://www.fca.org.uk/news/warnings/nicessencecapitalventures,2025-07-15,39334,39334,,2025-07-14,2025-07-15,2025-07-15,https://www.fca.org.uk/news/warnings/nicessencecapitalventures,nicessencecapitalventures,https://nicessencecapitalventures.com/,,Unregistered/Unlicensed entity offering financial products or services,
Quanntifyequity/FUNDIXCHAIN,,https://fundixchain.com/,United Kingdom - Financial Conduct Authority,https://www.fca.org.uk/news/warnings/quanntifyequity-fundixchain,2025-07-15,39333,39333,,2025-07-14,2025-07-15,2025-07-15,https://www.fca.org.uk/news/warnings/quanntifyequity-fundixchain,Quanntifyequity/FUNDIXCHAIN,https://fundixchain.com/,,Unregistered/Unlicensed entity offering financial products or services,
TikTok account “ohkajhuofffcial”,,https://www.tiktok.com/@ohkajhuofffcial,Thailand - Securities and Exchange Commission,https://web-invpublic.sec.or.th/e/2641/2568,2025-07-15,39332,39332,,2025-07-15,2025-07-15,2025-07-15,https://web-invpublic.sec.or.th/e/2641/2568,TikTok account “ohkajhuofffcial”,https://www.tiktok.com/@ohkajhuofffcial,https://www.tiktok.com/@ohkajhuofffcial/video/7526555674659015957,Other,This account is not affiliated with any businesses licensed or regulated by the SEC Thailand. Kindly be cautious with your investments.
TikTok account “ohkajhuofficia0”,,https://www.tiktok.com/@ohkajhuofficia0,Thailand - Securities and Exchange Commission,https://web-invpublic.sec.or.th/e/2640/2568,2025-07-15,39331,39331,,2025-07-15,2025-07-15,2025-07-15,https://web-invpublic.sec.or.th/e/2640/2568,TikTok account “ohkajhuofficia0”,https://www.tiktok.com/@ohkajhuofficia0,https://www.tiktok.com/@ohkajhuofficia0/video/7526556241208823047,Other,This account is not affiliated with any businesses licensed or regulated by the SEC Thailand. Kindly be cautious with your investments.
TikTok account “koj_th”,,https://www.tiktok.com/@koj_th,Thailand - Securities and Exchange Commission,https://web-invpublic.sec.or.th/e/2639/2568,2025-07-15,39330,39330,,2025-07-15,2025-07-15,2025-07-15,https://web-invpublic.sec.or.th/e/2639/2568,TikTok account “koj_th”,https://www.tiktok.com/@koj_th,https://www.tiktok.com/@koj_th/video/7526562084193127701,Other,This account is not affiliated with any businesses licensed or regulated by the SEC Thailand. Kindly be cautious with your investments.
TikTok account “ohkajhu.official73”,,https://www.tiktok.com/@ohkajhu.official73,Thailand - Securities and Exchange Commission,https://web-invpublic.sec.or.th/e/2638/2568,2025-07-15,39329,39329,,2025-07-15,2025-07-15,2025-07-15,https://web-invpublic.sec.or.th/e/2638/2568,TikTok account “ohkajhu.official73”,https://www.tiktok.com/@ohkajhu.official73,https://www.tiktok.com/@ohkajhu.official73/photo/7526576127809211666,Other,This account is not affiliated with any businesses licensed or regulated by the SEC Thailand. Kindly be cautious with your investments.
