Name_company,Corporate Name,site_url,Authority_Name,Authority_link,date,id,Warning ID,NCA,Date Published At NCA,Date Published At IOSCO,Last Updated,NCA URL,Commercial Name,URL,Other URL,Category,Additional Information
Facebook page “Organic OKJ”,,https://www.facebook.com/profile.php?id=100093289009311,Thailand - Securities and Exchange Commission,https://web-invpublic.sec.or.th/e/2650/2568,2025-07-15,39368,39368,,2025-07-15,2025-07-15,2025-07-15,https://web-invpublic.sec.or.th/e/2650/2568,Facebook page “Organic OKJ”,https://www.facebook.com/profile.php?id=100093289009311,https://www.facebook.com/100093289009311/posts/621612894291672/?mibextid=wwXIfr&rdid=TFW42ONtLmJM6sEa#,Other,This account is not affiliated with any businesses licensed or regulated by the SEC Thailand. Kindly be cautious with your investments.
Facebook page,,https://www.facebook.com/ibrandohkajhu,Thailand - Securities and Exchange Commission,https://web-invpublic.sec.or.th/e/2649/2568,2025-07-15,39367,39367,,2025-07-15,2025-07-15,2025-07-15,https://web-invpublic.sec.or.th/e/2649/2568,Facebook page,https://www.facebook.com/ibrandohkajhu,https://www.facebook.com/ibrandohkajhu/videos/724601197163672,Other,This account is not affiliated with any businesses licensed or regulated by the SEC Thailand. Kindly be cautious with your investments.
Facebook page “OKJ Inside Life”,,https://www.facebook.com/profile.php?id=100093325935203,Thailand - Securities and Exchange Commission,https://web-invpublic.sec.or.th/e/2648/2568,2025-07-15,39366,39366,,2025-07-15,2025-07-15,2025-07-15,https://web-invpublic.sec.or.th/e/2648/2568,Facebook page “OKJ Inside Life”,https://www.facebook.com/profile.php?id=100093325935203,https://www.facebook.com/100093325935203/videos/1833451484261978,Other,This account is not affiliated with any businesses licensed or regulated by the SEC Thailand. Kindly be cautious with your investments.
Facebook page “สวนฟาร์มออแกนิกเพื่อสุขภาพ Ohkajhu”,,https://www.facebook.com/profile.php?id=100070319449010,Thailand - Securities and Exchange Commission,https://web-invpublic.sec.or.th/e/2647/2568,2025-07-15,39365,39365,,2025-07-15,2025-07-15,2025-07-15,https://web-invpublic.sec.or.th/e/2647/2568,Facebook page “สวนฟาร์มออแกนิกเพื่อสุขภาพ Ohkajhu”,https://www.facebook.com/profile.php?id=100070319449010,https://www.facebook.com/100070319449010/videos/1235280258333898,Other,This account is not affiliated with any businesses licensed or regulated by the SEC Thailand. Kindly be cautious with your investments.
Facebook page “OKJ The Jewellery Store”,,https://www.facebook.com/profile.php?id=61553439928971,Thailand - Securities and Exchange Commission,https://web-invpublic.sec.or.th/e/2646/2568,2025-07-15,39364,39364,,2025-07-15,2025-07-15,2025-07-15,https://web-invpublic.sec.or.th/e/2646/2568,Facebook page “OKJ The Jewellery Store”,https://www.facebook.com/profile.php?id=61553439928971,https://www.facebook.com/61553439928971/videos/1638441930160470,Other,This account is not affiliated with any businesses licensed or regulated by the SEC Thailand. Kindly be cautious with your investments.
Facebook page “Certified Ohkad’s”,,https://www.facebook.com/profile.php?id=100092946272006,Thailand - Securities and Exchange Commission,https://web-invpublic.sec.or.th/e/2645/2568,2025-07-15,39363,39363,,2025-07-15,2025-07-15,2025-07-15,https://web-invpublic.sec.or.th/e/2645/2568,Facebook page “Certified Ohkad’s”,https://www.facebook.com/profile.php?id=100092946272006,https://www.facebook.com/100092946272006/videos/1077634821135770,Other,This account is not affiliated with any businesses licensed or regulated by the SEC Thailand. Kindly be cautious with your investments.
quantoria-markets.net,,quantoria-markets.net,Cyprus - Cyprus Securities and Exchange Commission,https://www.cysec.gov.cy/CMSPages/GetFile.aspx?guid=1192b7d8-da24-4dea-9d36-13c6fe97c485,2025-07-15,39362,39362,,2025-07-11,2025-07-15,2025-07-15,https://www.cysec.gov.cy/CMSPages/GetFile.aspx?guid=1192b7d8-da24-4dea-9d36-13c6fe97c485,quantoria-markets.net,quantoria-markets.net,,Unregistered/Unlicensed entity offering financial products or services,
Facebook page “Farm vegetables okj”,,https://www.facebook.com/profile.php?id=61550847801409,Thailand - Securities and Exchange Commission,https://web-invpublic.sec.or.th/e/2644/2568,2025-07-15,39361,39361,,2025-07-15,2025-07-15,2025-07-15,https://web-invpublic.sec.or.th/e/2644/2568,Facebook page “Farm vegetables okj”,https://www.facebook.com/profile.php?id=61550847801409,https://www.facebook.com/61550847801409/videos/2282676782235960,Other,This account is not affiliated with any businesses licensed or regulated by the SEC Thailand. Kindly be cautious with your investments.
cfdoptions.com,,cfdoptions.com,Cyprus - Cyprus Securities and Exchange Commission,https://www.cysec.gov.cy/CMSPages/GetFile.aspx?guid=1192b7d8-da24-4dea-9d36-13c6fe97c485,2025-07-15,39360,39360,,2025-07-11,2025-07-15,2025-07-15,https://www.cysec.gov.cy/CMSPages/GetFile.aspx?guid=1192b7d8-da24-4dea-9d36-13c6fe97c485,cfdoptions.com,cfdoptions.com,,Unregistered/Unlicensed entity offering financial products or services,
tradeshipglobex.com,,tradeshipglobex.com,Cyprus - Cyprus Securities and Exchange Commission,https://www.cysec.gov.cy/CMSPages/GetFile.aspx?guid=1192b7d8-da24-4dea-9d36-13c6fe97c485,2025-07-15,39359,39359,,2025-07-11,2025-07-15,2025-07-15,https://www.cysec.gov.cy/CMSPages/GetFile.aspx?guid=1192b7d8-da24-4dea-9d36-13c6fe97c485,tradeshipglobex.com,tradeshipglobex.com,,Unregistered/Unlicensed entity offering financial products or services,
capitalinvestmentcentre.com,,capitalinvestmentcentre.com,Cyprus - Cyprus Securities and Exchange Commission,https://www.cysec.gov.cy/CMSPages/GetFile.aspx?guid=1192b7d8-da24-4dea-9d36-13c6fe97c485,2025-07-15,39358,39358,,2025-07-11,2025-07-15,2025-07-15,https://www.cysec.gov.cy/CMSPages/GetFile.aspx?guid=1192b7d8-da24-4dea-9d36-13c6fe97c485,capitalinvestmentcentre.com,capitalinvestmentcentre.com,,Unregistered/Unlicensed entity offering financial products or services,
Facebook page “บริษัท อิชิตัน กรุ๊ป จำกัด มหาชน”,,https://www.facebook.com/profile.php?id=61550532939320,Thailand - Securities and Exchange Commission,https://web-invpublic.sec.or.th/e/2643/2568,2025-07-15,39357,39357,,2025-07-15,2025-07-15,2025-07-15,https://web-invpublic.sec.or.th/e/2643/2568,Facebook page “บริษัท อิชิตัน กรุ๊ป จำกัด มหาชน”,https://www.facebook.com/profile.php?id=61550532939320,https://www.facebook.com/photo/?fbid=122233709174017764&set=a.122233709552017764,Other,This account is not affiliated with any businesses licensed or regulated by the SEC Thailand. Kindly be cautious with your investments.
oneroyalfx.co,,oneroyalfx.co,Cyprus - Cyprus Securities and Exchange Commission,https://www.cysec.gov.cy/CMSPages/GetFile.aspx?guid=1192b7d8-da24-4dea-9d36-13c6fe97c485,2025-07-15,39356,39356,,2025-07-11,2025-07-15,2025-07-15,https://www.cysec.gov.cy/CMSPages/GetFile.aspx?guid=1192b7d8-da24-4dea-9d36-13c6fe97c485,oneroyalfx.co,oneroyalfx.co,,Unregistered/Unlicensed entity offering financial products or services,
stockforexinvestment.com,,stockforexinvestment.com,Cyprus - Cyprus Securities and Exchange Commission,https://www.cysec.gov.cy/CMSPages/GetFile.aspx?guid=1192b7d8-da24-4dea-9d36-13c6fe97c485,2025-07-15,39355,39355,,2025-07-11,2025-07-15,2025-07-15,https://www.cysec.gov.cy/CMSPages/GetFile.aspx?guid=1192b7d8-da24-4dea-9d36-13c6fe97c485,stockforexinvestment.com,stockforexinvestment.com,,Unregistered/Unlicensed entity offering financial products or services,
viptradersclub.com,,viptradersclub.com,Cyprus - Cyprus Securities and Exchange Commission,https://www.cysec.gov.cy/CMSPages/GetFile.aspx?guid=1192b7d8-da24-4dea-9d36-13c6fe97c485,2025-07-15,39354,39354,,2025-07-11,2025-07-15,2025-07-15,https://www.cysec.gov.cy/CMSPages/GetFile.aspx?guid=1192b7d8-da24-4dea-9d36-13c6fe97c485,viptradersclub.com,viptradersclub.com,,Unregistered/Unlicensed entity offering financial products or services,
Facebook page “Coffee & Stock Investment”,,https://www.facebook.com/profile.php?id=100089630835815,Thailand - Securities and Exchange Commission,https://web-invpublic.sec.or.th/e/2642/2568,2025-07-15,39353,39353,,2025-07-15,2025-07-15,2025-07-15,https://web-invpublic.sec.or.th/e/2642/2568,Facebook page “Coffee & Stock Investment”,https://www.facebook.com/profile.php?id=100089630835815,https://www.facebook.com/100089630835815/videos/1273402417766000,Other,This account is not affiliated with any businesses licensed or regulated by the SEC Thailand. Kindly be cautious with your investments.
premiumwave.online,,premiumwave.online,Cyprus - Cyprus Securities and Exchange Commission,https://www.cysec.gov.cy/CMSPages/GetFile.aspx?guid=1192b7d8-da24-4dea-9d36-13c6fe97c485,2025-07-15,39352,39352,,2025-07-11,2025-07-15,2025-07-15,https://www.cysec.gov.cy/CMSPages/GetFile.aspx?guid=1192b7d8-da24-4dea-9d36-13c6fe97c485,premiumwave.online,premiumwave.online,,Unregistered/Unlicensed entity offering financial products or services,
metaindextrade.net,,metaindextrade.net,Cyprus - Cyprus Securities and Exchange Commission,https://www.cysec.gov.cy/CMSPages/GetFile.aspx?guid=1192b7d8-da24-4dea-9d36-13c6fe97c485,2025-07-15,39351,39351,,2025-07-11,2025-07-15,2025-07-15,https://www.cysec.gov.cy/CMSPages/GetFile.aspx?guid=1192b7d8-da24-4dea-9d36-13c6fe97c485,metaindextrade.net,metaindextrade.net,,Unregistered/Unlicensed entity offering financial products or services,
iqforextrade.net,,iqforextrade.net,Cyprus - Cyprus Securities and Exchange Commission,https://www.cysec.gov.cy/CMSPages/GetFile.aspx?guid=1192b7d8-da24-4dea-9d36-13c6fe97c485,2025-07-15,39350,39350,,2025-07-11,2025-07-15,2025-07-15,https://www.cysec.gov.cy/CMSPages/GetFile.aspx?guid=1192b7d8-da24-4dea-9d36-13c6fe97c485,iqforextrade.net,iqforextrade.net,,Unregistered/Unlicensed entity offering financial products or services,
elitesignalmarket.com,,elitesignalmarket.com,Cyprus - Cyprus Securities and Exchange Commission,https://www.cysec.gov.cy/CMSPages/GetFile.aspx?guid=1192b7d8-da24-4dea-9d36-13c6fe97c485,2025-07-15,39349,39349,,2025-07-11,2025-07-15,2025-07-15,https://www.cysec.gov.cy/CMSPages/GetFile.aspx?guid=1192b7d8-da24-4dea-9d36-13c6fe97c485,elitesignalmarket.com,elitesignalmarket.com,,Unregistered/Unlicensed entity offering financial products or services,
