Name_company,Corporate Name,site_url,Authority_Name,Authority_link,date,id,Warning ID,NCA,Date Published At NCA,Date Published At IOSCO,Last Updated,NCA URL,Commercial Name,URL,Other URL,Category,Additional Information
Facebook page “Coffee Station Invest”,,https://www.facebook.com/profile.php?id=100090679526524,Thailand - Securities and Exchange Commission,https://web-invpublic.sec.or.th/e/2710/2568,2025-07-21,39550,39550,,2025-07-21,2025-07-21,2025-07-21,https://web-invpublic.sec.or.th/e/2710/2568,Facebook page “Coffee Station Invest”,https://www.facebook.com/profile.php?id=100090679526524,https://www.facebook.com/100090679526524/videos/24546541878283522,Other,This account is not affiliated with any businesses licensed or regulated by the SEC Thailand. Kindly be cautious with your investments.
Facebook page “ฟาร์มออร์เเกนิก”,,https://www.facebook.com/profile.php?id=61550562367186,Thailand - Securities and Exchange Commission,https://web-invpublic.sec.or.th/e/2709/2568,2025-07-21,39549,39549,,2025-07-21,2025-07-21,2025-07-21,https://web-invpublic.sec.or.th/e/2709/2568,Facebook page “ฟาร์มออร์เเกนิก”,https://www.facebook.com/profile.php?id=61550562367186,https://www.facebook.com/61550562367186/videos/1231748284922126,Other,This account is not affiliated with any businesses licensed or regulated by the SEC Thailand. Kindly be cautious with your investments.
Facebook page “Premium coffee amazon Certified”,,https://www.facebook.com/profile.php?id=100093002474348,Thailand - Securities and Exchange Commission,https://web-invpublic.sec.or.th/e/2708/2568,2025-07-21,39548,39548,,2025-07-21,2025-07-21,2025-07-21,https://web-invpublic.sec.or.th/e/2708/2568,Facebook page “Premium coffee amazon Certified”,https://www.facebook.com/profile.php?id=100093002474348,https://www.facebook.com/100093002474348/videos/2271790703237834,Other,This account is not affiliated with any businesses licensed or regulated by the SEC Thailand. Kindly be cautious with your investments.
Facebook page “OKJsuper food”,,https://www.facebook.com/profile.php?id=61578684325400,Thailand - Securities and Exchange Commission,https://web-invpublic.sec.or.th/e/2707/2568,2025-07-21,39547,39547,,2025-07-21,2025-07-21,2025-07-21,https://web-invpublic.sec.or.th/e/2707/2568,Facebook page “OKJsuper food”,https://www.facebook.com/profile.php?id=61578684325400,https://www.facebook.com/61578684325400/videos/2152008518651531,Other,This account is not affiliated with any businesses licensed or regulated by the SEC Thailand. Kindly be cautious with your investments.
Facebook page “Amazon Coffee'th”,,https://www.facebook.com/profile.php?id=61550646361693,Thailand - Securities and Exchange Commission,https://web-invpublic.sec.or.th/e/2706/2568,2025-07-21,39546,39546,,2025-07-21,2025-07-21,2025-07-21,https://web-invpublic.sec.or.th/e/2706/2568,Facebook page “Amazon Coffee'th”,https://www.facebook.com/profile.php?id=61550646361693,https://www.facebook.com/photo/?fbid=122246582648021545&set=a.122246582702021545,Other,This account is not affiliated with any businesses licensed or regulated by the SEC Thailand. Kindly be cautious with your investments.
Facebook page “Oh-Kad เกษตรออแกนิค”,,https://www.facebook.com/profile.php?id=100067415889008,Thailand - Securities and Exchange Commission,https://web-invpublic.sec.or.th/e/2705/2568,2025-07-21,39545,,,,,,,,,,,
Line “ต้อง ธวัชชัย นำเทรด”,,https://line.me/ti/p/hq2_Wc_6ZK,Thailand - Securities and Exchange Commission,https://web-invpublic.sec.or.th/e/2704/2568,2025-07-21,39544,39544,,2025-07-21,2025-07-21,2025-07-21,https://web-invpublic.sec.or.th/e/2704/2568,Line “ต้อง ธวัชชัย นำเทรด”,https://line.me/ti/p/hq2_Wc_6ZK,Line ID: thwatchai67,Other,This account is not affiliated with any businesses licensed or regulated by the SEC Thailand. Kindly be cautious with your investments.
Facebook page “Oh Juice by ปลูกผักเพราะรักแม่”,,https://www.facebook.com/profile.php?id=61553557645079,Thailand - Securities and Exchange Commission,https://web-invpublic.sec.or.th/e/2703/2568,2025-07-21,39543,39543,,2025-07-21,2025-07-21,2025-07-21,https://web-invpublic.sec.or.th/e/2703/2568,Facebook page “Oh Juice by ปลูกผักเพราะรักแม่”,https://www.facebook.com/profile.php?id=61553557645079,https://www.facebook.com/61553557645079/videos/24233798692971159,Other,This account is not affiliated with any businesses licensed or regulated by the SEC Thailand. Kindly be cautious with your investments.
Malta Capital Management Limited,,www.maltacapital-mgmt.com,Malta - Malta Financial Services Authority,https://www.mfsa.mt/news-item/mfsa-warning-malta-capital-management-limited-unlicensed-entity/,2025-07-21,39542,39542,,2025-07-16,2025-07-21,2025-07-21,https://www.mfsa.mt/news-item/mfsa-warning-malta-capital-management-limited-unlicensed-entity/,Malta Capital Management Limited,www.maltacapital-mgmt.com,,Unregistered/Unlicensed entity offering financial products or services,
Alchemy Markets Ltd,,https://autotradexbit.com/,Malta - Malta Financial Services Authority,https://www.mfsa.mt/news-item/mfsa-warning-alchemy-markets-ltd-clones/,2025-07-21,39541,39541,,2025-07-08,2025-07-21,2025-07-21,https://www.mfsa.mt/news-item/mfsa-warning-alchemy-markets-ltd-clones/,Alchemy Markets Ltd,https://autotradexbit.com/,,Unregistered/Unlicensed entity offering financial products or services,
RegTech Assets Management,,https://regtechassetsmgt.com,Malta - Malta Financial Services Authority,https://www.mfsa.mt/news-item/mfsa-warning-regtech-assets-management-unlicensed-entity/,2025-07-21,39540,39540,,2025-07-07,2025-07-21,2025-07-21,https://www.mfsa.mt/news-item/mfsa-warning-regtech-assets-management-unlicensed-entity/,RegTech Assets Management,https://regtechassetsmgt.com,,Unregistered/Unlicensed entity offering financial products or services,
ZBX,,https://pc.zbxs.top,Malta - Malta Financial Services Authority,https://www.mfsa.mt/news-item/mfsa-warning-zbx-clone/,2025-07-21,39539,39539,,2025-07-01,2025-07-21,2025-07-21,https://www.mfsa.mt/news-item/mfsa-warning-zbx-clone/,ZBX,https://pc.zbxs.top,,Unregistered/Unlicensed entity offering financial products or services,
billiontradepro.com,,https://billiontradepro.com/,Malta - Malta Financial Services Authority,https://www.mfsa.mt/news-item/mfsa-warning-https-billiontradepro-com-unlicensed-entity/,2025-07-21,39538,39538,,2025-07-01,2025-07-21,2025-07-21,https://www.mfsa.mt/news-item/mfsa-warning-https-billiontradepro-com-unlicensed-entity/,billiontradepro.com,https://billiontradepro.com/,,Unregistered/Unlicensed entity offering financial products or services,
Trivervial,,https://pc.trivervial.com/,Malta - Malta Financial Services Authority,https://www.mfsa.mt/news-item/mfsa-warning-trivervial-clone/,2025-07-21,39537,39537,,2025-07-01,2025-07-21,2025-07-21,https://www.mfsa.mt/news-item/mfsa-warning-trivervial-clone/,Trivervial,https://pc.trivervial.com/,,Unregistered/Unlicensed entity offering financial products or services,
Accendo Capital,,accendocapital-intl.com,Malta - Malta Financial Services Authority,https://www.mfsa.mt/news-item/mfsa-warning-accendo-capital-clone/,2025-07-21,39536,39536,,2025-07-01,2025-07-21,2025-07-21,https://www.mfsa.mt/news-item/mfsa-warning-accendo-capital-clone/,Accendo Capital,accendocapital-intl.com,,Unregistered/Unlicensed entity offering financial products or services,
Bright Water Investments AG in Liquidation,,www.bw-investments.eu,Switzerland - Swiss Financial Market Supervisory Authority,https://www.finma.ch/en/finma-public/warnungen/warning-list/bright-water-investments-ag-in-liquidation/,2025-07-21,39535,39535,,2025-07-18,2025-07-21,2025-07-21,https://www.finma.ch/en/finma-public/warnungen/warning-list/bright-water-investments-ag-in-liquidation/,Bright Water Investments AG in Liquidation,www.bw-investments.eu,,Other,
Institution Bancaire NATIONAL INVESTMENT BANK / nationalinvestbk.com,,www.nationalinvestbk.com,Switzerland - Swiss Financial Market Supervisory Authority,https://www.finma.ch/en/finma-public/warnungen/warning-list/institution-bancaire-national-investment-bank---nationalinvestbk_com/,2025-07-21,39534,39534,,2025-07-18,2025-07-21,2025-07-21,https://www.finma.ch/en/finma-public/warnungen/warning-list/institution-bancaire-national-investment-bank---nationalinvestbk_com/,Institution Bancaire NATIONAL INVESTMENT BANK / nationalinvestbk.com,www.nationalinvestbk.com,,Other,
Smartbit Boost New Zealand,,smartbitboosttrading.com/nz,New Zealand - Financial Markets Authority,https://www.fma.govt.nz/library/warnings-and-alerts/fake-investment-platforms/,2025-07-21,39533,39533,,2025-07-21,2025-07-21,2025-07-21,https://www.fma.govt.nz/library/warnings-and-alerts/fake-investment-platforms/,Smartbit Boost New Zealand,smartbitboosttrading.com/nz,,Fraud and Other Types of Misconduct,
Paragonix EdgeNew Zealand,,paragonixedgeai.com/nz/,New Zealand - Financial Markets Authority,https://www.fma.govt.nz/library/warnings-and-alerts/fake-investment-platforms/,2025-07-21,39532,39532,,2025-07-21,2025-07-21,2025-07-21,https://www.fma.govt.nz/library/warnings-and-alerts/fake-investment-platforms/,Paragonix EdgeNew Zealand,paragonixedgeai.com/nz/,,Fraud and Other Types of Misconduct,
Immediate AI CapexNew Zealand,,immediateaicapexai.com/nz/,New Zealand - Financial Markets Authority,https://www.fma.govt.nz/library/warnings-and-alerts/fake-investment-platforms/,2025-07-21,39531,39531,,2025-07-21,2025-07-21,2025-07-21,https://www.fma.govt.nz/library/warnings-and-alerts/fake-investment-platforms/,Immediate AI CapexNew Zealand,immediateaicapexai.com/nz/,,Fraud and Other Types of Misconduct,
