Name_company,Corporate Name,site_url,Authority_Name,Authority_link,date,id,Warning ID,NCA,Date Published At NCA,Date Published At IOSCO,Last Updated,NCA URL,Commercial Name,URL,Other URL,Category,Additional Information
Facebook page “สลัดผักโอ้กะจู๋-สร้างธุรกิจ”,,https://www.facebook.com/profile.php?id=61550630072711,Thailand - Securities and Exchange Commission,https://web-invpublic.sec.or.th/e/2769/2568,2025-08-01,39671,39671,,2025-07-25,2025-08-01,2025-08-01,https://web-invpublic.sec.or.th/e/2769/2568,Facebook page “สลัดผักโอ้กะจู๋-สร้างธุรกิจ”,https://www.facebook.com/profile.php?id=61550630072711,https://www.facebook.com/61550630072711/videos/958360829714884,Other,This account is not affiliated with any businesses licensed or regulated by the SEC Thailand. Kindly be cautious with your investments.
Facebook page “สอนวิเคราะห์เทรดกราฟ มือใหม่”,,https://www.facebook.com/profile.php?id=61578313390954,Thailand - Securities and Exchange Commission,https://web-invpublic.sec.or.th/e/2768/2568,2025-07-29,39670,39670,,2025-07-25,2025-07-29,2025-07-29,https://web-invpublic.sec.or.th/e/2768/2568,Facebook page “สอนวิเคราะห์เทรดกราฟ มือใหม่”,https://www.facebook.com/profile.php?id=61578313390954,https://www.facebook.com/photo?fbid=122107588118943779&set=a.122107586210943779,Other,This account is not affiliated with any businesses licensed or regulated by the SEC Thailand. Kindly be cautious with your investments.
Website “buy.powertradehk”Line “SPECIAL EVENT”,,https://buy.powertradehk.com/#/pages/login/login,Thailand - Securities and Exchange Commission,https://web-invpublic.sec.or.th/e/2777/2568,2025-07-28,39669,39669,,2025-07-25,2025-07-28,2025-07-28,https://web-invpublic.sec.or.th/e/2777/2568,Website “buy.powertradehk”,https://buy.powertradehk.com/#/pages/login/login,,Other,This account is not affiliated with any businesses licensed or regulated by the SEC Thailand. Kindly be cautious with your investments.
finotivefunding.com,,finotivefunding.com,Cyprus - Cyprus Securities and Exchange Commission,https://www.cysec.gov.cy/CMSPages/GetFile.aspx?guid=9858f40a-84b4-45b2-bc94-2c93f37f5de1,2025-07-28,39668,39668,,2025-07-21,2025-07-28,2025-07-28,https://www.cysec.gov.cy/CMSPages/GetFile.aspx?guid=9858f40a-84b4-45b2-bc94-2c93f37f5de1,finotivefunding.com,finotivefunding.com,,Unregistered/Unlicensed entity offering financial products or services,
greymax.net,,greymax.net,Cyprus - Cyprus Securities and Exchange Commission,https://www.cysec.gov.cy/CMSPages/GetFile.aspx?guid=9858f40a-84b4-45b2-bc94-2c93f37f5de1,2025-07-28,39667,39667,,2025-07-21,2025-07-28,2025-07-28,https://www.cysec.gov.cy/CMSPages/GetFile.aspx?guid=9858f40a-84b4-45b2-bc94-2c93f37f5de1,greymax.net,greymax.net,,Unregistered/Unlicensed entity offering financial products or services,
The Danish Financial Supervisory Authority (DFSA) warns against conducting securities trading with the firm Finswift Text Inc.,,https://www.dfsa.dk/supervision/warnings-against-companies/2025/warning-against-investing-with-finswift-text-inc,Denmark - Danish Financial Supervisory Authority,https://www.dfsa.dk/supervision/warnings-against-companies/2025/warning-against-investing-with-finswift-text-inc,2025-07-28,39666,39666,,2025-07-25,2025-07-28,2025-07-28,https://www.dfsa.dk/supervision/warnings-against-companies/2025/warning-against-investing-with-finswift-text-inc,The Danish Financial Supervisory Authority (DFSA) warns against conducting securities trading with the firm Finswift Text Inc.,https://www.dfsa.dk/supervision/warnings-against-companies/2025/warning-against-investing-with-finswift-text-inc,,Unregistered/Unlicensed entity offering financial products or services,
Balfour Capital Group / balfourcapitalgroup.com,,https://balfourcapitalgroup.com,Switzerland - Swiss Financial Market Supervisory Authority,https://www.finma.ch/en/finma-public/warnungen/warning-list/balfour-capital-group---balfourcapitalgroup_com/,2025-07-28,39665,39665,,2025-07-24,2025-07-28,2025-07-28,https://www.finma.ch/en/finma-public/warnungen/warning-list/balfour-capital-group---balfourcapitalgroup_com/,Balfour Capital Group / balfourcapitalgroup.com,https://balfourcapitalgroup.com,,Other,
XBTDirectXBT-Direct,,xbt-direct.net,Alberta - Alberta Securities Commission,https://www.asc.ca/en/Enforcement/Investment-Caution-List/x/XBTDirect,2025-07-24,39664,39664,,2025-07-23,2025-07-24,2025-07-24,https://www.asc.ca/en/Enforcement/Investment-Caution-List/x/XBTDirect,XBTDirect,xbt-direct.net,,Unregistered/Unlicensed entity offering financial products or services,
ZavonixTrader 7.1,,https://www.zavonixtrader71.net,United Kingdom - Financial Conduct Authority,https://www.fca.org.uk/news/warnings/zavonixtrader-71,2025-07-24,39663,39663,,2025-07-25,2025-07-24,2025-07-24,https://www.fca.org.uk/news/warnings/zavonixtrader-71,ZavonixTrader 7.1,https://www.zavonixtrader71.net,,Unregistered/Unlicensed entity offering financial products or services,
Repsol Investment,,https://www.repsol-investment.net,United Kingdom - Financial Conduct Authority,https://www.fca.org.uk/news/warnings/repsol-investments,2025-07-24,39662,39662,,2025-07-24,2025-07-24,2025-07-24,https://www.fca.org.uk/news/warnings/repsol-investments,Repsol Investment,https://www.repsol-investment.net,,Unregistered/Unlicensed entity offering financial products or services,
Mariusz Szafraniec Firma Wielobranżowa,,,Poland - Polish Financial Supervision Authority,https://www.knf.gov.pl/en/CONSUMERS/Information_for_the_financial_market_consumers/Public_warnings?warningName=szafraniec&warningTypeId=all,2025-07-24,39661,39661,,2025-06-30,2025-07-24,2025-07-24,https://www.knf.gov.pl/en/CONSUMERS/Information_for_the_financial_market_consumers/Public_warnings?warningName=szafraniec&warningTypeId=all,Mariusz Szafraniec Firma Wielobranżowa,,,Unregistered/Unlicensed entity offering financial products or services,Notification under Article 150(1) of the Act on payment services.
Entity operating through the website signalfxoption.com,,signalfxoption.com,Poland - Polish Financial Supervision Authority,https://www.knf.gov.pl/en/CONSUMERS/Information_for_the_financial_market_consumers/Public_warnings?warningName=signalfx&warningTypeId=all,2025-07-24,39660,39660,,2025-06-18,2025-07-24,2025-07-24,https://www.knf.gov.pl/en/CONSUMERS/Information_for_the_financial_market_consumers/Public_warnings?warningName=signalfx&warningTypeId=all,Entity operating through the website signalfxoption.com,signalfxoption.com,,Unregistered/Unlicensed entity offering financial products or services,Notification under Article 178 in conjunction with Article 69(2) point 2 of the Act on trading in financial instruments.
TikTok account “thaiequityfunds33”,,https://www.tiktok.com/@thaiequityfunds33,Thailand - Securities and Exchange Commission,https://web-invpublic.sec.or.th/e/2765/2568,2025-07-24,39659,39659,,2025-07-24,2025-07-24,2025-07-24,https://web-invpublic.sec.or.th/e/2765/2568,TikTok account “thaiequityfunds33”,https://www.tiktok.com/@thaiequityfunds33,https://www.tiktok.com/@thaiequityfunds33/video/7417770347287678226,Other,This account is not affiliated with any businesses licensed or regulated by the SEC Thailand. Kindly be cautious with your investments.
XGI Horizon,,,Hong Kong - Securities and Futures Commission,https://www.sfc.hk/en/alert-list/3137,2025-07-24,39658,39658,,2025-07-24,2025-07-24,2025-07-24,https://www.sfc.hk/en/alert-list/3137,XGI Horizon,,www.xgihorizonglobal.com,,The company's Hong Kong address is incomplete.
Polysharp Investments Limited,,,Hong Kong - Securities and Futures Commission,https://www.sfc.hk/en/alert-list/3136,2025-07-24,39657,39657,,2025-07-24,2025-07-24,2025-07-24,https://www.sfc.hk/en/alert-list/3136,Polysharp Investments Limited,,www.polysharpinvestmentslimited.com,,The company gives the above Hong Kong address but it is not valid.
Facebook page “SET Education”,,https://www.facebook.com/profile.php?id=61578306125251,Thailand - Securities and Exchange Commission,https://web-invpublic.sec.or.th/e/2764/2568,2025-07-24,39656,39656,,2025-07-24,2025-07-24,2025-07-24,https://web-invpublic.sec.or.th/e/2764/2568,Facebook page “SET Education”,https://www.facebook.com/profile.php?id=61578306125251,,Other,This account is not affiliated with any businesses licensed or regulated by the SEC Thailand. Kindly be cautious with your investments.
Facebook page “Investor Trading”,,https://www.facebook.com/profile.php?id=61578834742292,Thailand - Securities and Exchange Commission,https://web-invpublic.sec.or.th/e/2763/2568,2025-07-24,39655,39655,,2025-07-24,2025-07-24,2025-07-24,https://web-invpublic.sec.or.th/e/2763/2568,Facebook page “Investor Trading”,https://www.facebook.com/profile.php?id=61578834742292,,Other,This account is not affiliated with any businesses licensed or regulated by the SEC Thailand. Kindly be cautious with your investments.
Line,,https://shorturl.asia/Afpk9,Thailand - Securities and Exchange Commission,https://web-invpublic.sec.or.th/e/2759/2568,2025-07-24,39654,39654,,2025-07-24,2025-07-24,2025-07-24,https://web-invpublic.sec.or.th/e/2759/2568,Line,https://shorturl.asia/Afpk9,https://line.me/ti/g2/g9zul_Z8uvKz6-EU2iDT-g0czJXo70KKGInSbg?utm_source=invitation&utm_medium=link_copy&utm_campaign=default,Other,This account are not affiliated with any businesses licensed or regulated by the SEC Thailand. Kindly be cautious with your investments.
Facebook page “OH-KAD.official”,,https://www.facebook.com/profile.php?id=61578225465688,Thailand - Securities and Exchange Commission,https://web-invpublic.sec.or.th/e/2762/2568,2025-07-24,39653,39653,,2025-07-24,2025-07-24,2025-07-24,https://web-invpublic.sec.or.th/e/2762/2568,Facebook page “OH-KAD.official”,https://www.facebook.com/profile.php?id=61578225465688,https://www.facebook.com/share/p/1Hdbfnv18C/?mibextid=wwXIfr,Other,This account is not affiliated with any businesses licensed or regulated by the SEC Thailand. Kindly be cautious with your investments.
Facebook page “Cafe Station Investment”,,https://www.facebook.com/profile.php?id=61552274434437,Thailand - Securities and Exchange Commission,https://web-invpublic.sec.or.th/e/2761/2568,2025-07-24,39652,39652,,2025-07-24,2025-07-24,2025-07-24,https://web-invpublic.sec.or.th/e/2761/2568,Facebook page “Cafe Station Investment”,https://www.facebook.com/profile.php?id=61552274434437,https://www.facebook.com/61552274434437/videos/1417748773252192,Other,This account is not affiliated with any businesses licensed or regulated by the SEC Thailand. Kindly be cautious with your investments.
