Name_company,Corporate Name,site_url,Authority_Name,Authority_link,date,id,Warning ID,NCA,Date Published At NCA,Date Published At IOSCO,Last Updated,NCA URL,Commercial Name,URL,Other URL,Category,Additional Information
Immediate SprixNew Zealand,,immediatesprixtrading.com/nz/,New Zealand - Financial Markets Authority,https://www.fma.govt.nz/library/warnings-and-alerts/fake-investment-platforms/,2025-07-21,39530,39530,,2025-07-21,2025-07-21,2025-07-21,https://www.fma.govt.nz/library/warnings-and-alerts/fake-investment-platforms/,Immediate SprixNew Zealand,immediatesprixtrading.com/nz/,,Fraud and Other Types of Misconduct,
AfrinvestNew Zealand,,afrinvesttradingapp.com/nz/,New Zealand - Financial Markets Authority,https://www.fma.govt.nz/library/warnings-and-alerts/fake-investment-platforms/,2025-07-21,39529,39529,,2025-07-21,2025-07-21,2025-07-21,https://www.fma.govt.nz/library/warnings-and-alerts/fake-investment-platforms/,AfrinvestNew Zealand,afrinvesttradingapp.com/nz/,,Fraud and Other Types of Misconduct,
BTC Maximum AINew Zealand,,btcmaximumaitrade.com/nz/,New Zealand - Financial Markets Authority,https://www.fma.govt.nz/library/warnings-and-alerts/fake-investment-platforms/,2025-07-21,39528,39528,,2025-07-21,2025-07-21,2025-07-21,https://www.fma.govt.nz/library/warnings-and-alerts/fake-investment-platforms/,BTC Maximum AINew Zealand,btcmaximumaitrade.com/nz/,,Fraud and Other Types of Misconduct,
Quantum FlashNew Zealand,,quantumflashtrading.com/nz/,New Zealand - Financial Markets Authority,https://www.fma.govt.nz/library/warnings-and-alerts/fake-investment-platforms/,2025-07-21,39527,39527,,2025-07-21,2025-07-21,2025-07-21,https://www.fma.govt.nz/library/warnings-and-alerts/fake-investment-platforms/,Quantum FlashNew Zealand,quantumflashtrading.com/nz/,,Fraud and Other Types of Misconduct,
Bitsoft 360New Zealand,,bitsoft360aitrading.com/nz/,New Zealand - Financial Markets Authority,https://www.fma.govt.nz/library/warnings-and-alerts/fake-investment-platforms/,2025-07-21,39526,39526,,2025-07-21,2025-07-21,2025-07-21,https://www.fma.govt.nz/library/warnings-and-alerts/fake-investment-platforms/,Bitsoft 360New Zealand,bitsoft360aitrading.com/nz/,,Fraud and Other Types of Misconduct,
Immediate 300 HiprexNew Zealand,,immediate300hiprextrade.com/nz/,New Zealand - Financial Markets Authority,https://www.fma.govt.nz/library/warnings-and-alerts/fake-investment-platforms/,2025-07-21,39525,39525,,2025-07-21,2025-07-21,2025-07-21,https://www.fma.govt.nz/library/warnings-and-alerts/fake-investment-platforms/,Immediate 300 HiprexNew Zealand,immediate300hiprextrade.com/nz/,,Fraud and Other Types of Misconduct,
Bitcoin MotionNew Zealand,,bitcoinmotionapp.com/nz/,New Zealand - Financial Markets Authority,https://www.fma.govt.nz/library/warnings-and-alerts/fake-investment-platforms/,2025-07-21,39524,39524,,2025-07-21,2025-07-21,2025-07-21,https://www.fma.govt.nz/library/warnings-and-alerts/fake-investment-platforms/,Bitcoin MotionNew Zealand,bitcoinmotionapp.com/nz/,,Fraud and Other Types of Misconduct,
Immediate ChantixNew Zealand,,immediatechantixtrading.com/nz/,New Zealand - Financial Markets Authority,https://www.fma.govt.nz/library/warnings-and-alerts/fake-investment-platforms/,2025-07-21,39523,39523,,2025-07-21,2025-07-21,2025-07-21,https://www.fma.govt.nz/library/warnings-and-alerts/fake-investment-platforms/,Immediate ChantixNew Zealand,immediatechantixtrading.com/nz/,,Fraud and Other Types of Misconduct,
Immediate FastXNew Zealand,,immediatefastxtrade.com/nz/,New Zealand - Financial Markets Authority,https://www.fma.govt.nz/library/warnings-and-alerts/fake-investment-platforms/,2025-07-21,39522,39522,,2025-07-21,2025-07-21,2025-07-21,https://www.fma.govt.nz/library/warnings-and-alerts/fake-investment-platforms/,Immediate FastXNew Zealand,immediatefastxtrade.com/nz/,,Fraud and Other Types of Misconduct,
BitIQNew Zealand,,bitiqaitrading.com/nz/,New Zealand - Financial Markets Authority,https://www.fma.govt.nz/library/warnings-and-alerts/fake-investment-platforms/,2025-07-21,39521,39521,,2025-07-21,2025-07-21,2025-07-21,https://www.fma.govt.nz/library/warnings-and-alerts/fake-investment-platforms/,BitIQNew Zealand,bitiqaitrading.com/nz/,,Fraud and Other Types of Misconduct,
Immediate Code New Zealand,,immediatecodetrading.com/nz/,New Zealand - Financial Markets Authority,https://www.fma.govt.nz/library/warnings-and-alerts/fake-investment-platforms/,2025-07-21,39520,39520,,2025-07-21,2025-07-21,2025-07-21,https://www.fma.govt.nz/library/warnings-and-alerts/fake-investment-platforms/,Immediate Code New Zealand,immediatecodetrading.com/nz/,,Fraud and Other Types of Misconduct,
Immediate Nextgen New Zealand,,immediatenextgentrading.com/nz/,New Zealand - Financial Markets Authority,https://www.fma.govt.nz/library/warnings-and-alerts/fake-investment-platforms/,2025-07-21,39519,39519,,2025-07-21,2025-07-21,2025-07-21,https://www.fma.govt.nz/library/warnings-and-alerts/fake-investment-platforms/,Immediate Nextgen New Zealand,immediatenextgentrading.com/nz/,,Fraud and Other Types of Misconduct,
Immediate Gains Pro New Zealand,,immediategainsprotrading.com/nz/,New Zealand - Financial Markets Authority,https://www.fma.govt.nz/library/warnings-and-alerts/fake-investment-platforms/,2025-07-21,39518,39518,,2025-07-21,2025-07-21,2025-07-21,https://www.fma.govt.nz/library/warnings-and-alerts/fake-investment-platforms/,Immediate Gains Pro New Zealand,immediategainsprotrading.com/nz/,,Fraud and Other Types of Misconduct,
Immediate Flex New Zealand,,immediateflextrading.com/nz/,New Zealand - Financial Markets Authority,https://www.fma.govt.nz/library/warnings-and-alerts/fake-investment-platforms/,2025-07-21,39517,39517,,2025-07-21,2025-07-21,2025-07-21,https://www.fma.govt.nz/library/warnings-and-alerts/fake-investment-platforms/,Immediate Flex New Zealand,immediateflextrading.com/nz/,,Fraud and Other Types of Misconduct,
Immediate 14 Evista New Zealand,,immediate14evistatrading.com/nz/,New Zealand - Financial Markets Authority,https://www.fma.govt.nz/library/warnings-and-alerts/fake-investment-platforms/,2025-07-21,39516,39516,,2025-07-21,2025-07-21,2025-07-21,https://www.fma.govt.nz/library/warnings-and-alerts/fake-investment-platforms/,Immediate 14 Evista New Zealand,immediate14evistatrading.com/nz/,,Fraud and Other Types of Misconduct,
Bitcoineer New Zealand,,bitcoineeraitrading.com/nz/,New Zealand - Financial Markets Authority,https://www.fma.govt.nz/library/warnings-and-alerts/fake-investment-platforms/,2025-07-21,39515,39515,,2025-07-21,2025-07-21,2025-07-21,https://www.fma.govt.nz/library/warnings-and-alerts/fake-investment-platforms/,Bitcoineer New Zealand,bitcoineeraitrading.com/nz/,,Fraud and Other Types of Misconduct,
Tradevistax GPT New Zealand,,tradevistaxgpttrading.com/nz/,New Zealand - Financial Markets Authority,https://www.fma.govt.nz/library/warnings-and-alerts/fake-investment-platforms/,2025-07-21,39514,39514,,2025-07-21,2025-07-21,2025-07-21,https://www.fma.govt.nz/library/warnings-and-alerts/fake-investment-platforms/,Tradevistax GPT New Zealand,tradevistaxgpttrading.com/nz/,,Fraud and Other Types of Misconduct,
Crypto Cash New Zealand,,cryptocashtrading.com/nz/,New Zealand - Financial Markets Authority,https://www.fma.govt.nz/library/warnings-and-alerts/fake-investment-platforms/,2025-07-21,39513,39513,,2025-07-21,2025-07-21,2025-07-21,https://www.fma.govt.nz/library/warnings-and-alerts/fake-investment-platforms/,Crypto Cash New Zealand,cryptocashtrading.com/nz/,,Fraud and Other Types of Misconduct,
Trixo Fund New Zealand,,trixofundtrading.com/nz/,New Zealand - Financial Markets Authority,https://www.fma.govt.nz/library/warnings-and-alerts/fake-investment-platforms/,2025-07-21,39512,39512,,2025-07-21,2025-07-21,2025-07-21,https://www.fma.govt.nz/library/warnings-and-alerts/fake-investment-platforms/,Trixo Fund New Zealand,trixofundtrading.com/nz/,,Fraud and Other Types of Misconduct,
Bitcode AI New Zealand,,bitcodeaitrading.com/nz/,New Zealand - Financial Markets Authority,https://www.fma.govt.nz/library/warnings-and-alerts/fake-investment-platforms/,2025-07-21,39511,39511,,2025-07-21,2025-07-21,2025-07-21,https://www.fma.govt.nz/library/warnings-and-alerts/fake-investment-platforms/,Bitcode AI New Zealand,bitcodeaitrading.com/nz/,,Fraud and Other Types of Misconduct,
