Name_company,Corporate Name,site_url,Authority_Name,Authority_link,date,id,Warning ID,NCA,Date Published At NCA,Date Published At IOSCO,Last Updated,NCA URL,Commercial Name,URL,Other URL,Category,Additional Information
Facebook page “Oh Juice Organic Farm”,,https://www.facebook.com/profile.php?id=61553572884337,Thailand - Securities and Exchange Commission,https://web-invpublic.sec.or.th/e/2718/2568,2025-07-22,39590,39590,,2025-07-22,2025-07-22,2025-07-22,https://web-invpublic.sec.or.th/e/2718/2568,Facebook page “Oh Juice Organic Farm”,https://www.facebook.com/profile.php?id=61553572884337,https://www.facebook.com/61553572884337/videos/1037249398393693,Other,This account is not affiliated with any businesses licensed or regulated by the SEC Thailand. Kindly be cautious with your investments.
RJB / rjjbs.com,,www.rjjbs.com,Switzerland - Swiss Financial Market Supervisory Authority,https://www.finma.ch/en/finma-public/warnungen/warning-list/rjb---rjjbs_com/,2025-07-22,39589,39589,,2025-07-21,2025-07-22,2025-07-22,https://www.finma.ch/en/finma-public/warnungen/warning-list/rjb---rjjbs_com/,RJB / rjjbs.com,www.rjjbs.com,,Other,
VYZORG CAPITAL / vyzorg.com,,www.vyzorg.com,Switzerland - Swiss Financial Market Supervisory Authority,https://www.finma.ch/en/finma-public/warnungen/warning-list/vyzorg-capital---vyzorg_com/,2025-07-22,39588,39588,,2025-07-21,2025-07-22,2025-07-22,https://www.finma.ch/en/finma-public/warnungen/warning-list/vyzorg-capital---vyzorg_com/,VYZORG CAPITAL / vyzorg.com,www.vyzorg.com,,Other,
Ipo Dynamics / ipodynamics.com,,www.ipodynamics.com,Switzerland - Swiss Financial Market Supervisory Authority,https://www.finma.ch/en/finma-public/warnungen/warning-list/ipo-dynamics---ipodynamics_com/,2025-07-22,39587,39587,,2025-07-21,2025-07-22,2025-07-22,https://www.finma.ch/en/finma-public/warnungen/warning-list/ipo-dynamics---ipodynamics_com/,Ipo Dynamics / ipodynamics.com,www.ipodynamics.com,,Other,
subsidium-ag.com,,www.subsidium-ag.com,Switzerland - Swiss Financial Market Supervisory Authority,https://www.finma.ch/en/finma-public/warnungen/warning-list/subsidium-ag_com/,2025-07-22,39586,39586,,2025-07-21,2025-07-22,2025-07-22,https://www.finma.ch/en/finma-public/warnungen/warning-list/subsidium-ag_com/,subsidium-ag.com,www.subsidium-ag.com,,Other,"www.subsidium-ag.com steht nicht im Zusammenhang mit der Subsidium Investment AG, Küsnacht (ZH), welche im Schweizerischen Handelsregister eingetragen ist (CHE-113.653.413).www.subsidium-ag.com n'a pas de lien avec Subsidium Investment AG, Küsnacht (ZH), laquelle est inscrite au registre du commerce suisse (CHE-113.653.413).www.subsidium-ag.com non ha legami con Subsidium Investment AG, Küsnacht (ZH), inscritta nel registro di commercio svizzero (CHE-113.653.413).www.subsidium-ag.com is not related to the Subsidium Investment AG, Küsnacht (ZH),"
dumont-fin.com,,www.dumont-fin.com,Switzerland - Swiss Financial Market Supervisory Authority,https://www.finma.ch/en/finma-public/warnungen/warning-list/dumont-fin_com/,2025-07-22,39585,39585,,2025-07-21,2025-07-22,2025-07-22,https://www.finma.ch/en/finma-public/warnungen/warning-list/dumont-fin_com/,dumont-fin.com,www.dumont-fin.com,,Other,"www.dumont-fin.com steht nicht im Zusammenhang mit der FINANCIERE DUMONT Sàrl, Genf, welche im Schweizerischen Handelsregister eingetragen ist (CHE-183.022.778).www.dumont-fin.com n'a pas de lien avec FINANCIERE DUMONT Sàrl, Genève, laquelle est inscrite au registre du commerce suisse (CHE-183.022.778).www.dumont-fin.com non ha legami con FINANCIERE DUMONT Sàrl, Ginevra, inscritta nel registro di commercio svizzero (CHE-183.022.778).www.dumont-fin.com is not related to the FINANCIERE DUMONT Sàrl, Geneva, which is registered in the Swiss Commercial Register (CHE-183.022.778)."
Artosnomics,,https://www.artosnomics.co,British Columbia - British Columbia Securities Commission,https://www.bcsc.bc.ca/enforcement/early-intervention/investment-caution-list/2025/artosnomics,2025-07-22,39584,39584,,2025-07-21,2025-07-22,2025-07-22,https://www.bcsc.bc.ca/enforcement/early-intervention/investment-caution-list/2025/artosnomics,Artosnomics,https://www.artosnomics.co,,Unregistered/Unlicensed entity offering financial products or services,
Sentinel STO,,https://sentinel-sto.com,British Columbia - British Columbia Securities Commission,https://www.bcsc.bc.ca/enforcement/early-intervention/investment-caution-list/2025/sentinel-sto,2025-07-22,39583,39583,,2025-07-21,2025-07-22,2025-07-22,https://www.bcsc.bc.ca/enforcement/early-intervention/investment-caution-list/2025/sentinel-sto,Sentinel STO,https://sentinel-sto.com,,Unregistered/Unlicensed entity offering financial products or services,
BVX,,https://bvxtrade.com,British Columbia - British Columbia Securities Commission,https://www.bcsc.bc.ca/enforcement/early-intervention/investment-caution-list/2025/bvx,2025-07-22,39582,39582,,2025-07-21,2025-07-22,2025-07-22,https://www.bcsc.bc.ca/enforcement/early-intervention/investment-caution-list/2025/bvx,BVX,https://bvxtrade.com,,Unregistered/Unlicensed entity offering financial products or services,
https://capitalgroupspain.com (CLON),,,Spain - Comisión Nacional del Mercado de Valores,https://www.cnmv.es/portal/resultadobusqueda.aspx?tipo=1&idAdv=5130,2025-07-21,39581,39581,,2025-07-21,2025-07-21,2025-07-21,https://www.cnmv.es/portal/resultadobusqueda.aspx?tipo=1&idAdv=5130,https://capitalgroupspain.com (CLON),,,Registered/Licensed entity impersonators,
META-STOCK TRADERS.,,https://meta-stocktraders.org,Spain - Comisión Nacional del Mercado de Valores,https://www.cnmv.es/portal/resultadobusqueda.aspx?tipo=1&idAdv=5131,2025-07-21,39580,39580,,2025-07-21,2025-07-21,2025-07-21,https://www.cnmv.es/portal/resultadobusqueda.aspx?tipo=1&idAdv=5131,META-STOCK TRADERS.,https://meta-stocktraders.org,,Unregistered/Unlicensed entity offering financial products or services,
WISEFEX INVEST,,https://wisefex-invests.ltd/,Spain - Comisión Nacional del Mercado de Valores,https://www.cnmv.es/portal/resultadobusqueda.aspx?tipo=1&idAdv=5132,2025-07-21,39579,39579,,2025-07-21,2025-07-21,2025-07-21,https://www.cnmv.es/portal/resultadobusqueda.aspx?tipo=1&idAdv=5132,WISEFEX INVEST,https://wisefex-invests.ltd/,,Unregistered/Unlicensed entity offering financial products or services,
NETWEALTH,,https://netwealth-invest.xyz/,Spain - Comisión Nacional del Mercado de Valores,https://www.cnmv.es/portal/resultadobusqueda.aspx?tipo=1&idAdv=5133,2025-07-21,39578,39578,,2025-07-21,2025-07-21,2025-07-21,https://www.cnmv.es/portal/resultadobusqueda.aspx?tipo=1&idAdv=5133,NETWEALTH,https://netwealth-invest.xyz/,,Unregistered/Unlicensed entity offering financial products or services,
CLUSIVE FINANCE,,https://clusivefinance.com/,Spain - Comisión Nacional del Mercado de Valores,https://www.cnmv.es/portal/resultadobusqueda.aspx?tipo=1&idAdv=5134,2025-07-21,39577,39577,,2025-07-21,2025-07-21,2025-07-21,https://www.cnmv.es/portal/resultadobusqueda.aspx?tipo=1&idAdv=5134,CLUSIVE FINANCE,https://clusivefinance.com/,,Unregistered/Unlicensed entity offering financial products or services,
PAIRS EXCHANGE,,https://pairsignalexchange.com/,Spain - Comisión Nacional del Mercado de Valores,https://www.cnmv.es/portal/resultadobusqueda.aspx?tipo=1&idAdv=5135,2025-07-21,39576,39576,,2025-07-21,2025-07-21,2025-07-21,https://www.cnmv.es/portal/resultadobusqueda.aspx?tipo=1&idAdv=5135,PAIRS EXCHANGE,https://pairsignalexchange.com/,,Unregistered/Unlicensed entity offering financial products or services,
STREAM CAPITAL INVEST,,HTTPS://WWW.STREAMCAPITALINVEST.COM,Spain - Comisión Nacional del Mercado de Valores,https://www.cnmv.es/portal/resultadobusqueda.aspx?tipo=1&idAdv=5136,2025-07-21,39575,39575,,2025-07-21,2025-07-21,2025-07-21,https://www.cnmv.es/portal/resultadobusqueda.aspx?tipo=1&idAdv=5136,STREAM CAPITAL INVEST,HTTPS://WWW.STREAMCAPITALINVEST.COM,,Unregistered/Unlicensed entity offering financial products or services,
DYNASTY TRADE,,https://dynasty-trade.ltd,Spain - Comisión Nacional del Mercado de Valores,https://www.cnmv.es/portal/resultadobusqueda.aspx?tipo=1&idAdv=5137,2025-07-21,39574,39574,,2025-07-21,2025-07-21,2025-07-21,https://www.cnmv.es/portal/resultadobusqueda.aspx?tipo=1&idAdv=5137,DYNASTY TRADE,https://dynasty-trade.ltd,,Unregistered/Unlicensed entity offering financial products or services,
SERIAGLOBAL,,HTTPS://SERIAGLOBAL.COM/,Spain - Comisión Nacional del Mercado de Valores,https://www.cnmv.es/portal/resultadobusqueda.aspx?tipo=1&idAdv=5138,2025-07-21,39573,39573,,2025-07-21,2025-07-21,2025-07-21,https://www.cnmv.es/portal/resultadobusqueda.aspx?tipo=1&idAdv=5138,SERIAGLOBAL,HTTPS://SERIAGLOBAL.COM/,,Unregistered/Unlicensed entity offering financial products or services,
TRUSTFXPRO,,https://www.trustfxpro.com/,Spain - Comisión Nacional del Mercado de Valores,https://www.cnmv.es/portal/resultadobusqueda.aspx?tipo=1&idAdv=5139,2025-07-21,39572,39572,,2025-07-21,2025-07-21,2025-07-21,https://www.cnmv.es/portal/resultadobusqueda.aspx?tipo=1&idAdv=5139,TRUSTFXPRO,https://www.trustfxpro.com/,,Unregistered/Unlicensed entity offering financial products or services,
HILTON-TRADE,,https://hilton-trades.sbs/,Spain - Comisión Nacional del Mercado de Valores,https://www.cnmv.es/portal/resultadobusqueda.aspx?tipo=1&idAdv=5140,2025-07-21,39571,39571,,2025-07-21,2025-07-21,2025-07-21,https://www.cnmv.es/portal/resultadobusqueda.aspx?tipo=1&idAdv=5140,HILTON-TRADE,https://hilton-trades.sbs/,,Unregistered/Unlicensed entity offering financial products or services,
