Name_company,Corporate Name,site_url,Authority_Name,Authority_link,date,id,Warning ID,NCA,Date Published At NCA,Date Published At IOSCO,Last Updated,NCA URL,Commercial Name,URL,Other URL,Category,Additional Information
Facebook page “Oh Juice ฟาร์มออร์แกนิก”,,https://www.facebook.com/profile.php?id=100093642284232,Thailand - Securities and Exchange Commission,https://web-invpublic.sec.or.th/e/2808/2568,2025-08-01,39795,39795,,2025-08-01,2025-08-01,2025-08-01,https://web-invpublic.sec.or.th/e/2808/2568,Facebook page “Oh Juice ฟาร์มออร์แกนิก”,https://www.facebook.com/profile.php?id=100093642284232,https://www.facebook.com/100093642284232/videos/1253830625885527,Other,This account is not affiliated with any businesses licensed or regulated by the SEC Thailand. Kindly be cautious with your investments.
Facebook page “อาณาจักรฟาร์มโอ้กาด สลัดพันล้าน”,,https://www.facebook.com/profile.php?id=61578644620630,Thailand - Securities and Exchange Commission,https://web-invpublic.sec.or.th/e/2807/2568,2025-08-01,39794,39794,,2025-08-01,2025-08-01,2025-08-01,https://web-invpublic.sec.or.th/e/2807/2568,Facebook page “อาณาจักรฟาร์มโอ้กาด สลัดพันล้าน”,https://www.facebook.com/profile.php?id=61578644620630,https://www.facebook.com/ads/library/?id=1916465769196191,Other,This account is not affiliated with any businesses licensed or regulated by the SEC Thailand. Kindly be cautious with your investments.
Facebook page “สวนผักคุณแม่ สู่ตลาดหลักทรัพย์”,,https://www.facebook.com/profile.php?id=100089543911567,Thailand - Securities and Exchange Commission,https://web-invpublic.sec.or.th/e/2806/2568,2025-08-01,39793,39793,,2025-08-01,2025-08-01,2025-08-01,https://web-invpublic.sec.or.th/e/2806/2568,Facebook page “สวนผักคุณแม่ สู่ตลาดหลักทรัพย์”,https://www.facebook.com/profile.php?id=100089543911567,https://www.facebook.com/100089543911567/videos/724692690371804,,This account is not affiliated with any businesses licensed or regulated by the SEC Thailand. Kindly be cautious with your investments.
Facebook page “OKJ-Safe Greens”,,https://www.facebook.com/profile.php?id=61579042345140,Thailand - Securities and Exchange Commission,https://web-invpublic.sec.or.th/e/2805/2568,2025-08-01,39792,39792,,2025-08-01,2025-08-01,2025-08-01,https://web-invpublic.sec.or.th/e/2805/2568,Facebook page “OKJ-Safe Greens”,https://www.facebook.com/profile.php?id=61579042345140,https://www.facebook.com/61579042345140/posts/122095334138968078/?mibextid=wwXIfr&rdid=6SdewwGfNK2mwCYs#,Other,This account is not affiliated with any businesses licensed or regulated by the SEC Thailand. Kindly be cautious with your investments.
Facebook page “Service Restaurant Ohkad’s Certified”,,https://www.facebook.com/profile.php?id=100089700712491,Thailand - Securities and Exchange Commission,https://web-invpublic.sec.or.th/e/2804/2568,2025-08-01,39791,,,,,,,,,,,
Facebook page “Farm business okj”,,https://www.facebook.com/Farmbusinessokj,Thailand - Securities and Exchange Commission,https://web-invpublic.sec.or.th/e/2803/2568,2025-08-01,39790,39790,,2025-08-01,2025-08-01,2025-08-01,https://web-invpublic.sec.or.th/e/2803/2568,Facebook page “Farm business okj”,https://www.facebook.com/Farmbusinessokj,https://www.facebook.com/Farmbusinessokj/videos/1467046364311123,Other,This account is not affiliated with any businesses licensed or regulated by the SEC Thailand. Kindly be cautious with your investments.
Line “Learn to High Net Worth”,,https://line.me/ti/g2/U6fv8ITartG65Z8J9Vm0UWm7Qt46t90rGjpCaw?utm_source=invitation&utm_medium=link_copy&utm_campaign=default,Thailand - Securities and Exchange Commission,https://web-invpublic.sec.or.th/e/2809/2568,2025-08-01,39789,39789,,2025-08-01,2025-08-01,2025-08-01,https://web-invpublic.sec.or.th/e/2809/2568,Line “Learn to High Net Worth”,https://line.me/ti/g2/U6fv8ITartG65Z8J9Vm0UWm7Qt46t90rGjpCaw?utm_source=invitation&utm_medium=link_copy&utm_campaign=default,,Other,This account is not affiliated with any businesses licensed or regulated by the SEC Thailand. Kindly be cautious with your investments.
Clenvech / clenvech.com,,www.clenvech.com,Switzerland - Swiss Financial Market Supervisory Authority,https://www.finma.ch/en/finma-public/warnungen/warning-list/clenvech/,2025-08-01,39788,39788,,2025-07-31,2025-08-01,2025-08-01,https://www.finma.ch/en/finma-public/warnungen/warning-list/clenvech/,Clenvech / clenvech.com,www.clenvech.com,,Other,
dv8-investments.com / dv8-investments.net,,www.dv8-investments.com / www.dv8-investments.net,Switzerland - Swiss Financial Market Supervisory Authority,https://www.finma.ch/en/finma-public/warnungen/warning-list/dv8investments/,2025-08-01,39787,39787,,2025-07-31,2025-08-01,2025-08-01,https://www.finma.ch/en/finma-public/warnungen/warning-list/dv8investments/,dv8-investments.com / dv8-investments.net,www.dv8-investments.com / www.dv8-investments.net,,Other,"dv8-investments.com / dv8-investments.net steht nicht im Zusammenhang mit der DV8 Investment Solutions AG, welche im Schweizerischen Handelsregister eingetragen ist (CHE-209.379.379).dv8-investments.com / dv8-investments.net n'a pas de lien avec DV8 Investment Solutions SA, laquelle est inscrite au registre du commerce suisse (CHE-209.379.379).dv8-investments.com / dv8-investments.net non ha legami con DV8 Investment Solutions SA, inscritta nel registro di commercio svizzero (CHE-209.379.379).dv8-investments.com / dv8-investments.net is not related to the DV8 Investment Solutions Ltd, which is registered in the Swiss Commercial Register (CHE-209.379.379)."
XUEX,,xuex21.com,New Zealand - Financial Markets Authority,https://www.fma.govt.nz/library/warnings-and-alerts/txex/,2025-08-01,39786,39786,,2025-04-17,2025-08-01,2025-08-01,https://www.fma.govt.nz/library/warnings-and-alerts/txex/,XUEX,xuex21.com,,,
TPBIT,,tpbitax.com,New Zealand - Financial Markets Authority,https://www.fma.govt.nz/library/warnings-and-alerts/txex/,2025-08-01,39785,39785,,2025-04-17,2025-08-01,2025-08-01,https://www.fma.govt.nz/library/warnings-and-alerts/txex/,TPBIT,tpbitax.com,,,
LWEX,,lwex4.com,New Zealand - Financial Markets Authority,https://www.fma.govt.nz/library/warnings-and-alerts/txex/,2025-08-01,39784,39784,,2025-04-17,2025-08-01,2025-08-01,https://www.fma.govt.nz/library/warnings-and-alerts/txex/,LWEX,lwex4.com,,,
HHHE,,hhheyy.com,New Zealand - Financial Markets Authority,https://www.fma.govt.nz/library/warnings-and-alerts/txex/,2025-08-01,39783,39783,,2025-04-17,2025-08-01,2025-08-01,https://www.fma.govt.nz/library/warnings-and-alerts/txex/,HHHE,hhheyy.com,,,
Hellobitq,,hellobitq.com,New Zealand - Financial Markets Authority,https://www.fma.govt.nz/library/warnings-and-alerts/txex/,2025-08-01,39782,39782,,2025-04-17,2025-08-01,2025-08-01,https://www.fma.govt.nz/library/warnings-and-alerts/txex/,Hellobitq,hellobitq.com,,,
Dobibo,,dobibo12.com,New Zealand - Financial Markets Authority,https://www.fma.govt.nz/library/warnings-and-alerts/txex/,2025-08-01,39781,39781,,2025-04-17,2025-08-01,2025-08-01,https://www.fma.govt.nz/library/warnings-and-alerts/txex/,Dobibo,dobibo12.com,,,
CR Wealth sharing groupMantistrade,,uzexap.com,New Zealand - Financial Markets Authority,https://www.fma.govt.nz/library/warnings-and-alerts/txex/,2025-08-01,39780,39780,,2025-04-17,2025-08-01,2025-08-01,https://www.fma.govt.nz/library/warnings-and-alerts/txex/,CR Wealth sharing group,uzexap.com,mantistrade.com,,
Aquila Markets,,https://aquila-markets.com,British Columbia - British Columbia Securities Commission,https://www.bcsc.bc.ca/enforcement/early-intervention/investment-caution-list/2025/aquila-markets,2025-08-01,39779,39779,,2025-07-31,2025-08-01,2025-08-01,https://www.bcsc.bc.ca/enforcement/early-intervention/investment-caution-list/2025/aquila-markets,Aquila Markets,https://aquila-markets.com,,Unregistered/Unlicensed entity offering financial products or services,
HHLR Advisors (No relation to Ontario registered firm HHLR found at www.hillhouseinvestment.com/),,www.hhlradvisors.ca,Ontario - Ontario Securities Commission,https://www.osc.ca/en/investors/warnings/hhlr-advisors-no-relation-ontario-registered-firm-hhlr-found-wwwhillhouseinvestmentcom,2025-08-01,39778,39778,,2025-07-31,2025-08-01,2025-08-01,https://www.osc.ca/en/investors/warnings/hhlr-advisors-no-relation-ontario-registered-firm-hhlr-found-wwwhillhouseinvestmentcom,HHLR Advisors (No relation to Ontario registered firm HHLR found at www.hillhouseinvestment.com/),www.hhlradvisors.ca,,,HHLR Advisors found at www.hhlradvisors.ca is not registered in Ontario to engage in the business of trading in securities.
IWI Financial,,www.iwifinancial.com/,Ontario - Ontario Securities Commission,https://www.osc.ca/en/investors/warnings/iwi-financial,2025-08-01,39777,39777,,2025-07-31,2025-08-01,2025-08-01,https://www.osc.ca/en/investors/warnings/iwi-financial,IWI Financial,www.iwifinancial.com/,,Unregistered/Unlicensed entity offering financial products or services,IWI Financial found at www.iwifinancial.com/ is not registered in Ontario to engage in the business of trading in securities.
Trader Chenix 3.1 V3,,https://www.traderchenix31v3.net,United Kingdom - Financial Conduct Authority,https://www.fca.org.uk/news/warnings/trader-chenix-31-v3,2025-08-01,39776,39776,,2025-07-31,2025-08-01,2025-08-01,https://www.fca.org.uk/news/warnings/trader-chenix-31-v3,Trader Chenix 3.1 V3,https://www.traderchenix31v3.net,https://www.traderchenix31v3.com,Unregistered/Unlicensed entity offering financial products or services,
