Name_company,Corporate Name,site_url,Authority_Name,Authority_link,date,id,Warning ID,NCA,Date Published At NCA,Date Published At IOSCO,Last Updated,NCA URL,Commercial Name,URL,Other URL,Category,Additional Information
Facebook page “Ohkajhu ฟาร์มผักอินทรีย์”,,https://www.facebook.com/profile.php?id=61553646470629,Thailand - Securities and Exchange Commission,https://web-invpublic.sec.or.th/e/2743/25680,2025-07-23,39631,39631,,2025-07-23,2025-07-23,2025-07-23,https://web-invpublic.sec.or.th/e/2743/25680,Facebook page “Ohkajhu ฟาร์มผักอินทรีย์”,https://www.facebook.com/profile.php?id=61553646470629,https://www.facebook.com/share/v/1MGisDdkos/,Other,This account is not affiliated with any businesses licensed or regulated by the SEC Thailand. Kindly be cautious with your investments.
Facebook page “สวรรค์คนรักผัก อาหารออร์แกนิค”,,https://www.facebook.com/profile.php?id=100094533661931,Thailand - Securities and Exchange Commission,https://web-invpublic.sec.or.th/e/2742/2568,2025-07-23,39630,39630,,2025-07-23,2025-07-23,2025-07-23,https://web-invpublic.sec.or.th/e/2742/2568,Facebook page “สวรรค์คนรักผัก อาหารออร์แกนิค”,https://www.facebook.com/profile.php?id=100094533661931,https://www.facebook.com/100094533661931/videos/2236089566906925,Other,This account is not affiliated with any businesses licensed or regulated by the SEC Thailand. Kindly be cautious with your investments.
Facebook page “ฟาร์มออร์เเกนิค สร้างธุรกิจ”,,https://www.facebook.com/bigjakeztv,Thailand - Securities and Exchange Commission,https://web-invpublic.sec.or.th/e/2751/2568,2025-07-23,39629,39629,,2025-07-23,2025-07-23,2025-07-23,https://web-invpublic.sec.or.th/e/2751/2568,Facebook page “ฟาร์มออร์เเกนิค สร้างธุรกิจ”,https://www.facebook.com/bigjakeztv,https://www.facebook.com/bigjakeztv/videos/516476274855781,Other,This account is not affiliated with any businesses licensed or regulated by the SEC Thailand. Kindly be cautious with your investments.
Facebook page “Amazon C0ffee Daily Funding”,,https://www.facebook.com/profile.php?id=61558432117476,Thailand - Securities and Exchange Commission,https://web-invpublic.sec.or.th/e/2750/2568,2025-07-23,39628,39628,,2025-07-23,2025-07-23,2025-07-23,https://web-invpublic.sec.or.th/e/2750/2568,Facebook page “Amazon C0ffee Daily Funding”,https://www.facebook.com/profile.php?id=61558432117476,https://www.facebook.com/61558432117476/videos/1100827301915020,Other,This account is not affiliated with any businesses licensed or regulated by the SEC Thailand. Kindly be cautious with your investments.
Facebook page “อู๋กะโจ้&ออแกนิคฟาร์ม”,,https://www.facebook.com/profile.php?id=61578710004699,Thailand - Securities and Exchange Commission,https://web-invpublic.sec.or.th/e/2741/2568,2025-07-23,39627,39627,,2025-07-23,2025-07-23,2025-07-23,https://web-invpublic.sec.or.th/e/2741/2568,Facebook page “อู๋กะโจ้&ออแกนิคฟาร์ม”,https://www.facebook.com/profile.php?id=61578710004699,https://www.facebook.com/photo/?fbid=122096851064957000&set=a.122096851682957000,Other,This account is not affiliated with any businesses licensed or regulated by the SEC Thailand. Kindly be cautious with your investments.
Facebook page “Certified Ohkad’s King of Salad”,,https://www.facebook.com/profile.php?id=100090039397038,Thailand - Securities and Exchange Commission,https://web-invpublic.sec.or.th/e/2749/2568,2025-07-24,39626,39626,,2025-07-23,2025-07-24,2025-07-24,https://web-invpublic.sec.or.th/e/2749/2568,Facebook page “Certified Ohkad’s King of Salad”,https://www.facebook.com/profile.php?id=100090039397038,https://www.facebook.com/100090039397038/videos/1820371052231197,Other,This account is not affiliated with any businesses licensed or regulated by the SEC Thailand. Kindly be cautious with your investments.
Facebook page “OKJ Filing”,,https://www.facebook.com/profile.php?id=61578607862117,Thailand - Securities and Exchange Commission,https://web-invpublic.sec.or.th/e/2748/2568,2025-07-23,39625,39625,,2025-07-23,2025-07-23,2025-07-23,https://web-invpublic.sec.or.th/e/2748/2568,Facebook page “OKJ Filing”,https://www.facebook.com/profile.php?id=61578607862117,https://www.facebook.com/ads/library/?id=4481321732190394,Other,This account is not affiliated with any businesses licensed or regulated by the SEC Thailand. Kindly be cautious with your investments.
Facebook page “Ohkajhu from vegetables Organic”,,https://www.facebook.com/profile.php?id=61550511672901,Thailand - Securities and Exchange Commission,https://web-invpublic.sec.or.th/e/2747/2568,2025-07-23,39624,39624,,2025-07-23,2025-07-23,2025-07-23,https://web-invpublic.sec.or.th/e/2747/2568,Facebook page “Ohkajhu from vegetables Organic”,https://www.facebook.com/profile.php?id=61550511672901,https://www.facebook.com/ads/library/?id=1406134813769713,Other,This account is not affiliated with any businesses licensed or regulated by the SEC Thailand. Kindly be cautious with your investments.
Facebook page “Coffee amazon Certified”,,https://www.facebook.com/profile.php?id=100089959103220,Thailand - Securities and Exchange Commission,https://web-invpublic.sec.or.th/e/2740/2568,2025-07-23,39623,39623,,2025-07-23,2025-07-23,2025-07-23,https://web-invpublic.sec.or.th/e/2740/2568,Facebook page “Coffee amazon Certified”,https://www.facebook.com/profile.php?id=100089959103220,https://www.facebook.com/100089959103220/videos/1282766550078772,Other,This account is not affiliated with any businesses licensed or regulated by the SEC Thailand. Kindly be cautious with your investments.
Facebook page “อาณาจักรการเทรดกราฟ มือใหม่และมืออาชีพ”,,https://www.facebook.com/profile.php?id=61578563104391,Thailand - Securities and Exchange Commission,https://web-invpublic.sec.or.th/e/2746/2568,2025-07-24,39622,39622,,2025-07-23,2025-07-24,2025-07-24,https://web-invpublic.sec.or.th/e/2746/2568,Facebook page “อาณาจักรการเทรดกราฟ มือใหม่และมืออาชีพ”,https://www.facebook.com/profile.php?id=61578563104391,https://www.facebook.com/ads/library/?id=761099586496305,Other,This account is not affiliated with any businesses licensed or regulated by the SEC Thailand. Kindly be cautious with your investments.
Facebook page “ธุรกิจหลักทรัพย์ คาเฟ่อเมซอน.”,,https://www.facebook.com/profile.php?id=61558642948343,Thailand - Securities and Exchange Commission,https://web-invpublic.sec.or.th/e/2744/2568,2025-07-23,39621,39621,,2025-07-23,2025-07-23,2025-07-23,https://web-invpublic.sec.or.th/e/2744/2568,Facebook page “ธุรกิจหลักทรัพย์ คาเฟ่อเมซอน.”,https://www.facebook.com/profile.php?id=61558642948343,https://www.facebook.com/61558642948343/videos/3991340934415917,Other,This account is not affiliated with any businesses licensed or regulated by the SEC Thailand. Kindly be cautious with your investments.
Facebook page “OKJ Salad Billion”,,https://www.facebook.com/profile.php?id=61578244208754,Thailand - Securities and Exchange Commission,https://web-invpublic.sec.or.th/e/2739/2568,2025-07-23,39620,39620,,2025-07-23,2025-07-23,2025-07-23,https://web-invpublic.sec.or.th/e/2739/2568,Facebook page “OKJ Salad Billion”,https://www.facebook.com/profile.php?id=61578244208754,https://www.facebook.com/ads/library/?id=30496080143341100,Other,This account is not affiliated with any businesses licensed or regulated by the SEC Thailand. Kindly be cautious with your investments.
Facebook page “Organic Farm Ohkajhu”,,https://www.facebook.com/profile.php?id=100090291617741,Thailand - Securities and Exchange Commission,https://web-invpublic.sec.or.th/e/2738/2568,2025-07-24,39619,39619,,2025-07-23,2025-07-24,2025-07-24,https://web-invpublic.sec.or.th/e/2738/2568,Facebook page “Organic Farm Ohkajhu”,https://www.facebook.com/profile.php?id=100090291617741,https://www.facebook.com/ads/library/?id=3328857243946039,Other,This account is not affiliated with any businesses licensed or regulated by the SEC Thailand. Kindly be cautious with your investments.
Facebook page “ออร์แกนิกดีต่อสุขภาพ”,,https://www.facebook.com/profile.php?id=61551450880524,Thailand - Securities and Exchange Commission,https://web-invpublic.sec.or.th/e/2737/2568,2025-07-24,39618,39618,,2025-07-23,2025-07-24,2025-07-24,https://web-invpublic.sec.or.th/e/2737/2568,Facebook page “ออร์แกนิกดีต่อสุขภาพ”,https://www.facebook.com/profile.php?id=61551450880524,https://www.facebook.com/61551450880524/videos/612080385244219,Other,This account is not affiliated with any businesses licensed or regulated by the SEC Thailand. Kindly be cautious with your investments.
Facebook page “ยีราฟพารวย V.2”,,https://www.facebook.com/profile.php?id=61578247812136,Thailand - Securities and Exchange Commission,https://web-invpublic.sec.or.th/e/2736/2568,2025-07-24,39617,39617,,2025-07-23,2025-07-24,2025-07-24,https://web-invpublic.sec.or.th/e/2736/2568,Facebook page “ยีราฟพารวย V.2”,https://www.facebook.com/profile.php?id=61578247812136,https://www.facebook.com/61578247812136/posts/122107275338941593/?mibextid=wwXIfr&rdid=jWzNxuAxpXIkGKTp#,Other,This account is not affiliated with any businesses licensed or regulated by the SEC Thailand. Kindly be cautious with your investments.
AlfaFXPro AG / alfafxpro.com,,https://alfafxpro.com/,Switzerland - Swiss Financial Market Supervisory Authority,https://www.finma.ch/en/finma-public/warnungen/warning-list/alfafxpro-ag-alfafxpro-com/,2025-07-24,39616,39616,,2025-07-22,2025-07-24,2025-07-24,https://www.finma.ch/en/finma-public/warnungen/warning-list/alfafxpro-ag-alfafxpro-com/,AlfaFXPro AG / alfafxpro.com,https://alfafxpro.com/,,Other,
dbm.ag,,www.dbm.ag,Switzerland - Swiss Financial Market Supervisory Authority,https://www.finma.ch/en/finma-public/warnungen/warning-list/dbm-ag/,2025-07-24,39615,39615,,2025-07-22,2025-07-24,2025-07-24,https://www.finma.ch/en/finma-public/warnungen/warning-list/dbm-ag/,dbm.ag,www.dbm.ag,,Other,
Tech2Sky Ltd,,,New Zealand - Financial Markets Authority,https://www.fma.govt.nz/library/warnings-and-alerts/tech2sky-ltd/,2025-07-24,39614,39614,,2025-07-22,2025-07-24,2025-07-24,https://www.fma.govt.nz/library/warnings-and-alerts/tech2sky-ltd/,Tech2Sky Ltd,,,Unregistered/Unlicensed entity offering financial products or services,We recommend extreme caution when dealing with Tech2Sky Ltd or its website Tech2Sky.com. Tech2Sky is operating a fake online investment platform.We have received a report from one investor who has been unable to withdraw their investment.Tech2Sky falsely claims to be registered in New Zealand. It is not registered on the New Zealand Companies Register or the Financial Service Providers Register (FSPR). It is not authorised to provide financial products or services in New Zealand.
LuxNordic,,https://lux-nordic.com/,The Netherlands - The Dutch Authority for the Financial Markets,https://www.afm.nl/nl-nl/consumenten/waarschuwingen/bekijk-de-waarschuwingen/boilerroom/luxnordic,2025-07-22,39613,39613,,2025-07-22,2025-07-22,2025-07-22,https://www.afm.nl/nl-nl/consumenten/waarschuwingen/bekijk-de-waarschuwingen/boilerroom/luxnordic,LuxNordic,https://lux-nordic.com/,,Fraud and Other Types of Misconduct,"The Netherlands Authority for the Financial Markets (AFM) warns consumers not to respond to offers from LuxNordic. This company is a suspected boiler room, a form of online investment fraud.  LuxNordic has approached persons without being asked, to offer them investment proposals. A boiler room is a collective term for fraudulent individuals and organizations using clever salespeople to call potential investors to pressure them into buying shares that promise high returns (cold calling). In reality the shares are either worthless or non-existent. The AFM has established that  LuxNordic does not have an AFM license or a European Passport."
Dudez,,https://www.dudezfirm.com/,The Netherlands - The Dutch Authority for the Financial Markets,https://www.afm.nl/nl-nl/consumenten/waarschuwingen/bekijk-de-waarschuwingen/boilerroom/dudez,2025-07-22,39612,39612,,2025-07-22,2025-07-22,2025-07-22,https://www.afm.nl/nl-nl/consumenten/waarschuwingen/bekijk-de-waarschuwingen/boilerroom/dudez,Dudez,https://www.dudezfirm.com/,,Fraud and Other Types of Misconduct,"The Netherlands Authority for the Financial Markets (AFM) warns consumers not to respond to offers from Dudez. This company is a suspected boiler room, a form of online investment fraud.  Dudez has approached persons without being asked, to offer them investment proposals. A boiler room is a collective term for fraudulent individuals and organizations using clever salespeople to call potential investors to pressure them into buying shares that promise high returns (cold calling). In reality the shares are either worthless or non-existent. The AFM has established that  Dudez does not have an AFM license or a European Passport."
