Name_company,Corporate Name,site_url,Authority_Name,Authority_link,date,id,Warning ID,NCA,Date Published At NCA,Date Published At IOSCO,Last Updated,NCA URL,Commercial Name,URL,Other URL,Category,Additional Information
UTForex,,utforex.net,United Kingdom - Financial Conduct Authority,https://www.fca.org.uk/news/warnings/utforex,2025-08-01,39775,39775,,2025-07-31,2025-08-01,2025-08-01,https://www.fca.org.uk/news/warnings/utforex,UTForex,utforex.net,,Unregistered/Unlicensed entity offering financial products or services,
Cryptonite AI,,https://cryptonite-ai.net,United Kingdom - Financial Conduct Authority,https://www.fca.org.uk/news/warnings/cryptonite-ai,2025-08-01,39774,39774,,2025-07-31,2025-08-01,2025-08-01,https://www.fca.org.uk/news/warnings/cryptonite-ai,Cryptonite AI,https://cryptonite-ai.net,,Unregistered/Unlicensed entity offering financial products or services,
Facebook page “Amazon Café Certified Premium”,,https://www.facebook.com/profile.php?id=100090259233446,Thailand - Securities and Exchange Commission,https://web-invpublic.sec.or.th/e/2802/2568,2025-08-01,39773,39773,,2025-07-31,2025-08-01,2025-08-01,https://web-invpublic.sec.or.th/e/2802/2568,Facebook page “Amazon Café Certified Premium”,https://www.facebook.com/profile.php?id=100090259233446,https://www.facebook.com/100090259233446/videos/1432497754466648,Other,This account is not affiliated with any businesses licensed or regulated by the SEC Thailand. Kindly be cautious with your investments.
Facebook page “ฟาร์มออร์เเกนิก”,,https://www.facebook.com/farmorganig.okj,Thailand - Securities and Exchange Commission,https://web-invpublic.sec.or.th/e/2800/2568,2025-08-01,39772,39772,,2025-07-31,2025-08-01,2025-08-01,https://web-invpublic.sec.or.th/e/2800/2568,Facebook page “ฟาร์มออร์เเกนิก”,https://www.facebook.com/farmorganig.okj,https://www.facebook.com/farmorganig.okj/videos/2633748286956404,Other,This account is not affiliated with any businesses licensed or regulated by the SEC Thailand. Kindly be cautious with your investments.
Line “วทัญ จิตต์สมนึก”,,https://line.me/ti/p/HhBW8C6_DB,Thailand - Securities and Exchange Commission,https://web-invpublic.sec.or.th/e/2801/2568,2025-08-01,39771,39771,,2025-07-31,2025-08-01,2025-08-01,https://web-invpublic.sec.or.th/e/2801/2568,Line “วทัญ จิตต์สมนึก”,https://line.me/ti/p/HhBW8C6_DB,,Other,This account is not affiliated with any businesses licensed or regulated by the SEC Thailand. Kindly be cautious with your investments.
EdealFX,,https://edealfx.net,United Kingdom - Financial Conduct Authority,https://www.fca.org.uk/news/warnings/edealfx,2025-08-01,39770,39770,,2025-07-29,2025-08-01,2025-08-01,https://www.fca.org.uk/news/warnings/edealfx,EdealFX,https://edealfx.net,,Unregistered/Unlicensed entity offering financial products or services,
Malbit succestrade,,,United Kingdom - Financial Conduct Authority,https://www.fca.org.uk/news/warnings/malbit-succestrade,2025-08-01,39769,39769,,2025-07-30,2025-08-01,2025-08-01,https://www.fca.org.uk/news/warnings/malbit-succestrade,Malbit succestrade,,,Unregistered/Unlicensed entity offering financial products or services,
Power Trades,,https://powertrades.net,United Kingdom - Financial Conduct Authority,https://www.fca.org.uk/news/warnings/power-trades,2025-08-01,39768,39768,,2025-07-29,2025-08-01,2025-08-01,https://www.fca.org.uk/news/warnings/power-trades,Power Trades,https://powertrades.net,,Unregistered/Unlicensed entity offering financial products or services,
Trade Elvioris,,https://trade-elvioris.net,United Kingdom - Financial Conduct Authority,https://www.fca.org.uk/news/warnings/trade-elvioris,2025-08-01,39767,39767,,2025-07-29,2025-08-01,2025-08-01,https://www.fca.org.uk/news/warnings/trade-elvioris,Trade Elvioris,https://trade-elvioris.net,,Unregistered/Unlicensed entity offering financial products or services,
SyndariTrader,,www.syndaritraderapp.net,United Kingdom - Financial Conduct Authority,https://www.fca.org.uk/news/warnings/syndaritrader,2025-08-01,39766,39766,,2025-07-29,2025-08-01,2025-08-01,https://www.fca.org.uk/news/warnings/syndaritrader,SyndariTrader,www.syndaritraderapp.net,,Unregistered/Unlicensed entity offering financial products or services,
eaonlinetrade.net,,https://eaonlinetrade.net,United Kingdom - Financial Conduct Authority,https://www.fca.org.uk/news/warnings/eaonlinetradenet,2025-08-01,39765,39765,,2025-07-30,2025-08-01,2025-08-01,https://www.fca.org.uk/news/warnings/eaonlinetradenet,eaonlinetrade.net,https://eaonlinetrade.net,,Unregistered/Unlicensed entity offering financial products or services,
BlitzTradePoint,,www.blitztradepoint.net,United Kingdom - Financial Conduct Authority,https://www.fca.org.uk/news/warnings/blitztradepoint,2025-08-01,39764,39764,,2025-07-29,2025-08-01,2025-08-01,https://www.fca.org.uk/news/warnings/blitztradepoint,BlitzTradePoint,www.blitztradepoint.net,,Unregistered/Unlicensed entity offering financial products or services,
West Bank Tradingwestbank.trading,,https://www.facebook.com/people/West-Bank-Trading/61562847942610/,Palestine - Palestine Capital Market Authority,https://www.pcma.ps/wp-content/uploads/2025/07/%D9%85%D9%86%D8%B5%D8%A7%D8%AA-%D8%BA%D9%8A%D8%B1-%D9%85%D8%B1%D8%AE%D8%B5%D8%A9-11072025.pdf,2025-08-01,39763,39763,,2025-07-31,2025-08-01,2025-08-01,https://www.pcma.ps/wp-content/uploads/2025/07/%D9%85%D9%86%D8%B5%D8%A7%D8%AA-%D8%BA%D9%8A%D8%B1-%D9%85%D8%B1%D8%AE%D8%B5%D8%A9-11072025.pdf,West Bank Trading,https://www.facebook.com/people/West-Bank-Trading/61562847942610/,https://www.instagram.com/Westbank.trading/#,Unregistered/Unlicensed entity offering financial products or services,
Visioneers.ltd,,https://www.facebook.com/Visioneers.Ltd,Palestine - Palestine Capital Market Authority,https://www.pcma.ps/wp-content/uploads/2025/07/%D9%85%D9%86%D8%B5%D8%A7%D8%AA-%D8%BA%D9%8A%D8%B1-%D9%85%D8%B1%D8%AE%D8%B5%D8%A9-11072025.pdf,2025-08-01,39762,39762,,2025-07-31,2025-08-01,2025-08-01,https://www.pcma.ps/wp-content/uploads/2025/07/%D9%85%D9%86%D8%B5%D8%A7%D8%AA-%D8%BA%D9%8A%D8%B1-%D9%85%D8%B1%D8%AE%D8%B5%D8%A9-11072025.pdf,Visioneers.ltd,https://www.facebook.com/Visioneers.Ltd,,Unregistered/Unlicensed entity offering financial products or services,
tradingpal_ltd,,https://www.instagram.com/p/C4qeCnBsQR-/,Palestine - Palestine Capital Market Authority,https://www.pcma.ps/wp-content/uploads/2025/07/%D9%85%D9%86%D8%B5%D8%A7%D8%AA-%D8%BA%D9%8A%D8%B1-%D9%85%D8%B1%D8%AE%D8%B5%D8%A9-11072025.pdf,2025-08-01,39761,39761,,2025-07-31,2025-08-01,2025-08-01,https://www.pcma.ps/wp-content/uploads/2025/07/%D9%85%D9%86%D8%B5%D8%A7%D8%AA-%D8%BA%D9%8A%D8%B1-%D9%85%D8%B1%D8%AE%D8%B5%D8%A9-11072025.pdf,tradingpal_ltd,https://www.instagram.com/p/C4qeCnBsQR-/,,Unregistered/Unlicensed entity offering financial products or services,
Trading Tools,,https://www.facebook.com/profile.php?id=100063923536972,Palestine - Palestine Capital Market Authority,https://www.pcma.ps/wp-content/uploads/2025/07/%D9%85%D9%86%D8%B5%D8%A7%D8%AA-%D8%BA%D9%8A%D8%B1-%D9%85%D8%B1%D8%AE%D8%B5%D8%A9-11072025.pdf,2025-08-01,39760,39760,,,2025-08-01,2025-08-01,https://www.pcma.ps/wp-content/uploads/2025/07/%D9%85%D9%86%D8%B5%D8%A7%D8%AA-%D8%BA%D9%8A%D8%B1-%D9%85%D8%B1%D8%AE%D8%B5%D8%A9-11072025.pdf,Trading Tools,https://www.facebook.com/profile.php?id=100063923536972,,Unregistered/Unlicensed entity offering financial products or services,
t4t.pal,,https://www.instagram.com/t4t.pal/,Palestine - Palestine Capital Market Authority,https://www.pcma.ps/wp-content/uploads/2025/07/%D9%85%D9%86%D8%B5%D8%A7%D8%AA-%D8%BA%D9%8A%D8%B1-%D9%85%D8%B1%D8%AE%D8%B5%D8%A9-11072025.pdf,2025-08-01,39759,39759,,,2025-08-01,2025-08-01,https://www.pcma.ps/wp-content/uploads/2025/07/%D9%85%D9%86%D8%B5%D8%A7%D8%AA-%D8%BA%D9%8A%D8%B1-%D9%85%D8%B1%D8%AE%D8%B5%D8%A9-11072025.pdf,t4t.pal,https://www.instagram.com/t4t.pal/,,Unregistered/Unlicensed entity offering financial products or services,
Smart Trading,Smart Trading,https://www.facebook.com/profile.php?id=61569308753753,Palestine - Palestine Capital Market Authority,https://www.pcma.ps/wp-content/uploads/2025/07/%D9%85%D9%86%D8%B5%D8%A7%D8%AA-%D8%BA%D9%8A%D8%B1-%D9%85%D8%B1%D8%AE%D8%B5%D8%A9-11072025.pdf,2025-08-01,39758,39758,,,2025-08-01,2025-08-01,https://www.pcma.ps/wp-content/uploads/2025/07/%D9%85%D9%86%D8%B5%D8%A7%D8%AA-%D8%BA%D9%8A%D8%B1-%D9%85%D8%B1%D8%AE%D8%B5%D8%A9-11072025.pdf,Smart Trading,https://www.facebook.com/profile.php?id=61569308753753,,Unregistered/Unlicensed entity offering financial products or services,
palestine.forexpalestineforex,,https://www.instagram.com/palestine.forex/,Palestine - Palestine Capital Market Authority,https://www.pcma.ps/wp-content/uploads/2025/07/%D9%85%D9%86%D8%B5%D8%A7%D8%AA-%D8%BA%D9%8A%D8%B1-%D9%85%D8%B1%D8%AE%D8%B5%D8%A9-11072025.pdf,2025-08-01,39757,39757,,,2025-08-01,2025-08-01,https://www.pcma.ps/wp-content/uploads/2025/07/%D9%85%D9%86%D8%B5%D8%A7%D8%AA-%D8%BA%D9%8A%D8%B1-%D9%85%D8%B1%D8%AE%D8%B5%D8%A9-11072025.pdf,palestine.forex,https://www.instagram.com/palestine.forex/,https://www.instagram.com/palestineforex/,Unregistered/Unlicensed entity offering financial products or services,
newtlife,,https://www.instagram.com/p/C6uGNQurENv/?igsh=b3RmYTZmaWJ4cGh6,Palestine - Palestine Capital Market Authority,https://www.pcma.ps/wp-content/uploads/2025/07/%D9%85%D9%86%D8%B5%D8%A7%D8%AA-%D8%BA%D9%8A%D8%B1-%D9%85%D8%B1%D8%AE%D8%B5%D8%A9-11072025.pdf,2025-08-01,39756,39756,,,2025-08-01,2025-08-01,https://www.pcma.ps/wp-content/uploads/2025/07/%D9%85%D9%86%D8%B5%D8%A7%D8%AA-%D8%BA%D9%8A%D8%B1-%D9%85%D8%B1%D8%AE%D8%B5%D8%A9-11072025.pdf,newtlife,https://www.instagram.com/p/C6uGNQurENv/?igsh=b3RmYTZmaWJ4cGh6,,Unregistered/Unlicensed entity offering financial products or services,
