Name_company,Corporate Name,site_url,Authority_Name,Authority_link,date,id,Warning ID,NCA,Date Published At NCA,Date Published At IOSCO,Last Updated,NCA URL,Commercial Name,URL,Other URL,Category,Additional Information
ELITEGLOBALFX,,https://eliteglobalfx.com/,Spain - Comisión Nacional del Mercado de Valores,https://www.cnmv.es/portal/resultadobusqueda.aspx?tipo=1&idAdv=5141,2025-07-21,39570,39570,,2025-07-21,2025-07-21,2025-07-21,https://www.cnmv.es/portal/resultadobusqueda.aspx?tipo=1&idAdv=5141,ELITEGLOBALFX,https://eliteglobalfx.com/,,Unregistered/Unlicensed entity offering financial products or services,
HOXTON CAPITALS,,https://hoxtoncapitals.com/,Spain - Comisión Nacional del Mercado de Valores,https://www.cnmv.es/portal/resultadobusqueda.aspx?tipo=1&idAdv=5142,2025-07-21,39569,39569,,2025-07-21,2025-07-21,2025-07-21,https://www.cnmv.es/portal/resultadobusqueda.aspx?tipo=1&idAdv=5142,HOXTON CAPITALS,https://hoxtoncapitals.com/,,Unregistered/Unlicensed entity offering financial products or services,
FIRSTRADERS,,https://firstraders.com,Spain - Comisión Nacional del Mercado de Valores,https://www.cnmv.es/portal/resultadobusqueda.aspx?tipo=1&idAdv=5143,2025-07-21,39568,39568,,2025-07-21,2025-07-21,2025-07-21,https://www.cnmv.es/portal/resultadobusqueda.aspx?tipo=1&idAdv=5143,FIRSTRADERS,https://firstraders.com,,Unregistered/Unlicensed entity offering financial products or services,
ZENITH GLOBAL VENTURE,,https://zenithglobalventure.com,Spain - Comisión Nacional del Mercado de Valores,https://www.cnmv.es/portal/resultadobusqueda.aspx?tipo=1&idAdv=5144,2025-07-21,39567,39567,,2025-07-21,2025-07-21,2025-07-21,https://www.cnmv.es/portal/resultadobusqueda.aspx?tipo=1&idAdv=5144,ZENITH GLOBAL VENTURE,https://zenithglobalventure.com,,Unregistered/Unlicensed entity offering financial products or services,
SWAPFXTRADE,,https://swapfxtrade.net/,Spain - Comisión Nacional del Mercado de Valores,https://www.cnmv.es/portal/resultadobusqueda.aspx?tipo=1&idAdv=5145,2025-07-21,39566,39566,,2025-07-21,2025-07-21,2025-07-21,https://www.cnmv.es/portal/resultadobusqueda.aspx?tipo=1&idAdv=5145,SWAPFXTRADE,https://swapfxtrade.net/,,Unregistered/Unlicensed entity offering financial products or services,
GAIN WHEAL FUNDS,,https://gainwhealfundslimited.com/,Spain - Comisión Nacional del Mercado de Valores,https://www.cnmv.es/portal/resultadobusqueda.aspx?tipo=1&idAdv=5146,2025-07-21,39565,39565,,2025-07-21,2025-07-21,2025-07-21,https://www.cnmv.es/portal/resultadobusqueda.aspx?tipo=1&idAdv=5146,GAIN WHEAL FUNDS,https://gainwhealfundslimited.com/,,Unregistered/Unlicensed entity offering financial products or services,
AI-MININGEX,,https://aiminingex.com/,Spain - Comisión Nacional del Mercado de Valores,https://www.cnmv.es/portal/resultadobusqueda.aspx?tipo=1&idAdv=5147,2025-07-21,39564,39564,,2025-07-21,2025-07-21,2025-07-21,https://www.cnmv.es/portal/resultadobusqueda.aspx?tipo=1&idAdv=5147,AI-MININGEX,https://aiminingex.com/,,Unregistered/Unlicensed entity offering financial products or services,
North Elvox,,https://north-elvox.com,British Columbia - British Columbia Securities Commission,https://www.bcsc.bc.ca/enforcement/early-intervention/investment-caution-list/2025/north-elvox,2025-07-21,39563,39563,,2025-07-18,2025-07-21,2025-07-21,https://www.bcsc.bc.ca/enforcement/early-intervention/investment-caution-list/2025/north-elvox,North Elvox,https://north-elvox.com,,Unregistered/Unlicensed entity offering financial products or services,
SM Trading Center,,https://smtradingcenter.com,British Columbia - British Columbia Securities Commission,https://www.bcsc.bc.ca/enforcement/early-intervention/investment-caution-list/2025/sm-trading-center,2025-07-21,39562,39562,,2025-07-16,2025-07-21,2025-07-21,https://www.bcsc.bc.ca/enforcement/early-intervention/investment-caution-list/2025/sm-trading-center,SM Trading Center,https://smtradingcenter.com,,Unregistered/Unlicensed entity offering financial products or services,
Ally Fortress,,https://www.allyfortress.com,British Columbia - British Columbia Securities Commission,https://www.bcsc.bc.ca/enforcement/early-intervention/investment-caution-list/2025/ally-fortress,2025-07-21,39561,39561,,2025-07-16,2025-07-21,2025-07-21,https://www.bcsc.bc.ca/enforcement/early-intervention/investment-caution-list/2025/ally-fortress,Ally Fortress,https://www.allyfortress.com,,Unregistered/Unlicensed entity offering financial products or services,
Rock Trading INC,,https://rocktradinginc.com/,The Netherlands - The Dutch Authority for the Financial Markets,https://www.afm.nl/nl-nl/consumenten/waarschuwingen/bekijk-de-waarschuwingen/boilerroom/rock-trading-inc,2025-07-21,39560,39560,,2025-07-21,2025-07-21,2025-07-21,https://www.afm.nl/nl-nl/consumenten/waarschuwingen/bekijk-de-waarschuwingen/boilerroom/rock-trading-inc,Rock Trading INC,https://rocktradinginc.com/,,Fraud and Other Types of Misconduct,"The Netherlands Authority for the Financial Markets (AFM) warns consumers not to respond to offers from Rock Trading INC. This company is a suspected boiler room, a form of online investment fraud. Rock Trading INC has approached persons without being asked, to offer them investment proposals. A boiler room is a collective term for fraudulent individuals and organizations using clever salespeople to call potential investors to pressure them into buying shares that promise high returns (cold calling). In reality the shares are either worthless or non-existent. The AFM has established that Rock Trading INC does not have an AFM license or a European Passport."
Nic Trading Limited,,https://nictrd.com,The Netherlands - The Dutch Authority for the Financial Markets,https://www.afm.nl/nl-nl/consumenten/waarschuwingen/bekijk-de-waarschuwingen/boilerroom/nic-trading-limited,2025-07-21,39559,39559,,2025-07-17,2025-07-21,2025-07-21,https://www.afm.nl/nl-nl/consumenten/waarschuwingen/bekijk-de-waarschuwingen/boilerroom/nic-trading-limited,Nic Trading Limited,https://nictrd.com,,Fraud and Other Types of Misconduct,"The Netherlands Authority for the Financial Markets (AFM) warns consumers not to respond to offers from Nic Trading Limited. This company is a suspected boiler room, a form of online investment fraud. Nic Trading Limited has approached persons without being asked, to offer them investment proposals. A boiler room is a collective term for fraudulent individuals and organizations using clever salespeople to call potential investors to pressure them into buying shares that promise high returns (cold calling). In reality the shares are either worthless or non-existent. The AFM has established that Nic Trading Limited does not have an AFM license or a European Passport."
"Line/website/application ""Stock Talk Thailand""",,http://cstsecurities.com/,Thailand - Securities and Exchange Commission,https://web-invpublic.sec.or.th/e/2717/2568,2025-07-21,39558,39558,,2025-07-21,2025-07-21,2025-07-22,https://web-invpublic.sec.or.th/e/2717/2568,"Line/website/application ""Stock Talk Thailand""",http://cstsecurities.com/,,Other,This account is not affiliated with any businesses licensed or regulated by the SEC Thailand. Kindly be cautious with your investments.
Facebook page “ฟาร์มผักออแกนิกส์เพื่อคนรักสุขภาพ”,,https://www.facebook.com/profile.php?id=61578611396908,Thailand - Securities and Exchange Commission,https://web-invpublic.sec.or.th/e/2716/2568,2025-07-21,39557,39557,,2025-07-21,2025-07-21,2025-07-21,https://web-invpublic.sec.or.th/e/2716/2568,Facebook page “ฟาร์มผักออแกนิกส์เพื่อคนรักสุขภาพ”,https://www.facebook.com/profile.php?id=61578611396908,https://www.facebook.com/ads/library/?id=1239874234046889,Other,This account is not affiliated with any businesses licensed or regulated by the SEC Thailand. Kindly be cautious with your investments.
Maxtechoptions,,maxtechoptions.com,United Kingdom - Financial Conduct Authority,https://www.fca.org.uk/news/warnings/maxtechfxoptions,2025-07-21,39556,39556,,2025-07-18,2025-07-21,2025-07-21,https://www.fca.org.uk/news/warnings/maxtechfxoptions,Maxtechoptions,maxtechoptions.com,,Unregistered/Unlicensed entity offering financial products or services,
Facebook page “OHkad-สวนผักออแกนิค”,,https://www.facebook.com/profile.php?id=61578135136134,Thailand - Securities and Exchange Commission,https://web-invpublic.sec.or.th/e/2715/2568,2025-07-21,39555,39555,,2025-07-21,2025-07-21,2025-07-21,https://web-invpublic.sec.or.th/e/2715/2568,Facebook page “OHkad-สวนผักออแกนิค”,https://www.facebook.com/profile.php?id=61578135136134,https://www.facebook.com/ads/library/?id=1489859245506715,Other,This account is not affiliated with any businesses licensed or regulated by the SEC Thailand. Kindly be cautious with your investments.
Facebook page “Organic-ปลูกผักเพราะรักแม่”,,https://www.facebook.com/profile.php?id=61578108857693,Thailand - Securities and Exchange Commission,https://web-invpublic.sec.or.th/e/2714/2568,2025-07-21,39554,39554,,2025-07-21,2025-07-21,2025-07-21,https://web-invpublic.sec.or.th/e/2714/2568,Facebook page “Organic-ปลูกผักเพราะรักแม่”,https://www.facebook.com/profile.php?id=61578108857693,https://www.facebook.com/ads/library/?id=1147316077431461,Other,This account is not affiliated with any businesses licensed or regulated by the SEC Thailand. Kindly be cautious with your investments.
Facebook page “บ้านผักออร์แกนิก”,,https://www.facebook.com/profile.php?id=100086051049313,Thailand - Securities and Exchange Commission,https://web-invpublic.sec.or.th/e/2713/2568,2025-07-21,39553,39553,,2025-07-21,2025-07-21,2025-07-21,https://web-invpublic.sec.or.th/e/2713/2568,Facebook page “บ้านผักออร์แกนิก”,https://www.facebook.com/profile.php?id=100086051049313,https://www.facebook.com/100086051049313/posts/736678419210520/?mibextid=wwXIfr&rdid=Gxnl9XeMkYczOAYe#,Other,This account is not affiliated with any businesses licensed or regulated by the SEC Thailand. Kindly be cautious with your investments.
Facebook page “OH KAD”,,https://www.facebook.com/profile.php?id=61578789530481,Thailand - Securities and Exchange Commission,https://web-invpublic.sec.or.th/e/2712/2568,2025-07-21,39552,39552,,2025-07-21,2025-07-21,2025-07-21,https://web-invpublic.sec.or.th/e/2712/2568,Facebook page “OH KAD”,https://www.facebook.com/profile.php?id=61578789530481,https://www.facebook.com/ads/library/?id=1952579465501273,Other,This account is not affiliated with any businesses licensed or regulated by the SEC Thailand. Kindly be cautious with your investments.
Facebook page “ปลูกผักเพราะรักเเม่.โอ้กะจู๋”,,https://www.facebook.com/profile.php?id=61550615793046,Thailand - Securities and Exchange Commission,https://web-invpublic.sec.or.th/e/2711/2568,2025-07-21,39551,39551,,2025-07-21,2025-07-21,2025-07-21,https://web-invpublic.sec.or.th/e/2711/2568,Facebook page “ปลูกผักเพราะรักเเม่.โอ้กะจู๋”,https://www.facebook.com/profile.php?id=61550615793046,https://www.facebook.com/ads/library/?id=1242121604375607,Other,This account is not affiliated with any businesses licensed or regulated by the SEC Thailand. Kindly be cautious with your investments.
