Name_company,Corporate Name,site_url,Authority_Name,Authority_link,date,id,Warning ID,NCA,Date Published At NCA,Date Published At IOSCO,Last Updated,NCA URL,Commercial Name,URL,Other URL,Category,Additional Information
Safestaker.com,,safestaker.com,United Kingdom - Financial Conduct Authority,https://www.fca.org.uk/news/warnings/safestakercom,2025-07-21,39469,39469,,2025-07-18,2025-07-21,2025-07-21,https://www.fca.org.uk/news/warnings/safestakercom,Safestaker.com,safestaker.com,,Unregistered/Unlicensed entity offering financial products or services,
Top Exchange Investment,,topexchangeinvestment.pro,United Kingdom - Financial Conduct Authority,https://www.fca.org.uk/news/warnings/top-exchange-investment,2025-07-21,39468,39468,,2025-07-18,2025-07-21,2025-07-21,https://www.fca.org.uk/news/warnings/top-exchange-investment,Top Exchange Investment,topexchangeinvestment.pro,,Unregistered/Unlicensed entity offering financial products or services,
Facebook page “โอ๊กะจู๋.ฟาร์มออร์เเกนิก”,,https://www.facebook.com/profile.php?id=61550495142589,Thailand - Securities and Exchange Commission,https://web-invpublic.sec.or.th/e/2702/2568,2025-07-21,39467,39467,,2025-07-18,2025-07-21,2025-07-21,https://web-invpublic.sec.or.th/e/2702/2568,Facebook page “โอ๊กะจู๋.ฟาร์มออร์เเกนิก”,https://www.facebook.com/profile.php?id=61550495142589,https://www.facebook.com/photo/?fbid=122259825278016504&set=a.122259825338016504,Other,This account is not affiliated with any businesses licensed or regulated by the SEC Thailand. Kindly be cautious with your investments.
Facebook page “Organic Salad”,,https://www.facebook.com/profile.php?id=61550111027712,Thailand - Securities and Exchange Commission,https://web-invpublic.sec.or.th/e/2701/2568,2025-07-21,39466,39466,,2025-07-18,2025-07-21,2025-07-21,https://web-invpublic.sec.or.th/e/2701/2568,Facebook page “Organic Salad”,https://www.facebook.com/profile.php?id=61550111027712,https://www.facebook.com/61550111027712/videos/1470949957669585,Other,This account is not affiliated with any businesses licensed or regulated by the SEC Thailand. Kindly be cautious with your investments.
Facebook page “โอ้กาดออแกนิค”,,https://www.facebook.com/profile.php?id=61578557488797,Thailand - Securities and Exchange Commission,https://web-invpublic.sec.or.th/e/2700/2568,2025-07-21,39465,39465,,2025-07-18,2025-07-21,2025-07-21,https://web-invpublic.sec.or.th/e/2700/2568,Facebook page “โอ้กาดออแกนิค”,https://www.facebook.com/profile.php?id=61578557488797,https://www.facebook.com/permalink.php?story_fbid=pfbid02VZDszWMnuDu3CgyXuF3LKhe2wb3cgHj5te69CtqCKKMBmrNcbuoyPWYLDTNhQf6kl&id=61578557488797,Other,This account is not affiliated with any businesses licensed or regulated by the SEC Thailand. Kindly be cautious with your investments.
Facebook page “Ohkajhu One Bangkok”,,https://www.facebook.com/profile.php?id=61577900897688,Thailand - Securities and Exchange Commission,https://web-invpublic.sec.or.th/e/2699/2568,2025-07-21,39464,39464,,2025-07-18,2025-07-21,2025-07-21,https://web-invpublic.sec.or.th/e/2699/2568,Facebook page “Ohkajhu One Bangkok”,https://www.facebook.com/profile.php?id=61577900897688,https://www.facebook.com/ads/library/?id=4237788493120223,Other,This account is not affiliated with any businesses licensed or regulated by the SEC Thailand. Kindly be cautious with your investments.
Facebook page “สวนผัก โอ้กระจู๋”,,https://www.facebook.com/profile.php?id=61578271326965,Thailand - Securities and Exchange Commission,https://web-invpublic.sec.or.th/e/2698/2568,2025-07-21,39463,39463,,2025-07-18,2025-07-21,2025-07-21,https://web-invpublic.sec.or.th/e/2698/2568,Facebook page “สวนผัก โอ้กระจู๋”,https://www.facebook.com/profile.php?id=61578271326965,https://www.facebook.com/61578271326965/videos/1477999540308168,Other,This account is not affiliated with any businesses licensed or regulated by the SEC Thailand. Kindly be cautious with your investments.
Facebook page “ดวงอาทิตย์”,,https://www.facebook.com/people/%E0%B8%94%E0%B8%A7%E0%B8%87%E0%B8%AD%E0%B8%B2%E0%B8%97%E0%B8%B4%E0%B8%95%E0%B8%A2%E0%B9%8C/100094118498925/#,Thailand - Securities and Exchange Commission,https://web-invpublic.sec.or.th/e/2697/2568,2025-07-21,39462,39462,,2025-07-18,2025-07-21,2025-07-21,https://web-invpublic.sec.or.th/e/2697/2568,Facebook page “ดวงอาทิตย์”,https://www.facebook.com/people/%E0%B8%94%E0%B8%A7%E0%B8%87%E0%B8%AD%E0%B8%B2%E0%B8%97%E0%B8%B4%E0%B8%95%E0%B8%A2%E0%B9%8C/100094118498925/#,https://www.facebook.com/ads/library/?id=1207559724476934,Other,This account is not affiliated with any businesses licensed or regulated by the SEC Thailand. Kindly be cautious with your investments.
Facebook page “คู่มือการลงทุนปี 2025”,,https://www.facebook.com/people/%E0%B8%84%E0%B8%B9%E0%B9%88%E0%B8%A1%E0%B8%B7%E0%B8%AD%E0%B8%81%E0%B8%B2%E0%B8%A3%E0%B8%A5%E0%B8%87%E0%B8%97%E0%B8%B8%E0%B8%99%E0%B8%9B%E0%B8%B5-2025/61578061126190/#,Thailand - Securities and Exchange Commission,https://web-invpublic.sec.or.th/e/2696/2568,2025-07-21,39461,39461,,2025-07-18,2025-07-21,2025-07-21,https://web-invpublic.sec.or.th/e/2696/2568,Facebook page “คู่มือการลงทุนปี 2025”,https://www.facebook.com/people/%E0%B8%84%E0%B8%B9%E0%B9%88%E0%B8%A1%E0%B8%B7%E0%B8%AD%E0%B8%81%E0%B8%B2%E0%B8%A3%E0%B8%A5%E0%B8%87%E0%B8%97%E0%B8%B8%E0%B8%99%E0%B8%9B%E0%B8%B5-2025/61578061126190/#,https://www.facebook.com/ads/library/?id=24780586238197550,Other,This account is not affiliated with any businesses licensed or regulated by the SEC Thailand. Kindly be cautious with your investments.
TikTok account “ohkajhi332”,,https://www.tiktok.com/@ohkajhi332,Thailand - Securities and Exchange Commission,https://web-invpublic.sec.or.th/e/2695/2568,2025-07-21,39460,39460,,2025-07-18,2025-07-21,2025-07-21,https://web-invpublic.sec.or.th/e/2695/2568,TikTok account “ohkajhi332”,https://www.tiktok.com/@ohkajhi332,https://www.tiktok.com/@ohkajhi332/video/7445619020742659336,Other,This account is not affiliated with any businesses licensed or regulated by the SEC Thailand. Kindly be cautious with your investments.
TikTok account “ohkajhu.cfficial”,,https://www.tiktok.com/@ohkajhu.cfficial,Thailand - Securities and Exchange Commission,https://web-invpublic.sec.or.th/e/2694/2568,2025-07-21,39459,39459,,2025-07-18,2025-07-21,2025-07-21,https://web-invpublic.sec.or.th/e/2694/2568,TikTok account “ohkajhu.cfficial”,https://www.tiktok.com/@ohkajhu.cfficial,https://www.tiktok.com/@ohkajhu.cfficial/video/7527297989937761557,Other,This account is not affiliated with any businesses licensed or regulated by the SEC Thailand. Kindly be cautious with your investments.
TikTok account “ohkajhu.official86”,,https://www.tiktok.com/@ohkajhu.official86,Thailand - Securities and Exchange Commission,https://web-invpublic.sec.or.th/e/2693/2568,2025-07-21,39458,39458,,2025-07-18,2025-07-21,2025-07-21,https://web-invpublic.sec.or.th/e/2693/2568,TikTok account “ohkajhu.official86”,https://www.tiktok.com/@ohkajhu.official86,https://www.tiktok.com/@ohkajhu.official86/video/7527296184789028103,Other,This account is not affiliated with any businesses licensed or regulated by the SEC Thailand. Kindly be cautious with your investments.
TikTok account “ohkaj0”,,https://www.tiktok.com/@ohkaj0,Thailand - Securities and Exchange Commission,https://web-invpublic.sec.or.th/e/2692/2568,2025-07-21,39457,39457,,2025-07-18,2025-07-21,2025-07-21,https://web-invpublic.sec.or.th/e/2692/2568,TikTok account “ohkaj0”,https://www.tiktok.com/@ohkaj0,https://www.tiktok.com/@ohkaj0/video/7526571234075692306,Other,This account is not affiliated with any businesses licensed or regulated by the SEC Thailand. Kindly be cautious with your investments.
TikTok account “ohkajhu_45”,,https://www.tiktok.com/@ohkajhu_45,Thailand - Securities and Exchange Commission,https://web-invpublic.sec.or.th/e/2691/2568,2025-07-21,39456,39456,,2025-07-18,2025-07-21,2025-07-21,https://web-invpublic.sec.or.th/e/2691/2568,TikTok account “ohkajhu_45”,https://www.tiktok.com/@ohkajhu_45,https://www.tiktok.com/@ohkajhu_45/video/7527295931973225749,Other,This account is not affiliated with any businesses licensed or regulated by the SEC Thailand. Kindly be cautious with your investments.
TikTok account “ohkajhu162”,,https://www.tiktok.com/@ohkajhu162,Thailand - Securities and Exchange Commission,https://web-invpublic.sec.or.th/e/2690/2568,2025-07-21,39455,39455,,2025-07-18,2025-07-21,2025-07-21,https://web-invpublic.sec.or.th/e/2690/2568,TikTok account “ohkajhu162”,https://www.tiktok.com/@ohkajhu162,https://www.tiktok.com/@ohkajhu162/video/7527289262962756882,Other,This account is not affiliated with any businesses licensed or regulated by the SEC Thailand. Kindly be cautious with your investments.
TikTok account “ohkajhu60”,,https://www.tiktok.com/@ohkajhu60,Thailand - Securities and Exchange Commission,https://web-invpublic.sec.or.th/e/2689/2568,2025-07-21,39454,39454,,2025-07-18,2025-07-21,2025-07-21,https://web-invpublic.sec.or.th/e/2689/2568,TikTok account “ohkajhu60”,https://www.tiktok.com/@ohkajhu60,https://www.tiktok.com/@ohkajhu60/video/7527284735438015762,Other,This account is not affiliated with any businesses licensed or regulated by the SEC Thailand. Kindly be cautious with your investments.
TikTok account “ohkajhuofficial24”,,https://www.tiktok.com/@ohkajhuofficial24,Thailand - Securities and Exchange Commission,https://web-invpublic.sec.or.th/e/2688/2568,2025-07-21,39453,39453,,2025-07-18,2025-07-21,2025-07-21,https://web-invpublic.sec.or.th/e/2688/2568,TikTok account “ohkajhuofficial24”,https://www.tiktok.com/@ohkajhuofficial24,https://www.tiktok.com/@ohkajhuofficial24/video/7527252994476281096,Other,This account is not affiliated with any businesses licensed or regulated by the SEC Thailand. Kindly be cautious with your investments.
TikTok account “ohkajhu542”,,https://www.tiktok.com/@ohkajhu542,Thailand - Securities and Exchange Commission,https://web-invpublic.sec.or.th/e/2687/2568,2025-07-21,39452,39452,,2025-07-18,2025-07-21,2025-07-21,https://web-invpublic.sec.or.th/e/2687/2568,TikTok account “ohkajhu542”,https://www.tiktok.com/@ohkajhu542,https://www.tiktok.com/@ohkajhu542/video/7527291544425008402,Other,This account is not affiliated with any businesses licensed or regulated by the SEC Thailand. Kindly be cautious with your investments.
TikTok account “ohkajhu97564”,,https://www.tiktok.com/@ohkajhu97564,Thailand - Securities and Exchange Commission,https://web-invpublic.sec.or.th/e/2686/2568,2025-07-21,39451,39451,,2025-07-18,2025-07-21,2025-07-21,https://web-invpublic.sec.or.th/e/2686/2568,TikTok account “ohkajhu97564”,https://www.tiktok.com/@ohkajhu97564,https://www.tiktok.com/@ohkajhu97564/video/7527296981190839570,Other,This account is not affiliated with any businesses licensed or regulated by the SEC Thailand. Kindly be cautious with your investments.
Scams impersonating the Financial Markets Authority (FMA),,,New Zealand - Financial Markets Authority,https://www.fma.govt.nz/library/warnings-and-alerts/scams-impersonating-the-fma/,2025-07-21,39450,39450,,2025-07-17,2025-07-21,2025-07-21,https://www.fma.govt.nz/library/warnings-and-alerts/scams-impersonating-the-fma/,Scams impersonating the Financial Markets Authority (FMA),,,Regulator/Government impersonators,We are aware of scammers misusing the name of the FMA to defraud investors. The scammers use fake FMA email addresses and provide fake documents using the FMA’s name and logo to persuade victims to make payments or disclose their personal information.
