Name_company,Corporate Name,site_url,Authority_Name,Authority_link,date,id,Warning ID,NCA,Date Published At NCA,Date Published At IOSCO,Last Updated,NCA URL,Commercial Name,URL,Other URL,Category,Additional Information
elitexchanges.info,,elitexchanges.info,United Kingdom - Financial Conduct Authority,https://www.fca.org.uk/news/warnings/elitexchangesinfo,2025-07-17,39449,39449,,2025-07-17,2025-07-17,2025-07-17,https://www.fca.org.uk/news/warnings/elitexchangesinfo,elitexchanges.info,elitexchanges.info,,Unregistered/Unlicensed entity offering financial products or services,
WealthForge/www.Wealthforge.ltd,,http://wealthforge.ltd/,United Kingdom - Financial Conduct Authority,https://www.fca.org.uk/news/warnings/wealthforge-wwwwealthforgeltd,2025-07-17,39448,39448,,2025-07-17,2025-07-17,2025-07-17,https://www.fca.org.uk/news/warnings/wealthforge-wwwwealthforgeltd,WealthForge/www.Wealthforge.ltd,http://wealthforge.ltd/,,Unregistered/Unlicensed entity offering financial products or services,
Trader Chenix,,https://trader-chenix.net/,United Kingdom - Financial Conduct Authority,https://www.fca.org.uk/news/warnings/trader-chenix,2025-07-17,39447,39447,,2025-07-17,2025-07-17,2025-07-17,https://www.fca.org.uk/news/warnings/trader-chenix,Trader Chenix,https://trader-chenix.net/,https://traderchenix.net/,Unregistered/Unlicensed entity offering financial products or services,
Vortex Tradenex,,https://vortex-tradenex.net/,United Kingdom - Financial Conduct Authority,https://www.fca.org.uk/news/warnings/vortex-tradenex,2025-07-17,39446,39446,,2025-07-17,2025-07-17,2025-07-17,https://www.fca.org.uk/news/warnings/vortex-tradenex,Vortex Tradenex,https://vortex-tradenex.net/,https://vortextradenex.net/,Unregistered/Unlicensed entity offering financial products or services,
Facebook page “Oh-Kad สร้างธุรกิจที่ยั่งยืน”,,https://www.facebook.com/profile.php?id=100070583155499,Thailand - Securities and Exchange Commission,https://web-invpublic.sec.or.th/e/2685/2568,2025-07-17,39445,39445,,2025-07-17,2025-07-17,2025-07-17,https://web-invpublic.sec.or.th/e/2685/2568,Facebook page “Oh-Kad สร้างธุรกิจที่ยั่งยืน”,https://www.facebook.com/profile.php?id=100070583155499,https://www.facebook.com/story.php?story_fbid=769404328755665&id=100070583155499&mibextid=wwXIfr&rdid=au4AnXkkBTlSncoi#,Other,This account is not affiliated with any businesses licensed or regulated by the SEC Thailand. Kindly be cautious with your investments.
Lunovex Trader 4.1,,,United Kingdom - Financial Conduct Authority,https://www.fca.org.uk/news/warnings/lunovex-trader-41,2025-07-17,39444,39444,,2025-07-17,2025-07-17,2025-07-17,https://www.fca.org.uk/news/warnings/lunovex-trader-41,Lunovex Trader 4.1,,,Unregistered/Unlicensed entity offering financial products or services,
Facebook page “ปลูกผักออแกนิคฟาร์มเพราะรักแม่จำกัด”,,https://www.facebook.com/profile.php?id=61578326913014,Thailand - Securities and Exchange Commission,https://web-invpublic.sec.or.th/e/2684/2568,2025-07-17,39443,39443,,2025-07-17,2025-07-17,2025-07-17,https://web-invpublic.sec.or.th/e/2684/2568,Facebook page “ปลูกผักออแกนิคฟาร์มเพราะรักแม่จำกัด”,https://www.facebook.com/profile.php?id=61578326913014,https://www.facebook.com/61578326913014/posts/122100208682944230/?mibextid=wwXIfr&rdid=VWy78D9bmpluT9qw#,Other,This account is not affiliated with any businesses licensed or regulated by the SEC Thailand. Kindly be cautious with your investments.
Power Trades,,,United Kingdom - Financial Conduct Authority,https://www.fca.org.uk/news/warnings/power-trades,2025-07-17,39442,39442,,2025-07-17,2025-07-17,2025-07-17,https://www.fca.org.uk/news/warnings/power-trades,Power Trades,,,Unregistered/Unlicensed entity offering financial products or services,
Facebook page “Oh Juice ปลูกผักระบบออแกนิค ปลอดสารพิษ”,,https://www.facebook.com/profile.php?id=61553005517698,Thailand - Securities and Exchange Commission,https://web-invpublic.sec.or.th/e/2683/2568,2025-07-17,39441,39441,,2025-07-17,2025-07-17,2025-07-17,https://web-invpublic.sec.or.th/e/2683/2568,Facebook page “Oh Juice ปลูกผักระบบออแกนิค ปลอดสารพิษ”,https://www.facebook.com/profile.php?id=61553005517698,https://www.facebook.com/story.php?story_fbid=122210630630100183&id=61553005517698&mibextid=wwXIfr&rdid=tkaePgy5OAgdLaMl#,Other,This account is not affiliated with any businesses licensed or regulated by the SEC Thailand. Kindly be cautious with your investments.
Trading Pro Lexipro,,,United Kingdom - Financial Conduct Authority,https://www.fca.org.uk/news/warnings/trading-pro-lexipro,2025-07-17,39440,39440,,2025-07-17,2025-07-17,2025-07-17,https://www.fca.org.uk/news/warnings/trading-pro-lexipro,Trading Pro Lexipro,,,Unregistered/Unlicensed entity offering financial products or services,
Facebook page “King of Organic Ohkad’s”,,https://www.facebook.com/profile.php?id=100090590754751,Thailand - Securities and Exchange Commission,https://web-invpublic.sec.or.th/e/2682/2568,2025-07-17,39439,39439,,2025-07-17,2025-07-17,2025-07-17,https://web-invpublic.sec.or.th/e/2682/2568,Facebook page “King of Organic Ohkad’s”,https://www.facebook.com/profile.php?id=100090590754751,https://www.facebook.com/100090590754751/videos/1069965001365105,Other,This account is not affiliated with any businesses licensed or regulated by the SEC Thailand. Kindly be cautious with your investments.
Trade App / trade-appai.net,,,United Kingdom - Financial Conduct Authority,https://www.fca.org.uk/news/warnings/trade-app-trade-appainet,2025-07-17,39438,39438,,2025-07-17,2025-07-17,2025-07-17,https://www.fca.org.uk/news/warnings/trade-app-trade-appainet,Trade App / trade-appai.net,,,Unregistered/Unlicensed entity offering financial products or services,
cryptohopperapp.net,,,United Kingdom - Financial Conduct Authority,https://www.fca.org.uk/news/warnings/cryptohopperappnet,2025-07-17,39437,39437,,2025-07-17,2025-07-17,2025-07-17,https://www.fca.org.uk/news/warnings/cryptohopperappnet,cryptohopperapp.net,,,Unregistered/Unlicensed entity offering financial products or services,
Facebook page “Amaz0n Dividend Payout”,,https://www.facebook.com/profile.php?id=100069557869289,Thailand - Securities and Exchange Commission,https://web-invpublic.sec.or.th/e/2681/2568,2025-07-17,39436,39436,,2025-07-17,2025-07-17,2025-07-17,https://web-invpublic.sec.or.th/e/2681/2568,Facebook page “Amaz0n Dividend Payout”,https://www.facebook.com/profile.php?id=100069557869289,https://www.facebook.com/ads/library/?id=24051757174511727,Other,This account is not affiliated with any businesses licensed or regulated by the SEC Thailand. Kindly be cautious with your investments.
Wealth Phantom / wealth-phantom.net,,,United Kingdom - Financial Conduct Authority,https://www.fca.org.uk/news/warnings/wealth-phantom-wealth-phantomnet,2025-07-17,39435,39435,,2025-07-17,2025-07-17,2025-07-17,https://www.fca.org.uk/news/warnings/wealth-phantom-wealth-phantomnet,Wealth Phantom / wealth-phantom.net,,,Unregistered/Unlicensed entity offering financial products or services,
Facebook page “สถานีผัก & คนรักกาแฟ”,,https://www.facebook.com/profile.php?id=100067508048788,Thailand - Securities and Exchange Commission,https://web-invpublic.sec.or.th/e/2680/2568,2025-07-17,39434,39434,,2025-07-17,2025-07-17,2025-07-17,https://web-invpublic.sec.or.th/e/2680/2568,Facebook page “สถานีผัก & คนรักกาแฟ”,https://www.facebook.com/profile.php?id=100067508048788,https://www.facebook.com/100067508048788/videos/1231774555311934,Other,This account is not affiliated with any businesses licensed or regulated by the SEC Thailand. Kindly be cautious with your investments.
Quantum Income / quantum-income.net,,,United Kingdom - Financial Conduct Authority,https://www.fca.org.uk/news/warnings/quantum-income-quantum-incomenet,2025-07-17,39433,39433,,2025-07-17,2025-07-17,2025-07-17,https://www.fca.org.uk/news/warnings/quantum-income-quantum-incomenet,Quantum Income / quantum-income.net,,,Unregistered/Unlicensed entity offering financial products or services,
TradeGPT / tradegpt-ai.net,,,United Kingdom - Financial Conduct Authority,https://www.fca.org.uk/news/warnings/tradegpt-tradegpt-ainet,2025-07-17,39432,39432,,2025-07-17,2025-07-17,2025-07-17,https://www.fca.org.uk/news/warnings/tradegpt-tradegpt-ainet,TradeGPT / tradegpt-ai.net,,,Unregistered/Unlicensed entity offering financial products or services,
Facebook page “ออร์แกนิก สวนผักคุณแม่”,,https://www.facebook.com/profile.php?id=100023463955899,Thailand - Securities and Exchange Commission,https://web-invpublic.sec.or.th/e/2679/2568,2025-07-17,39431,39431,,2025-07-17,2025-07-17,2025-07-17,https://web-invpublic.sec.or.th/e/2679/2568,Facebook page “ออร์แกนิก สวนผักคุณแม่”,https://www.facebook.com/profile.php?id=100023463955899,https://www.facebook.com/ads/library/?id=1282149123506937,Other,This account is not affiliated with any businesses licensed or regulated by the SEC Thailand. Kindly be cautious with your investments.
Accu Trader Plus,,,United Kingdom - Financial Conduct Authority,https://www.fca.org.uk/news/warnings/accu-trader-plus,2025-07-17,39430,39430,,2025-07-17,2025-07-17,2025-07-17,https://www.fca.org.uk/news/warnings/accu-trader-plus,Accu Trader Plus,,,Unregistered/Unlicensed entity offering financial products or services,
