Name_company,Corporate Name,site_url,Authority_Name,Authority_link,date,id,Warning ID,NCA,Date Published At NCA,Date Published At IOSCO,Last Updated,NCA URL,Commercial Name,URL,Other URL,Category,Additional Information
capitaliko.com,,capitaliko.com,France - Autorité des marchés financiers,https://www.amf-france.org/fr/espace-epargnants/proteger-son-epargne/listes-noires-et-mises-en-garde/usurpation/capitalikocom,2025-07-29,39713,39713,,2025-07-29,2025-07-29,2025-07-29,https://www.amf-france.org/fr/espace-epargnants/proteger-son-epargne/listes-noires-et-mises-en-garde/usurpation/capitalikocom,capitaliko.com,capitaliko.com,,Registered/Licensed entity impersonators,
[email protected],,[email protected],France - Autorité des marchés financiers,https://www.amf-france.org/fr/espace-epargnants/proteger-son-epargne/listes-noires-et-mises-en-garde/usurpation/supportcapitalikocom,2025-07-29,39712,39712,,2025-07-29,2025-07-29,2025-07-29,https://www.amf-france.org/fr/espace-epargnants/proteger-son-epargne/listes-noires-et-mises-en-garde/usurpation/supportcapitalikocom,/cdn-cgi/l/email-protection,/cdn-cgi/l/email-protection,,Registered/Licensed entity impersonators,
[email protected],,[email protected],France - Autorité des marchés financiers,https://www.amf-france.org/fr/espace-epargnants/proteger-son-epargne/listes-noires-et-mises-en-garde/usurpation/contactcapitalikocom,2025-07-29,39711,39711,,2025-07-29,2025-07-29,2025-07-29,https://www.amf-france.org/fr/espace-epargnants/proteger-son-epargne/listes-noires-et-mises-en-garde/usurpation/contactcapitalikocom,/cdn-cgi/l/email-protection,/cdn-cgi/l/email-protection,,Registered/Licensed entity impersonators,
elansyvor.fr,,elansyvor.fr,France - Autorité des marchés financiers,https://www.amf-france.org/fr/espace-epargnants/proteger-son-epargne/listes-noires-et-mises-en-garde/crypto-actifs/elansyvorfr,2025-07-29,39710,39710,,2025-07-29,2025-07-29,2025-07-29,https://www.amf-france.org/fr/espace-epargnants/proteger-son-epargne/listes-noires-et-mises-en-garde/crypto-actifs/elansyvorfr,elansyvor.fr,elansyvor.fr,,Unregistered/Unlicensed entity offering financial products or services,Crypto-currencies
Macrocapital,,https://macro-cap.cc/,Romania - Financial Supervisory Authority,https://asfromania.ro/en/a/19/alerte-investitori---informari,2025-07-29,39709,39709,,2025-07-29,2025-07-29,2025-07-29,https://asfromania.ro/en/a/19/alerte-investitori---informari,Macrocapital,https://macro-cap.cc/,https://my.macro-cap.pro,Unregistered/Unlicensed entity offering financial products or services,
Facebook page “การเทรดแบบมืออาชีพเรียนรู้เข้าใจง่าย”,,https://www.facebook.com/profile.php?id=61578321790815,Thailand - Securities and Exchange Commission,https://web-invpublic.sec.or.th/e/2786/2568,2025-07-29,39706,39706,,2025-07-29,2025-07-29,2025-07-29,https://web-invpublic.sec.or.th/e/2786/2568,Facebook page “การเทรดแบบมืออาชีพเรียนรู้เข้าใจง่าย”,https://www.facebook.com/profile.php?id=61578321790815,https://www.facebook.com/ads/library/?id=944049374523885,Other,This account is not affiliated with any businesses licensed or regulated by the SEC Thailand. Kindly be cautious with your investments.
Facebook page “ฟาร์มผักโอ้กะจู๋-สร้างธุรกิจ”,,https://www.facebook.com/profile.php?id=61550411744385,Thailand - Securities and Exchange Commission,https://web-invpublic.sec.or.th/e/2785/2568,2025-07-29,39705,,,,,,,,,,,
Facebook page “สลัดพันล้าน ที่เชื่อมโยงชุมชนสู่เกษตร”,,https://www.facebook.com/profile.php?id=100089709311137,Thailand - Securities and Exchange Commission,https://web-invpublic.sec.or.th/e/2784/2568,2025-07-29,39704,39704,,2025-07-29,2025-07-29,2025-07-29,https://web-invpublic.sec.or.th/e/2784/2568,Facebook page “สลัดพันล้าน ที่เชื่อมโยงชุมชนสู่เกษตร”,https://www.facebook.com/profile.php?id=100089709311137,,Other,This account is not affiliated with any businesses licensed or regulated by the SEC Thailand. Kindly be cautious with your investments.
Facebook page “มือใหม่เทรดกราฟแบบมืออาชีพ”,,https://www.facebook.com/profile.php?id=61578494585543,Thailand - Securities and Exchange Commission,https://web-invpublic.sec.or.th/e/2783/2568,2025-07-29,39703,39703,,2025-07-29,2025-07-29,2025-07-29,https://web-invpublic.sec.or.th/e/2783/2568,Facebook page “มือใหม่เทรดกราฟแบบมืออาชีพ”,https://www.facebook.com/profile.php?id=61578494585543,https://www.facebook.com/61578494585543/videos/1044458747757795,Other,This account is not affiliated with any businesses licensed or regulated by the SEC Thailand. Kindly be cautious with your investments.
Facebook page “Coffee amazon Certified”,,https://www.facebook.com/profile.php?id=61552351266378,Thailand - Securities and Exchange Commission,https://web-invpublic.sec.or.th/e/2782/2568,2025-07-29,39702,39702,,2025-07-29,2025-07-29,2025-07-29,https://web-invpublic.sec.or.th/e/2782/2568,Facebook page “Coffee amazon Certified”,https://www.facebook.com/profile.php?id=61552351266378,https://www.facebook.com/61552351266378/videos/2192087107907766,Other,This account is not affiliated with any businesses licensed or regulated by the SEC Thailand. Kindly be cautious with your investments.
Facebook page “OKJ Forbes Thailand”,,https://www.facebook.com/profile.php?id=61578389771110,Thailand - Securities and Exchange Commission,https://web-invpublic.sec.or.th/e/2781/2568,2025-07-29,39701,39701,,2025-07-29,2025-07-29,2025-07-29,https://web-invpublic.sec.or.th/e/2781/2568,Facebook page “OKJ Forbes Thailand”,https://www.facebook.com/profile.php?id=61578389771110,https://www.facebook.com/61578389771110/videos/4200600803551963,Other,This account is not affiliated with any businesses licensed or regulated by the SEC Thailand. Kindly be cautious with your investments.
Facebook page “Premium amazon certified”,,https://www.facebook.com/profile.php?id=61552700120583,Thailand - Securities and Exchange Commission,https://web-invpublic.sec.or.th/e/2780/2568,2025-07-29,39700,39700,,2025-07-29,2025-07-29,2025-07-29,https://web-invpublic.sec.or.th/e/2780/2568,Facebook page “Premium amazon certified”,https://www.facebook.com/profile.php?id=61552700120583,https://www.facebook.com/61552700120583/videos/1099956728133584,Other,This account is not affiliated with any businesses licensed or regulated by the SEC Thailand. Kindly be cautious with your investments.
Facebook page “ฝ่ายธุรกิจ-ฟาร์มโอ้กะจู๋”,,https://www.facebook.com/profile.php?id=61550812043011,Thailand - Securities and Exchange Commission,https://web-invpublic.sec.or.th/e/2779/2568,2025-08-01,39699,39699,,2025-07-29,2025-08-01,2025-08-01,https://web-invpublic.sec.or.th/e/2779/2568,Facebook page “ฝ่ายธุรกิจ-ฟาร์มโอ้กะจู๋”,https://www.facebook.com/profile.php?id=61550812043011,https://www.facebook.com/photo/?fbid=122255254742027068&set=a.122255254814027068,Other,This account is not affiliated with any businesses licensed or regulated by the SEC Thailand. Kindly be cautious with your investments.
Facebook page “ฟาร์มสุขภาพครอบครัว Ohkajhu”,,https://www.facebook.com/profile.php?id=100068819646863,Thailand - Securities and Exchange Commission,https://web-invpublic.sec.or.th/e/2778/2568,2025-07-29,39698,39698,,2025-07-29,2025-07-29,2025-07-29,https://web-invpublic.sec.or.th/e/2778/2568,Facebook page “ฟาร์มสุขภาพครอบครัว Ohkajhu”,https://www.facebook.com/profile.php?id=100068819646863,https://www.facebook.com/reel/740965542199923,Other,This account is not affiliated with any businesses licensed or regulated by the SEC Thailand. Kindly be cautious with your investments.
SWISS GLOBAL BANK,,"www.swissgbank.com, www.swiss-gb.com",Switzerland - Swiss Financial Market Supervisory Authority,https://www.finma.ch/en/finma-public/warnungen/warning-list/swiss-global-bank/,2025-07-29,39697,39697,,2025-07-28,2025-07-29,2025-07-29,https://www.finma.ch/en/finma-public/warnungen/warning-list/swiss-global-bank/,SWISS GLOBAL BANK,"www.swissgbank.com, www.swiss-gb.com",,Other,
EAST BANQUE DE COMMERCE,,www.eastbanque.com,Switzerland - Swiss Financial Market Supervisory Authority,https://www.finma.ch/en/finma-public/warnungen/warning-list/east-banque-de-commerce/,2025-07-29,39696,39696,,2025-07-28,2025-07-29,2025-07-29,https://www.finma.ch/en/finma-public/warnungen/warning-list/east-banque-de-commerce/,EAST BANQUE DE COMMERCE,www.eastbanque.com,,Other,
Hong Kong Zhitian Capital Group Limited,,,Hong Kong - Securities and Futures Commission,https://www.sfc.hk/en/alert-list/3138,2025-07-29,39695,39695,,2025-07-29,2025-07-29,2025-07-29,https://www.sfc.hk/en/alert-list/3138,Hong Kong Zhitian Capital Group Limited,,www.zhitiancapital.hk,,The company's Hong Kong address belongs to a secretariat company.
Trade 350 App,,https://www.trade350app.net,United Kingdom - Financial Conduct Authority,https://www.fca.org.uk/news/warnings/trade-350-app,2025-07-29,39694,39694,,2025-07-28,2025-07-29,2025-07-29,https://www.fca.org.uk/news/warnings/trade-350-app,Trade 350 App,https://www.trade350app.net,,Unregistered/Unlicensed entity offering financial products or services,
InvestarioX,,https://www.investariox.net,United Kingdom - Financial Conduct Authority,https://www.fca.org.uk/news/warnings/investariox,2025-07-29,39693,39693,,2025-07-28,2025-07-29,2025-07-29,https://www.fca.org.uk/news/warnings/investariox,InvestarioX,https://www.investariox.net,,Unregistered/Unlicensed entity offering financial products or services,
GenixWeb,,,United Kingdom - Financial Conduct Authority,https://www.fca.org.uk/news/warnings/genixweb,2025-07-29,39692,39692,,2025-07-28,2025-07-29,2025-07-29,https://www.fca.org.uk/news/warnings/genixweb,GenixWeb,,,Unregistered/Unlicensed entity offering financial products or services,
