Name_company,Corporate Name,site_url,Authority_Name,Authority_link,date,id,Warning ID,NCA,Date Published At NCA,Date Published At IOSCO,Last Updated,NCA URL,Commercial Name,URL,Other URL,Category,Additional Information
bitaiapp.pro,,bitaiapp.pro,France - Autorité des marchés financiers,https://www.amf-france.org/fr/espace-epargnants/proteger-son-epargne/listes-noires-et-mises-en-garde/usurpation/bitaiapppro,2025-07-21,39489,39489,,2025-07-18,2025-07-21,2025-07-21,https://www.amf-france.org/fr/espace-epargnants/proteger-son-epargne/listes-noires-et-mises-en-garde/usurpation/bitaiapppro,bitaiapp.pro,bitaiapp.pro,,Registered/Licensed entity impersonators,
[email protected],,[email protected],France - Autorité des marchés financiers,https://www.amf-france.org/fr/espace-epargnants/proteger-son-epargne/listes-noires-et-mises-en-garde/usurpation/supportbitaiappcom,2025-07-21,39488,39488,,2025-07-18,2025-07-21,2025-07-21,https://www.amf-france.org/fr/espace-epargnants/proteger-son-epargne/listes-noires-et-mises-en-garde/usurpation/supportbitaiappcom,/cdn-cgi/l/email-protection,/cdn-cgi/l/email-protection,,Registered/Licensed entity impersonators,
[email protected],,[email protected],France - Autorité des marchés financiers,https://www.amf-france.org/fr/espace-epargnants/proteger-son-epargne/listes-noires-et-mises-en-garde/usurpation/tradingroombitaiapppro,2025-07-21,39487,39487,,2025-07-18,2025-07-21,2025-07-21,https://www.amf-france.org/fr/espace-epargnants/proteger-son-epargne/listes-noires-et-mises-en-garde/usurpation/tradingroombitaiapppro,/cdn-cgi/l/email-protection,/cdn-cgi/l/email-protection,,Registered/Licensed entity impersonators,
tax.crypto.com,,tax.crypto.com,France - Autorité des marchés financiers,https://www.amf-france.org/fr/espace-epargnants/proteger-son-epargne/listes-noires-et-mises-en-garde/usurpation/taxcryptocom,2025-07-21,39486,39486,,2025-07-18,2025-07-21,2025-07-21,https://www.amf-france.org/fr/espace-epargnants/proteger-son-epargne/listes-noires-et-mises-en-garde/usurpation/taxcryptocom,tax.crypto.com,tax.crypto.com,,Registered/Licensed entity impersonators,
[email protected],,[email protected],France - Autorité des marchés financiers,https://www.amf-france.org/fr/espace-epargnants/proteger-son-epargne/listes-noires-et-mises-en-garde/usurpation/infocryptocompliancegmailcom,2025-07-21,39485,39485,,2025-07-18,2025-07-21,2025-07-21,https://www.amf-france.org/fr/espace-epargnants/proteger-son-epargne/listes-noires-et-mises-en-garde/usurpation/infocryptocompliancegmailcom,/cdn-cgi/l/email-protection,/cdn-cgi/l/email-protection,,Registered/Licensed entity impersonators,
pré[email protected],,pré[email protected],France - Autorité des marchés financiers,https://www.amf-france.org/fr/espace-epargnants/proteger-son-epargne/listes-noires-et-mises-en-garde/usurpation/prenomnomasset-managementcryptocom,2025-07-21,39484,39484,,2025-07-18,2025-07-21,2025-07-21,https://www.amf-france.org/fr/espace-epargnants/proteger-son-epargne/listes-noires-et-mises-en-garde/usurpation/prenomnomasset-managementcryptocom,/cdn-cgi/l/email-protection,/cdn-cgi/l/email-protection,,Registered/Licensed entity impersonators,
[email protected],,[email protected],France - Autorité des marchés financiers,https://www.amf-france.org/fr/espace-epargnants/proteger-son-epargne/listes-noires-et-mises-en-garde/usurpation/infoproyectofinancieroes,2025-07-21,39483,39483,,2025-07-18,2025-07-21,2025-07-21,https://www.amf-france.org/fr/espace-epargnants/proteger-son-epargne/listes-noires-et-mises-en-garde/usurpation/infoproyectofinancieroes,/cdn-cgi/l/email-protection,/cdn-cgi/l/email-protection,,Registered/Licensed entity impersonators,
[email protected],,[email protected],France - Autorité des marchés financiers,https://www.amf-france.org/fr/espace-epargnants/proteger-son-epargne/listes-noires-et-mises-en-garde/usurpation/rrhhproyectofinancieroes,2025-07-21,39482,39482,,2025-07-18,2025-07-21,2025-07-21,https://www.amf-france.org/fr/espace-epargnants/proteger-son-epargne/listes-noires-et-mises-en-garde/usurpation/rrhhproyectofinancieroes,/cdn-cgi/l/email-protection,/cdn-cgi/l/email-protection,,Registered/Licensed entity impersonators,
[email protected],,[email protected],France - Autorité des marchés financiers,https://www.amf-france.org/fr/espace-epargnants/proteger-son-epargne/listes-noires-et-mises-en-garde/usurpation/legalfinancialopenprojectcom,2025-07-21,39481,39481,,2025-07-18,2025-07-21,2025-07-21,https://www.amf-france.org/fr/espace-epargnants/proteger-son-epargne/listes-noires-et-mises-en-garde/usurpation/legalfinancialopenprojectcom,/cdn-cgi/l/email-protection,/cdn-cgi/l/email-protection,,Registered/Licensed entity impersonators,
nom.pré[email protected],,nom.pré[email protected],France - Autorité des marchés financiers,https://www.amf-france.org/fr/espace-epargnants/proteger-son-epargne/listes-noires-et-mises-en-garde/usurpation/nomprenomgestionfondoendowmentfr,2025-07-21,39480,39480,,2025-07-18,2025-07-21,2025-07-21,https://www.amf-france.org/fr/espace-epargnants/proteger-son-epargne/listes-noires-et-mises-en-garde/usurpation/nomprenomgestionfondoendowmentfr,/cdn-cgi/l/email-protection,/cdn-cgi/l/email-protection,,Registered/Licensed entity impersonators,
[email protected],,[email protected],France - Autorité des marchés financiers,https://www.amf-france.org/fr/espace-epargnants/proteger-son-epargne/listes-noires-et-mises-en-garde/usurpation-amf/amf-francepostcom,2025-07-21,39479,39479,,2025-07-18,2025-07-21,2025-07-21,https://www.amf-france.org/fr/espace-epargnants/proteger-son-epargne/listes-noires-et-mises-en-garde/usurpation-amf/amf-francepostcom,/cdn-cgi/l/email-protection,/cdn-cgi/l/email-protection,,Registered/Licensed entity impersonators,
[email protected],,[email protected],France - Autorité des marchés financiers,https://www.amf-france.org/fr/espace-epargnants/proteger-son-epargne/listes-noires-et-mises-en-garde/usurpation-amf/actioncollective-amfeuropecom,2025-07-21,39478,39478,,2025-07-18,2025-07-21,2025-07-21,https://www.amf-france.org/fr/espace-epargnants/proteger-son-epargne/listes-noires-et-mises-en-garde/usurpation-amf/actioncollective-amfeuropecom,/cdn-cgi/l/email-protection,/cdn-cgi/l/email-protection,,Registered/Licensed entity impersonators,
pré[email protected],,pré[email protected],France - Autorité des marchés financiers,https://www.amf-france.org/fr/espace-epargnants/proteger-son-epargne/listes-noires-et-mises-en-garde/usurpation-amf/prenomnomamfsupcom,2025-07-21,39477,39477,,2025-07-18,2025-07-21,2025-07-21,https://www.amf-france.org/fr/espace-epargnants/proteger-son-epargne/listes-noires-et-mises-en-garde/usurpation-amf/prenomnomamfsupcom,/cdn-cgi/l/email-protection,/cdn-cgi/l/email-protection,,Registered/Licensed entity impersonators,
saranyainvesting.pro,,saranyainvesting.pro,France - Autorité des marchés financiers,https://www.amf-france.org/fr/espace-epargnants/proteger-son-epargne/listes-noires-et-mises-en-garde/usurpation-amf/saranyainvestingpro,2025-07-21,39476,39476,,2025-07-18,2025-07-21,2025-07-21,https://www.amf-france.org/fr/espace-epargnants/proteger-son-epargne/listes-noires-et-mises-en-garde/usurpation-amf/saranyainvestingpro,saranyainvesting.pro,saranyainvesting.pro,,Registered/Licensed entity impersonators,
www.investbook.fr,,www.investbook.fr,France - Autorité des marchés financiers,https://www.amf-france.org/fr/espace-epargnants/proteger-son-epargne/listes-noires-et-mises-en-garde/financement-participatif/wwwinvestbookfr,2025-07-21,39475,39475,,2025-07-18,2025-07-21,2025-07-21,https://www.amf-france.org/fr/espace-epargnants/proteger-son-epargne/listes-noires-et-mises-en-garde/financement-participatif/wwwinvestbookfr,www.investbook.fr,www.investbook.fr,,Unregistered/Unlicensed entity offering financial products or services,Crowdfunding
INVESTROCK TRUSTED INVESTMENT SOLUTIONS,,https://www.investrock.is,United Kingdom - Financial Conduct Authority,https://www.fca.org.uk/news/warnings/investrock-trusted-investment-solutions,2025-07-21,39474,39474,,2025-07-18,2025-07-21,2025-07-21,https://www.fca.org.uk/news/warnings/investrock-trusted-investment-solutions,INVESTROCK TRUSTED INVESTMENT SOLUTIONS,https://www.investrock.is,,Unregistered/Unlicensed entity offering financial products or services,
GS Investment Group,,,Lithuania - Bank of Lithuania,https://www.lb.lt/en/news/lietuvos-bankas-warns-against-unauthorised-activities-of-citadel-coinlink-gs-investment-group-and-tofro,2025-07-21,39473,39473,,2025-07-18,2025-07-21,2025-07-21,https://www.lb.lt/en/news/lietuvos-bankas-warns-against-unauthorised-activities-of-citadel-coinlink-gs-investment-group-and-tofro,GS Investment Group,,,Unregistered/Unlicensed entity offering financial products or services,
Tofro Exchange,,tofro2.com/,Lithuania - Bank of Lithuania,https://www.lb.lt/en/news/lietuvos-bankas-warns-against-unauthorised-activities-of-citadel-coinlink-gs-investment-group-and-tofro,2025-07-21,39472,39472,,2025-07-18,2025-07-21,2025-07-21,https://www.lb.lt/en/news/lietuvos-bankas-warns-against-unauthorised-activities-of-citadel-coinlink-gs-investment-group-and-tofro,Tofro Exchange,tofro2.com/,,Unregistered/Unlicensed entity offering financial products or services,
Coinlink Exchange,,coinlinkexchange.com/#/pages/login/index,Lithuania - Bank of Lithuania,https://www.lb.lt/en/news/lietuvos-bankas-warns-against-unauthorised-activities-of-citadel-coinlink-gs-investment-group-and-tofro,2025-07-21,39471,39471,,2025-07-18,2025-07-21,2025-07-21,https://www.lb.lt/en/news/lietuvos-bankas-warns-against-unauthorised-activities-of-citadel-coinlink-gs-investment-group-and-tofro,Coinlink Exchange,coinlinkexchange.com/#/pages/login/index,,Unregistered/Unlicensed entity offering financial products or services,
Citadel,,o33o.com/#/index,Lithuania - Bank of Lithuania,https://www.lb.lt/en/news/lietuvos-bankas-warns-against-unauthorised-activities-of-citadel-coinlink-gs-investment-group-and-tofro,2025-07-21,39470,39470,,2025-07-18,2025-07-21,2025-07-21,https://www.lb.lt/en/news/lietuvos-bankas-warns-against-unauthorised-activities-of-citadel-coinlink-gs-investment-group-and-tofro,Citadel,o33o.com/#/index,,,
