entity_id,forename,name,date_of_birth,nationalities,thumbnail,images,self_link,sex_id,place_of_birth,country_of_birth,eyes_colors_id,hairs_id,height,weight,languages_spoken_ids,distinguishing_marks,arrest_charge,arrest_issuing_country,arrest_charge_translation
2017/64501,NIKOS,TZORTZAKIS,1953/06/01,"VE, GR",https://ws-public.interpol.int/notices/v1/red/2017-64501/images/60426396,https://ws-public.interpol.int/notices/v1/red/2017-64501/images,https://ws-public.interpol.int/notices/v1/red/2017-64501,M,ATENAS,Greece,['GRE'],['WHI'],1.8,85.0,"SPA, GRE",,"ABUSO SEXUAL A ADOLESCENTE CON PENETRACIÓN CONTINUADO, EN CONCURSO REAL",Venezuela,
2016/41983,IRAKLIY,GAVZYA,1981/08/08,"GR, RU",https://ws-public.interpol.int/notices/v1/red/2016-41983/images/60118318,https://ws-public.interpol.int/notices/v1/red/2016-41983/images,https://ws-public.interpol.int/notices/v1/red/2016-41983,M,SUKHUMI,Georgia,,['OTHD'],0.0,0.0,"RUS, GRE, GEO",,1) organization of attempted illegal drug sale (8 crimes); 2) narcotic drugs smuggling (2 crimes); 3)  organization of narcotic drugs smuggling,Russia,
2015/68587,KONSTANTINOS,NTALAGEORGOS,1968/01/23,GR,,https://ws-public.interpol.int/notices/v1/red/2015-68587/images,https://ws-public.interpol.int/notices/v1/red/2015-68587,M,ATHENS,Greece,,,0.0,0.0,,,First degree homicide committed intenionally,Greece,
2011/31616,YURIY,YANAKOV,1962/09/25,"GR, RU",https://ws-public.interpol.int/notices/v1/red/2011-31616/images/55413027,https://ws-public.interpol.int/notices/v1/red/2011-31616/images,https://ws-public.interpol.int/notices/v1/red/2011-31616,M,TBILISI CITY,Georgia,,['OTHD'],1.7,0.0,"RUS, GRE",,"murder, abduction",Russia,
2011/11313,IRAKLIY,SAVVIDI,1955/05/21,"GR, RU",https://ws-public.interpol.int/notices/v1/red/2011-11313/images/55041955,https://ws-public.interpol.int/notices/v1/red/2011-11313/images,https://ws-public.interpol.int/notices/v1/red/2011-11313,M,TSALKA,Georgia,,,0.0,0.0,,,MURDER,Russia,
2005/51359,SOFIA,ADAMIDI,1956/02/05,"GR, RU",https://ws-public.interpol.int/notices/v1/red/2005-51359/images/53992132,https://ws-public.interpol.int/notices/v1/red/2005-51359/images,https://ws-public.interpol.int/notices/v1/red/2005-51359,F,DZHAMBUL,Kazakhstan,['BRO'],['OTHD'],1.625,0.0,RUS,,Misappropriation by fraud ,Russia,
2004/56804,AVTANDIL,IANAKOV,1965/01/30,"RU, GR",https://ws-public.interpol.int/notices/v1/red/2004-56804/images/53953848,https://ws-public.interpol.int/notices/v1/red/2004-56804/images,https://ws-public.interpol.int/notices/v1/red/2004-56804,M,TBILISI,Georgia,['BLU'],['OTHD'],1.7,0.0,"GEO, GRE, RUS",dark short curly hair,"(1) Organizing of criminal community;  ( 2) Murder committed by organized group;  
(3) Illegal acquisition, transfer, sale, storage, transportation and bearing of firearms, its basic parts, ammunition, explosives and explosive devices",Russia,
2004/28450,ALEXANDRE,IKONOMOV,1962/06/07,"GR, RU",,https://ws-public.interpol.int/notices/v1/red/2004-28450/images,https://ws-public.interpol.int/notices/v1/red/2004-28450,M,"Essentukskaia, Predgorniy Rayon, Stavropolskiy",Russia,,,,,RUS,,Murder,Russia,
2006/26953,VASSILIOS,PALEOKOSTAS,1966/05/17,GR,https://ws-public.interpol.int/notices/v1/red/2006-26953/images/54075728,https://ws-public.interpol.int/notices/v1/red/2006-26953/images,https://ws-public.interpol.int/notices/v1/red/2006-26953,M,MOSCHOFYTO / TRIKALA,Greece,['BRO'],['BRO'],1.65,0.0,GRE,,"ABDUCTION, BLACKMAIL, HOMICIDE, ATTEMPT, ROBBERY COMMITTED JOINT WITH OTHERS, SETTING UP OF GANG, CONCURRENT ROBBERIES, UNLICENSED CARRYING OF WEAPONS, UNLICENSED POSSESSION OF WEAPONS, MISAPPROPRIATION OF DOCUMENTS.",Greece,
2005/35455,DIMITRIOUS,AMASIADIS,1969/02/27,GR,https://ws-public.interpol.int/notices/v1/red/2005-35455/images/61419991,https://ws-public.interpol.int/notices/v1/red/2005-35455/images,https://ws-public.interpol.int/notices/v1/red/2005-35455,M,,Greece,['BRO'],['BLA'],1.705,84.5,"SPA, ENG, GRE",,Violation of bail bond;,United States of America,
2001/42918,DIMITRIOS ATHANASIOS,ANDROUTSOPOULOS,1975/08/08,"US, GR",https://ws-public.interpol.int/notices/v1/red/2001-42918/images/53197825,https://ws-public.interpol.int/notices/v1/red/2001-42918/images,https://ws-public.interpol.int/notices/v1/red/2001-42918,M,CHICAGO / ILLINOIS,United States of America,['BRO'],['BLA'],,,"GRE, ENG","SCAR ON LEFT CHEEK
TATTOOS ON CHEST AND BOTH ARMS (HEART AND WINGS ON LEFT ARM)","1. FIRST DEGREE MURDER (9 COUNTS)
2. ATTEMPTED FIRST DEGREE MURDER (1 COUNT)",United States of America,
