entity_id,forename,name,date_of_birth,nationalities,thumbnail,images,self_link,sex_id,place_of_birth,country_of_birth,eyes_colors_id,hairs_id,height,weight,languages_spoken_ids,distinguishing_marks,arrest_charge,arrest_issuing_country,arrest_charge_translation
2019/100592,KADER,DOUCOURE,1992/02/10,ML,https://ws-public.interpol.int/notices/v1/red/2019-100592/images/61566419,https://ws-public.interpol.int/notices/v1/red/2019-100592/images,https://ws-public.interpol.int/notices/v1/red/2019-100592,M,Bamako,Mali,,,1.8,,"ENG, FRE, BAM","De type africain, porte actuellement un collier de barbe",". Participation à une association de malfaiteurs en vue de la préparation d'un crime 
. Recel en bande organisée de bien provenant d'un crime (vols en bande organisée)",France,
2013/52034,OMAR,HAMAHA,1963/01/01,ML,https://ws-public.interpol.int/notices/v1/red/2013-52034/images/59153669,https://ws-public.interpol.int/notices/v1/red/2013-52034/images,https://ws-public.interpol.int/notices/v1/red/2013-52034,M,,Mali,,,0.0,0.0,"ARA, FRE",,"1) Between December 14, 2008 and April 23, 2009, at or near
Niamey, Niger and elsewhere in Niger and Mali, did take Robert FOWLER hostage for the benefit or, at the direction of or in association with a terrorist group. 2) Between December 14, 2008 and April 23, 2009, at or near Niamey, Niger and elsewhere in Niger and Mali, did take Louis GUAY hostage for the benefit or, at the direction of or in association with a terrorist group",Canada,
