entity_id,forename,name,date_of_birth,nationalities,thumbnail,images,self_link,sex_id,place_of_birth,country_of_birth,eyes_colors_id,hairs_id,height,weight,languages_spoken_ids,distinguishing_marks,arrest_charge,arrest_issuing_country,arrest_charge_translation
2014/25540,NASR ALI,AL SLEEM,1990/12/21,SA,https://ws-public.interpol.int/notices/v1/red/2014-25540/images/59496703,https://ws-public.interpol.int/notices/v1/red/2014-25540/images,https://ws-public.interpol.int/notices/v1/red/2014-25540,M,,Saudi Arabia,['BRO'],['BLA'],1.7,59,"ARA, ENG","AL SLEEM may have long shoulder length hair, have a mole on his left cheek, be between 165 and 173 centimeters tall, and weigh between 54 and 61 kilograms.","1) Sexual Assault
2) First Degree Burglary (2 counts)",United States of America,
2012/324783,ALI HUSSAIN,ALHAMOUD,1993/09/11,SA,https://ws-public.interpol.int/notices/v1/red/2012-324783/images/57828455,https://ws-public.interpol.int/notices/v1/red/2012-324783/images,https://ws-public.interpol.int/notices/v1/red/2012-324783,M,DAMMAN,Saudi Arabia,['BRO'],['BRO'],1.83,82,"ARA, ENG",,"1) Rape in the First Degree
2) Sodomy in the First Degree
3) Attempted Sodomy in the First Degree
4) Unlawful Sexual Penetration in the First Degree
5) Sexual Abuse in the Second Degree (2 Counts)
6) Sexual Abuse in the Third Degree
7) Assault in the Fourth Degree (4 Counts)",United States of America,
