entity_id,forename,name,date_of_birth,nationalities,thumbnail,images,self_link,sex_id,place_of_birth,country_of_birth,eyes_colors_id,hairs_id,height,weight,languages_spoken_ids,distinguishing_marks,arrest_charge,arrest_issuing_country,arrest_charge_translation
2025/56344,ANTONIO ANDERSON,COSTA LACERDA,1993/12/18,BR,https://ws-public.interpol.int/notices/v1/red/2025-56344/images/63577120,https://ws-public.interpol.int/notices/v1/red/2025-56344/images,https://ws-public.interpol.int/notices/v1/red/2025-56344,M,Fortaleza/CE,Brazil,,,,,POR,,Robbery aggravated by the use of a firearm,Brazil,
2025/51575,MARLON,MENDES SANTOS,1983/08/27,BR,https://ws-public.interpol.int/notices/v1/red/2025-51575/images/63559223,https://ws-public.interpol.int/notices/v1/red/2025-51575/images,https://ws-public.interpol.int/notices/v1/red/2025-51575,M,SANTO ÂNGELO/RS,Brazil,,,1.7,,POR,,Robo calificado,Brazil,
2025/44634,ODAIR,MASS,1974/09/12,BR,https://ws-public.interpol.int/notices/v1/red/2025-44634/images/63531369,https://ws-public.interpol.int/notices/v1/red/2025-44634/images,https://ws-public.interpol.int/notices/v1/red/2025-44634,M,Quedas do Iguaçu/PR,Brazil,,,1.7,100.0,POR,,Feminicídio,Brazil,
2025/36338,JOSÉ,MANDÚ DE LIMA,1957/03/01,BR,https://ws-public.interpol.int/notices/v1/red/2025-36338/images/63520420,https://ws-public.interpol.int/notices/v1/red/2025-36338/images,https://ws-public.interpol.int/notices/v1/red/2025-36338,M,,,,,,,"POR, SPA",,Abuso Sexual,Uruguay,
2025/1473,CARLOS,GHOSN BICHARA,1954/03/09,"BR, LB, FR",https://ws-public.interpol.int/notices/v1/red/2025-1473/images/63334288,https://ws-public.interpol.int/notices/v1/red/2025-1473/images,https://ws-public.interpol.int/notices/v1/red/2025-1473,M,,,,,,,"ARA, FRE, POR, ENG, SPA",,Violation of Companies Act Article 960(1) and (iii),Japan,
2024/74810,EDMILSON,PEREIRA DA SILVA,1968/03/14,BR,https://ws-public.interpol.int/notices/v1/red/2024-74810/images/63256085,https://ws-public.interpol.int/notices/v1/red/2024-74810/images,https://ws-public.interpol.int/notices/v1/red/2024-74810,M,CUIABA/MT,Brazil,,,,,POR,,Organización Criminal,Brazil,
2024/57878,RENAN BRAIAN,GARCIA PRESOTTO,2000/08/01,BR,https://ws-public.interpol.int/notices/v1/red/2024-57878/images/63186548,https://ws-public.interpol.int/notices/v1/red/2024-57878/images,https://ws-public.interpol.int/notices/v1/red/2024-57878,M,Londrina/PR,Brazil,,,,,POR,,Organización criminal; posesión ilegal de arma de fuego de uso restringido,Brazil,
2024/20392,JAIR,RIBEIRO FILHO,1976/10/13,BR,https://ws-public.interpol.int/notices/v1/red/2024-20392/images/63032121,https://ws-public.interpol.int/notices/v1/red/2024-20392/images,https://ws-public.interpol.int/notices/v1/red/2024-20392,M,GUARULHOS,Brazil,,,,,,,"1) Arrestation, enlèvement, séquestration ou détention arbitraire suivi d'une libération avant le 7e jour
2) 3) 4) 6) Vol par ruse, effraction ou escalade dans un local d'habitation ou un lieu d'entrepôt, aggravé par une autre circonstance 
5) Tentative de vol par ruse, effraction ou escalade dans un local d'habitation ou un lieu d'entrepôt, aggravé par une autre circonstance 
7) Participation à une association de malfaiteurs en vue de la préparation d'un délit puni de 10 ans d'emprisonnement",France,
2024/15271,KLEBER,MENDES BARBOSA,1980/03/25,BR,https://ws-public.interpol.int/notices/v1/red/2024-15271/images/63012205,https://ws-public.interpol.int/notices/v1/red/2024-15271/images,https://ws-public.interpol.int/notices/v1/red/2024-15271,M,Paracatu/MG,Brazil,,,,,POR,,Drug trafficking and Association for Trafficking,Brazil,
2024/8593,JOSE,RIBAMAR DA SILVA,1945/08/18,BR,https://ws-public.interpol.int/notices/v1/red/2024-8593/images/62984038,https://ws-public.interpol.int/notices/v1/red/2024-8593/images,https://ws-public.interpol.int/notices/v1/red/2024-8593,M,"Campo Maior, Piauí (PI)",Brazil,['BRO'],['WHI'],1.68,,POR,,Violación de Ninõs,Brazil,
2024/6292,JOHNATTA WILSON,FERREIRA DA SILVA,1990/02/23,BR,https://ws-public.interpol.int/notices/v1/red/2024-6292/images/62974956,https://ws-public.interpol.int/notices/v1/red/2024-6292/images,https://ws-public.interpol.int/notices/v1/red/2024-6292,M,Almeirim/PA,Brazil,['BLA'],['BLA'],1.65,,POR,,MURDER,Brazil,
2023/42119,ANTONIO JOSE,DE ABREU VIDAL FILHO,1994/01/03,BR,https://ws-public.interpol.int/notices/v1/red/2023-42119/images/62786435,https://ws-public.interpol.int/notices/v1/red/2023-42119/images,https://ws-public.interpol.int/notices/v1/red/2023-42119,M,São Luis (MA),Brazil,,,,,POR,,"Murder, attempted murder, physical torture and mental torture.",Brazil,
2023/35944,NICOLAS EDUARDO,DOS SANTOS,1994/10/26,BR,https://ws-public.interpol.int/notices/v1/red/2023-35944/images/62762457,https://ws-public.interpol.int/notices/v1/red/2023-35944/images,https://ws-public.interpol.int/notices/v1/red/2023-35944,M,DO PARANA,Brazil,,,,,"SPA, POR",,ASESINATO,Bolivia,
2023/23439,JAILSON,MARTINS DA SILVA,1994/10/15,BR,https://ws-public.interpol.int/notices/v1/red/2023-23439/images/62714086,https://ws-public.interpol.int/notices/v1/red/2023-23439/images,https://ws-public.interpol.int/notices/v1/red/2023-23439,M,TARUMIRIM/MG,Brazil,,,,,POR,,Homicidio y Homicidio intentado.,Brazil,
2023/21779,ANTONIO,BATISTA DE LIMA,1968/01/01,BR,https://ws-public.interpol.int/notices/v1/red/2023-21779/images/62711769,https://ws-public.interpol.int/notices/v1/red/2023-21779/images,https://ws-public.interpol.int/notices/v1/red/2023-21779,M,SÃO JULIÃO/PI,Brazil,,,0.0,0.0,POR,,Violación,Brazil,
2023/12100,CARLINHOS,BENITES,1992/08/23,BR,https://ws-public.interpol.int/notices/v1/red/2023-12100/images/62673434,https://ws-public.interpol.int/notices/v1/red/2023-12100/images,https://ws-public.interpol.int/notices/v1/red/2023-12100,M,PLANALTO/RS,Brazil,,,0.0,0.0,,,Sexual Offenses,Brazil,
2023/3841,SILVA PATRICK EDUARDO,ALVES,1995/11/09,BR,https://ws-public.interpol.int/notices/v1/red/2023-3841/images/62644405,https://ws-public.interpol.int/notices/v1/red/2023-3841/images,https://ws-public.interpol.int/notices/v1/red/2023-3841,M,Brazil,Brazil,,['BLA'],1.7,,POR,,"Article 372 Robbery Suriname Penal Code
Article 342 Intentional deprivation of liberty Suriname Penal Code",Suriname,
2022/78253,JAYME ANTONIO,MOSCHETTO JUNIOR,1959/04/21,BR,https://ws-public.interpol.int/notices/v1/red/2022-78253/images/62604308,https://ws-public.interpol.int/notices/v1/red/2022-78253/images,https://ws-public.interpol.int/notices/v1/red/2022-78253,M,ARARAQUARA - SÃO PAULO,Brazil,,,,,POR,,misappropriation,Brazil,
2022/44680,EMANUEL EDUARDO,DOS SANTOS,1988/10/25,BR,https://ws-public.interpol.int/notices/v1/red/2022-44680/images/62485280,https://ws-public.interpol.int/notices/v1/red/2022-44680/images,https://ws-public.interpol.int/notices/v1/red/2022-44680,M,DIONÍSIO CERQUEIRA/SANTA CATARINA,Brazil,,,,,POR,,Aggravated Theft,Brazil,
2022/10657,ROGERIO,MADEIRA DE SOUZA,1979/12/21,BR,,https://ws-public.interpol.int/notices/v1/red/2022-10657/images,https://ws-public.interpol.int/notices/v1/red/2022-10657,M,"Sapucaia do Sul, RS",Brazil,,,,,POR,,Homicidio muy Especialmente Agravado,Uruguay,
2021/56456,JUNIO CESAR,PEREIRA SILVA,1982/08/16,BR,https://ws-public.interpol.int/notices/v1/red/2021-56456/images/62236136,https://ws-public.interpol.int/notices/v1/red/2021-56456/images,https://ws-public.interpol.int/notices/v1/red/2021-56456,M,,Brazil,,,,,,,ASOCIACIÓN ILÍCITA Y DEFRAUDACIÓN ESPECIAL POR EL USO DE DATOS DE TARJETA DE DÉBITO Y/O CRÉDITO DE TERCEROS,Argentina,
2021/56446,THAYNARA CAROLINE,SANTOS PEREIRA,1996/07/27,BR,https://ws-public.interpol.int/notices/v1/red/2021-56446/images/62236117,https://ws-public.interpol.int/notices/v1/red/2021-56446/images,https://ws-public.interpol.int/notices/v1/red/2021-56446,F,,Brazil,,,,,,,ASOCIACIÓN ILÍCITA Y DEFRAUDACIÓN ESPECIAL POR EL USO DE DATOS DE TARJETA DE DÉBITO Y/O CRÉDITO DE TERCEROS,Argentina,
2021/56470,JAMES MARCIEL,SOUSA OLIVEIRA,1977/05/28,BR,https://ws-public.interpol.int/notices/v1/red/2021-56470/images/62236167,https://ws-public.interpol.int/notices/v1/red/2021-56470/images,https://ws-public.interpol.int/notices/v1/red/2021-56470,M,,Brazil,,,,,,,ASOCIACIÓN ILÍCITA Y DEFRAUDACIÓN ESPECIAL POR EL USO DE DATOS DE TARJETA DE DÉBITO Y/O CRÉDITO DE TERCEROS,Argentina,
2021/47950,JOAO,BATISTA SOUZA,1965/09/21,BR,https://ws-public.interpol.int/notices/v1/red/2021-47950/images/62288673,https://ws-public.interpol.int/notices/v1/red/2021-47950/images,https://ws-public.interpol.int/notices/v1/red/2021-47950,M,,Brazil,,,,,,,INFRACCIÓN a la Ley Federal de Estupefacientes  23.737,Argentina,
2021/23187,ALEXANDRO JOSE,OLIMPIO,1976/05/02,BR,https://ws-public.interpol.int/notices/v1/red/2021-23187/images/62065204,https://ws-public.interpol.int/notices/v1/red/2021-23187/images,https://ws-public.interpol.int/notices/v1/red/2021-23187,M,Sao Paulo,Brazil,,,,,"POR, SPA",,DEFRAUDACIÓN CALIFICADA POR EL USO DE TARJETA DE DÉBITO FALSIFICADA EN CONCURSO IDEAL CON FALSIFICACIÓN DE MONEDA; DEFRAUDACIÓN CALIFICADA POR EL USO DE TARJETA DE DÉBITO FALSIFICADA EN GRADO DE TENTATIVA; Y ASOCIACIÓN ILÍCITA,Argentina,
2020/84557,FLAVIO ADRIANO,FERREIRA BULLING,1983/12/26,BR,https://ws-public.interpol.int/notices/v1/red/2020-84557/images/61974673,https://ws-public.interpol.int/notices/v1/red/2020-84557/images,https://ws-public.interpol.int/notices/v1/red/2020-84557,M,,Brazil,,,,,,,TRAFICO DE ESTUPEFACIENTES,Argentina,
2020/66938,JOÃO,CARVALHO CAMARGO,1980/10/01,BR,https://ws-public.interpol.int/notices/v1/red/2020-66938/images/61919387,https://ws-public.interpol.int/notices/v1/red/2020-66938/images,https://ws-public.interpol.int/notices/v1/red/2020-66938,M,"Rio Grande do Sul, Santana do Livramento",Brazil,,,,,"POR, SPA",,Aggravated theft.,Brazil,
2020/50179,EDUARDO JAVIER,RODRIGUEZ SOSA FILHO,1994/05/19,BR,https://ws-public.interpol.int/notices/v1/red/2020-50179/images/61861520,https://ws-public.interpol.int/notices/v1/red/2020-50179/images,https://ws-public.interpol.int/notices/v1/red/2020-50179,M,"Rio Grande do Sul, Santana do Livramento",Brazil,,,,,"POR, SPA","TATTOOS:
RIGHT ARM: ""EDUARDO""
LEFT ARM: ""RENATA""
RIGHT SIDE CHEST: ""STAR""; LEFT SIDE: ""MARCIA""
LEFT LEG: ""SOL"".",Armed robbery.,Brazil,
2020/47773,CLEBER,SOUZA FARIAS,1982/05/13,BR,https://ws-public.interpol.int/notices/v1/red/2020-47773/images/61854456,https://ws-public.interpol.int/notices/v1/red/2020-47773/images,https://ws-public.interpol.int/notices/v1/red/2020-47773,M,Guaíba/RS,Brazil,,,,,POR,,"armed robbery, criminal group.",Brazil,
2020/40617,JUANIL,MIRANDA LIMA,1976/12/24,BR,https://ws-public.interpol.int/notices/v1/red/2020-40617/images/61826360,https://ws-public.interpol.int/notices/v1/red/2020-40617/images,https://ws-public.interpol.int/notices/v1/red/2020-40617,M,Campo Grande/Mato Grosso do Sul,Brazil,,,,,POR,,"Murder
Receiving stolen goods
Illegal firearm carrying",Brazil,
2020/18893,MARLON,MARTINS DOS SANTOS,1980/05/12,BR,https://ws-public.interpol.int/notices/v1/red/2020-18893/images/61748265,https://ws-public.interpol.int/notices/v1/red/2020-18893/images,https://ws-public.interpol.int/notices/v1/red/2020-18893,M,State of GOIÁS (CITY OF IPAMERI),Brazil,,,,,"ENG, POR",,Minor sexual abuse,Brazil,
2020/14344,LUCAS,DE SOUZA DANTAS,1993/07/05,BR,,https://ws-public.interpol.int/notices/v1/red/2020-14344/images,https://ws-public.interpol.int/notices/v1/red/2020-14344,M,NOVA ANDRADINA,Brazil,,,,,POR,,POSESIÓN Y TRAFICO DE SUPUESTA MARIHUANA.,Paraguay,
2020/14358,JACKSON RAFAEL,SANTOS DA SILVA,1996/11/27,BR,,https://ws-public.interpol.int/notices/v1/red/2020-14358/images,https://ws-public.interpol.int/notices/v1/red/2020-14358,M,,Brazil,,,,,POR,,POSESION Y TRAFICO DE SUPUESTA MARIHUANA,Paraguay,
2020/12973,LUIS ANTONIO,VARELA DA SILVA,1996/05/05,BR,https://ws-public.interpol.int/notices/v1/red/2020-12973/images/63584229,https://ws-public.interpol.int/notices/v1/red/2020-12973/images,https://ws-public.interpol.int/notices/v1/red/2020-12973,M,CAMPO GRANDE,Brazil,,,,,POR,,"HECHO PUNIBLE DE TENENCIA SIN AUTORIZACION DE DROGAS, ASOCIACION CRIMINAL, REDUCCION, TRASGRESION A LEY DE ARMAS DE FUEGO, SUS PIEZAS Y COMPONENTES",Paraguay,
2020/12852,DAVID,TIMOTEO FERREIRA,1983/08/21,BR,https://ws-public.interpol.int/notices/v1/red/2020-12852/images/63584243,https://ws-public.interpol.int/notices/v1/red/2020-12852/images,https://ws-public.interpol.int/notices/v1/red/2020-12852,M,SAO PABLO,Brazil,,,,,POR,,"HECHO PUNIBLE DE TENENCIA SIN AUTORIZACION  DE DROGAS, ASOCIACION CRIMINAL, REDUCCION , TRASGRESION A LEY DE ARMAS DE FUEGO, SUS PIEZAS Y COMPONENTES",Paraguay,
2020/9705,CLAUDINEI,PREDEBON,1984/09/11,BR,https://ws-public.interpol.int/notices/v1/red/2020-9705/images/61713828,https://ws-public.interpol.int/notices/v1/red/2020-9705/images,https://ws-public.interpol.int/notices/v1/red/2020-9705,M,"FATIMA DO SUL, MS.",Brazil,,,,,POR,,HECHO PUNIBLE DE TENENCIA Y COMERCIALIZACION DE COCAINA,Paraguay,
2020/9664,CICERO FERNANDO,DE LIMA ALMEIDA,1990/03/20,BR,https://ws-public.interpol.int/notices/v1/red/2020-9664/images/61713604,https://ws-public.interpol.int/notices/v1/red/2020-9664/images,https://ws-public.interpol.int/notices/v1/red/2020-9664,M,SAN PABLO,Brazil,,,,,POR,,HECHO PUNBLE DE TENENCIA Y COMERCIALIZACION DE COCAINA.,Paraguay,
2019/95185,MOISES,KLEINICKE DUARTE,1981/07/31,"BR, UY",https://ws-public.interpol.int/notices/v1/red/2019-95185/images/61556087,https://ws-public.interpol.int/notices/v1/red/2019-95185/images,https://ws-public.interpol.int/notices/v1/red/2019-95185,M,,,,,0.0,0.0,"POR, SPA",,Homicidio,Uruguay,
2019/76930,ROBSON,CIPRIANO SILVA,1964/09/14,BR,https://ws-public.interpol.int/notices/v1/red/2019-76930/images/61498951,https://ws-public.interpol.int/notices/v1/red/2019-76930/images,https://ws-public.interpol.int/notices/v1/red/2019-76930,M,URUAÇU / GOIÁS,Brazil,,,,,POR,,"Robo a mano armada, secuestro y cárcel privada.",Brazil,
2018/89732,HELOÍSA,GONÇALVES DUQUE SOARES RIBEIRO,1950/03/13,BR,https://ws-public.interpol.int/notices/v1/red/2018-89732/images/61195184,https://ws-public.interpol.int/notices/v1/red/2018-89732/images,https://ws-public.interpol.int/notices/v1/red/2018-89732,F,,Brazil,,,0.0,0.0,"ENG, POR",,Murder and torture,Brazil,
2018/82599,ERICK,MACHADO SANTOS,1984/04/14,BR,https://ws-public.interpol.int/notices/v1/red/2018-82599/images/61172466,https://ws-public.interpol.int/notices/v1/red/2018-82599/images,https://ws-public.interpol.int/notices/v1/red/2018-82599,M,GUARUJA - SAO PAULO STATE,Brazil,,,,,POR,,"CRIMINAL ORGANIZATION ASSOSSIATION
AGGRAVATED MURDER
USE OF FALSE DOCUMENT",Brazil,
2018/82582,MARIA JUSSARA,DA CONCEIÇÃO FERREIRA SANTOS,1973/02/07,BR,https://ws-public.interpol.int/notices/v1/red/2018-82582/images/61172481,https://ws-public.interpol.int/notices/v1/red/2018-82582/images,https://ws-public.interpol.int/notices/v1/red/2018-82582,F,Cubatão/São Paulo,Brazil,,,,,POR,,Member of a Criminal Organization,Brazil,
2018/59593,PAULO,RODRIGUES KAUVAUCHI,1976/11/01,BR,https://ws-public.interpol.int/notices/v1/red/2018-59593/images/61103216,https://ws-public.interpol.int/notices/v1/red/2018-59593/images,https://ws-public.interpol.int/notices/v1/red/2018-59593,M,ATIBAIA/SP,Brazil,,,0.0,0.0,,,Rape and Domestic Violence against women.,Brazil,
2018/50445,TANUS,DOS SANTOS,1991/01/08,BR,https://ws-public.interpol.int/notices/v1/red/2018-50445/images/61926508,https://ws-public.interpol.int/notices/v1/red/2018-50445/images,https://ws-public.interpol.int/notices/v1/red/2018-50445,M,"Rondônia, Guajará-Mirim",Brazil,,,,,POR,,Aggravated murder (four times).,Brazil,
2018/38183,MATHIAS RICARDO,BREZOLIN VUORI,1989/05/06,"BR, AR",https://ws-public.interpol.int/notices/v1/red/2018-38183/images/61030965,https://ws-public.interpol.int/notices/v1/red/2018-38183/images,https://ws-public.interpol.int/notices/v1/red/2018-38183,M,SANTO ANGELO  - RIO GRANDE DO SUL STATE,Brazil,,,0.0,0.0,POR,,AGGRAVATED MURDER,Brazil,
2018/16236,CELSO,SCHMITT,1968/09/04,BR,https://ws-public.interpol.int/notices/v1/red/2018-16236/images/61086650,https://ws-public.interpol.int/notices/v1/red/2018-16236/images,https://ws-public.interpol.int/notices/v1/red/2018-16236,M,"LUCENA, RS",Brazil,,,0.0,0.0,,,Aggravated Murder,Brazil,
2018/16240,JOSE,DIAS ANACLETO,1968/03/23,BR,https://ws-public.interpol.int/notices/v1/red/2018-16240/images/62450102,https://ws-public.interpol.int/notices/v1/red/2018-16240/images,https://ws-public.interpol.int/notices/v1/red/2018-16240,M,CAPITÃO LEÔNIDAS MARQUES/PARANÁ,Brazil,,,,,,,Rape of Vulnerable,Brazil,
2017/198227,RAMAO,ANACLETO BRITES DAVALO,1974/04/26,BR,https://ws-public.interpol.int/notices/v1/red/2017-198227/images/60756385,https://ws-public.interpol.int/notices/v1/red/2017-198227/images,https://ws-public.interpol.int/notices/v1/red/2017-198227,M,ARAL MOREIRA/MS,Brazil,,,,,POR,,"International Drug Trafficking, Criminal Organization",Brazil,
2017/196872,CIRILO,BARROS FERREIRA,1948/01/31,BR,https://ws-public.interpol.int/notices/v1/red/2017-196872/images/60756257,https://ws-public.interpol.int/notices/v1/red/2017-196872/images,https://ws-public.interpol.int/notices/v1/red/2017-196872,M,CORIBE/BAHIA,Brazil,,,0.0,0.0,POR,,"Aggravated murder.
Irregular possession of firearms of permitted use and illegal possession of firearms of restricted use.",Brazil,
2017/187489,ANDERSON,VIEIRA DE SOUZA,1976/06/08,BR,,https://ws-public.interpol.int/notices/v1/red/2017-187489/images,https://ws-public.interpol.int/notices/v1/red/2017-187489,M,BRASIL,Brazil,,,,,POR,,ROBO CALIFICADO POBLADO Y EN BANDA,Argentina,
2017/164303,MARCIA LIZIANE,COSTA VIEIRA,1985/09/20,BR,https://ws-public.interpol.int/notices/v1/red/2017-164303/images/60644229,https://ws-public.interpol.int/notices/v1/red/2017-164303/images,https://ws-public.interpol.int/notices/v1/red/2017-164303,F,SANTANA DO LIVRAMENTO/RS,Brazil,,,0.0,0.0,POR,,Larcenie,Brazil,
2017/132500,PAULO HENRIQUE,NAZARO DA SILVA,1982/01/27,BR,https://ws-public.interpol.int/notices/v1/red/2017-132500/images/60567960,https://ws-public.interpol.int/notices/v1/red/2017-132500/images,https://ws-public.interpol.int/notices/v1/red/2017-132500,M,CARNEIRINHO/MG,Brazil,,,0.0,0.0,POR,,Criminal Association for International Drug Trafficking,Brazil,
2017/14633,EDILSON,SANTOS DA SILVA,1977/07/23,BR,https://ws-public.interpol.int/notices/v1/red/2017-14633/images/60325182,https://ws-public.interpol.int/notices/v1/red/2017-14633/images,https://ws-public.interpol.int/notices/v1/red/2017-14633,M,Foz do Iguaçu/PR,Brazil,,,,,"SPA, POR",,International drug trafficking and criminal association,Brazil,
2016/67021,TIAGO,ARRUDA RODRIGUES,1987/05/08,BR,https://ws-public.interpol.int/notices/v1/red/2016-67021/images/61926514,https://ws-public.interpol.int/notices/v1/red/2016-67021/images,https://ws-public.interpol.int/notices/v1/red/2016-67021,M,SANTANA DO LIVRAMENTO - RIO GRANDE DO SUL,Brazil,,,,,"POR, SPA",,AGRAVATED THEFT,Brazil,
2016/66178,ANITO,JUNGKLAUS,1963/12/04,BR,https://ws-public.interpol.int/notices/v1/red/2016-66178/images/60203905,https://ws-public.interpol.int/notices/v1/red/2016-66178/images,https://ws-public.interpol.int/notices/v1/red/2016-66178,M,Marechal Candido Rondon - Paraná,Brazil,,,,,POR,,Homicide,Brazil,
2016/53283,ROSIRENE,VIEIRA,1976/02/28,BR,https://ws-public.interpol.int/notices/v1/red/2016-53283/images/60157540,https://ws-public.interpol.int/notices/v1/red/2016-53283/images,https://ws-public.interpol.int/notices/v1/red/2016-53283,F,CAMPO MOURÃO/PR,Brazil,['BRO'],,1.6,0.0,POR,,International Drug Trafficking,Brazil,
2016/21153,DEUSDETE,ALVES PEREIRA,1962/02/23,BR,https://ws-public.interpol.int/notices/v1/red/2016-21153/images/60091807,https://ws-public.interpol.int/notices/v1/red/2016-21153/images,https://ws-public.interpol.int/notices/v1/red/2016-21153,M,SÃO JOÃO DO PARAÍSO (STATE OF MINAS GERAIS),Brazil,,['HAIB'],0.0,0.0,"SPA, POR",Light brown skin,1ST DEGREE MURDER,Brazil,
2015/49095,RENIVALDO,FIGUEIREDO LIMA,1971/01/06,BR,https://ws-public.interpol.int/notices/v1/red/2015-49095/images/59851925,https://ws-public.interpol.int/notices/v1/red/2015-49095/images,https://ws-public.interpol.int/notices/v1/red/2015-49095,M,CAMPOS BELOS / GOIÁS,Brazil,,,0.0,0.0,POR,,Rape / Sexual Offences against minors,Brazil,
2015/49035,SILVANA,SEIDLER,1966/10/13,BR,https://ws-public.interpol.int/notices/v1/red/2015-49035/images/59851861,https://ws-public.interpol.int/notices/v1/red/2015-49035/images,https://ws-public.interpol.int/notices/v1/red/2015-49035,F,CAPAO DA CANOA / RIO GRANDE DO SUL,Brazil,['BRO'],,1.65,0.0,POR,,"Aggravated Homicide;
Corpse Concealment",Brazil,
2015/16248,GESSE DIOMAR,MENDES BARROS,1958/04/12,BR,https://ws-public.interpol.int/notices/v1/red/2015-16248/images/59743298,https://ws-public.interpol.int/notices/v1/red/2015-16248/images,https://ws-public.interpol.int/notices/v1/red/2015-16248,M,ARAGUAÇU - GOIAS,Brazil,,,0.0,0.0,POR,,Homicide,Brazil,
2014/39577,FAGNER FLAUZINO,DA SILVA,1981/10/12,BR,https://ws-public.interpol.int/notices/v1/red/2014-39577/images/62363171,https://ws-public.interpol.int/notices/v1/red/2014-39577/images,https://ws-public.interpol.int/notices/v1/red/2014-39577,M,UBERABA,Brazil,,,,,POR,,Robbery.,Brazil,
2013/69827,BRUNO,SOUZA BICALHO VALE RICARDO,1979/12/31,BR,https://ws-public.interpol.int/notices/v1/red/2013-69827/images/62347874,https://ws-public.interpol.int/notices/v1/red/2013-69827/images,https://ws-public.interpol.int/notices/v1/red/2013-69827,M,"TIMOTEO, MINAS GERAIS",Brazil,,,0.0,0.0,POR,,Aggravated murder,Brazil,
2013/26757,MARCIAL,DARIO ACOSTA,1978/11/18,BR,https://ws-public.interpol.int/notices/v1/red/2013-26757/images/58531597,https://ws-public.interpol.int/notices/v1/red/2013-26757/images,https://ws-public.interpol.int/notices/v1/red/2013-26757,M,"PONTA PORÃ, MATO GROSSO DO SUL",Brazil,,,0.0,0.0,POR,,"tráfico de estupefacientes
asociación para el tráfico de estupefacientes",Brazil,
2012/349233,FABIANO,DUARTE,1982/12/31,BR,https://ws-public.interpol.int/notices/v1/red/2012-349233/images/57876975,https://ws-public.interpol.int/notices/v1/red/2012-349233/images,https://ws-public.interpol.int/notices/v1/red/2012-349233,M,RODEIO BONITO/RS,Brazil,['BRO'],['BRO'],1.65,0.0,"POR, SPA",,Homicidio Agravado,Brazil,
2012/317045,RENATO FULGENCIO,CAMILO,1980/11/13,BR,https://ws-public.interpol.int/notices/v1/red/2012-317045/images/57155094,https://ws-public.interpol.int/notices/v1/red/2012-317045/images,https://ws-public.interpol.int/notices/v1/red/2012-317045,M,"ASSIS, SAO PAULO",Brazil,,,0.0,0.0,,,International drug trafficking,Brazil,
2012/313014,WALTER MANGUAL,ROBERTS,1948/07/31,"BR, US",https://ws-public.interpol.int/notices/v1/red/2012-313014/images/57094791,https://ws-public.interpol.int/notices/v1/red/2012-313014/images,https://ws-public.interpol.int/notices/v1/red/2012-313014,M,RIO DE JANEIRO,Brazil,['BROH'],['BRO'],1.78,114.0,"ENG, POR","ROBERTS has brown/green eyes, and his brown hair may be gray.","1) Child abuse
2) Sexual offense in the second degree
3) Sexual offense in the third degree
4) Perverted sexual practice
5) Battery
6) Assault",United States of America,
2012/302610,FERNANDO,CORDEIRO,1981/01/10,BR,https://ws-public.interpol.int/notices/v1/red/2012-302610/images/56919177,https://ws-public.interpol.int/notices/v1/red/2012-302610/images,https://ws-public.interpol.int/notices/v1/red/2012-302610,M,,Brazil,['BRO'],['BRO'],1.68,75.0,"POR, ENG","CORDEIRO may be between 160 and 168 centimeters tall, and may weigh between 54 and 75 kilograms.","1) Aggravated Rape of a Child 
2) Rape of a Child with Force  
3) Indecent Assault and Battery of a Child under 14",United States of America,
2011/68806,JURANDIR FRANCISCO,BORGES,1978/02/20,BR,https://ws-public.interpol.int/notices/v1/red/2011-68806/images/62251570,https://ws-public.interpol.int/notices/v1/red/2011-68806/images,https://ws-public.interpol.int/notices/v1/red/2011-68806,M,,Brazil,,,0.0,0.0,POR,,International trafficking of drugs and Association for transnational drug trafficking.,Brazil,
2011/41124,JULIO ROBERTO,MARAFON,1960/09/23,BR,https://ws-public.interpol.int/notices/v1/red/2011-41124/images/55631867,https://ws-public.interpol.int/notices/v1/red/2011-41124/images,https://ws-public.interpol.int/notices/v1/red/2011-41124,M,CORNELIO PROCOPIO - PARANÁ,Brazil,,,0.0,0.0,POR,,Aggravated homicide,Brazil,
2010/54295,SEBASTIAO CAIXETA,DECASTRO,1955/12/11,BR,https://ws-public.interpol.int/notices/v1/red/2010-54295/images/54662528,https://ws-public.interpol.int/notices/v1/red/2010-54295/images,https://ws-public.interpol.int/notices/v1/red/2010-54295,M,GOAIS,Brazil,['GRE'],['BRO'],1.7,80.0,"ENG, POR",Decastro may have a cut on his right ear.,Burglary - Habitation entry with commission of a felony,United States of America,
2010/34726,NORVAL RODRIGUES,DOS SANTOS,1956/09/20,BR,https://ws-public.interpol.int/notices/v1/red/2010-34726/images/61105172,https://ws-public.interpol.int/notices/v1/red/2010-34726/images,https://ws-public.interpol.int/notices/v1/red/2010-34726,M,"BENJAMIN CONSTANT, AMAZONAS",Brazil,,,0.0,0.0,POR,,Drug trafficking,Brazil,
2010/14832,EDENIR,BENITEZ,1950/10/25,BR,,https://ws-public.interpol.int/notices/v1/red/2010-14832/images,https://ws-public.interpol.int/notices/v1/red/2010-14832,M,FOZ DO IGUAÇU,Brazil,,,0.0,0.0,"SPA, POR, GRN",,MURDER,Brazil,
2010/5343,EVERALDO ALBUQUERQUE,SILVA,1972/02/24,BR,https://ws-public.interpol.int/notices/v1/red/2010-5343/images/63044229,https://ws-public.interpol.int/notices/v1/red/2010-5343/images,https://ws-public.interpol.int/notices/v1/red/2010-5343,M,BELÉM ,Brazil,,,0.0,0.0,POR,,MURDER,Brazil,
