entity_id,forename,name,date_of_birth,nationalities,thumbnail,images,self_link,sex_id,place_of_birth,country_of_birth,eyes_colors_id,hairs_id,height,weight,languages_spoken_ids,distinguishing_marks,arrest_charge,arrest_issuing_country,arrest_charge_translation
2024/26235,ALL,BOIVIN,1989/07/11,CA,https://ws-public.interpol.int/notices/v1/red/2024-26235/images/63054347,https://ws-public.interpol.int/notices/v1/red/2024-26235/images,https://ws-public.interpol.int/notices/v1/red/2024-26235,M,Quebec,Canada,['BRO'],['BRO'],1.83,110.0,"FRE, ENG","Tattoos; L arm: Woman, Gladiator, L chest: 3 Chinese symbols, L neck: MNL, Shoulders: Omerta, R Arm: Tribal,  Stomach: No Guts No Glory, R neck: Cross, Gucci, L hand: Flower",9. Criminal Harassment,Canada,
2024/12933,DAVE,TURMEL,1996/05/03,CA,https://ws-public.interpol.int/notices/v1/red/2024-12933/images/63003340,https://ws-public.interpol.int/notices/v1/red/2024-12933/images,https://ws-public.interpol.int/notices/v1/red/2024-12933,M,QUEBEC,Canada,['BLU'],['BRO'],1.65,73.0,FRE,"1) Tattoo right hand
2) Tattoo Back upper left 
3) Pierced Ears","1) Assault causing bodily harm
2) Assault with a weapon (hammer)",Canada,
2022/48082,RABIH,ALKHALIL,1987/05/08,CA,https://ws-public.interpol.int/notices/v1/red/2022-48082/images/62497823,https://ws-public.interpol.int/notices/v1/red/2022-48082/images,https://ws-public.interpol.int/notices/v1/red/2022-48082,M,"Montreal, Quebec",,['BROD'],['BLA'],1.78,77.0,"ENG, ARA, FRE",,"1) FORCIBLE PRISON BREAK W INTENT 
2) ESCAPE AND BEING AT LARGE WITHOUT EXCUSE",Canada,
2022/48049,JAMAL,WARSAME,1995/11/02,CA,https://ws-public.interpol.int/notices/v1/red/2022-48049/images/62497667,https://ws-public.interpol.int/notices/v1/red/2022-48049/images,https://ws-public.interpol.int/notices/v1/red/2022-48049,M,,Canada,['BRO'],['BLA'],1.85,77.0,ENG,,Trafficking in a Controlled Substance  x2,Canada,
2021/63089,PHUONG TAN,NGUYEN,1985/10/09,"CA, CN",https://ws-public.interpol.int/notices/v1/red/2021-63089/images/62257524,https://ws-public.interpol.int/notices/v1/red/2021-63089/images,https://ws-public.interpol.int/notices/v1/red/2021-63089,M,,HK,['BRO'],['BLA'],1.75,82.0,"ENG, VIE",,Two (2) counts of First Degree Murder,Canada,
2021/45643,MOHAMED AHMED,SHIRE,1989/06/24,"CA, SO",https://ws-public.interpol.int/notices/v1/red/2021-45643/images/62195643,https://ws-public.interpol.int/notices/v1/red/2021-45643/images,https://ws-public.interpol.int/notices/v1/red/2021-45643,M,,,['BRO'],['BLA'],1.89,68.0,"SOM, ENG",,"Two counts of 1st Degree Murder 
One count of Attempted Murder",Canada,
2019/125648,IBRAHIM,ISSAK HUSSEN,1993/05/10,"KE, CA",https://ws-public.interpol.int/notices/v1/red/2019-125648/images/61652999,https://ws-public.interpol.int/notices/v1/red/2019-125648/images,https://ws-public.interpol.int/notices/v1/red/2019-125648,M,Mombassa,Kenya,['BRO'],['BLA'],1.63,59.0,ENG,Scar on left elbow.,1st Degree Murder,Canada,
2019/51847,HARRY NARINE,RAJKUMAR,1972/05/26,"GY, CA",https://ws-public.interpol.int/notices/v1/red/2019-51847/images/61416276,https://ws-public.interpol.int/notices/v1/red/2019-51847/images,https://ws-public.interpol.int/notices/v1/red/2019-51847,M,GUYANA,,['BRO'],['OTHD'],1.8,73.0,ENG,,"attempt murder, aggravated assault x2, assault with a weapon x 2, disobey court order, and failing to comply with his recognizancex2.",Canada,
2019/46274,SYVANG,SYCHANTHA,1962/01/01,"LA, CA",https://ws-public.interpol.int/notices/v1/red/2019-46274/images/61396515,https://ws-public.interpol.int/notices/v1/red/2019-46274/images,https://ws-public.interpol.int/notices/v1/red/2019-46274,M,Vientiane,LAO PDR,['BRO'],['BLA'],1.73,59.0,"ENG, LAO","Small birthmark on left cheek, under eye; Tattoo of dots on left hand",FIRST DEGREE MURDER,Canada,
2018/57775,MALEKSABET,EBRAHIMI,1952/12/11,"IR, CA",https://ws-public.interpol.int/notices/v1/red/2018-57775/images/61254193,https://ws-public.interpol.int/notices/v1/red/2018-57775/images,https://ws-public.interpol.int/notices/v1/red/2018-57775,M,Torbat Jam,Iran,,,,,,,"misappropriation/Breach of trust, Money laundering, fraud,forgery and counterfeiting and leading an organized criminal group",Iran,
2018/82975,DANIEL MARIO,TOMASSETTI,1991/01/10,CA,https://ws-public.interpol.int/notices/v1/red/2018-82975/images/61173902,https://ws-public.interpol.int/notices/v1/red/2018-82975/images,https://ws-public.interpol.int/notices/v1/red/2018-82975,M,Ontario,Canada,['BLU'],['BRO'],1.65,66.0,ENG,"Sleeve of tattoos left arm, chest and back (See attached photos)","1st Degree Murder (x2), Attempt Murder, Conspiracy To Commit Murder (x3)",Canada,
2018/41182,MENELAOS,GIAGOUDIS,1978/11/16,CA,https://ws-public.interpol.int/notices/v1/red/2018-41182/images/61040717,https://ws-public.interpol.int/notices/v1/red/2018-41182/images,https://ws-public.interpol.int/notices/v1/red/2018-41182,M,,,['BRO'],['BRO'],1.75,,ENG,,Drug trafficking and conspiracy,Canada,
2018/21914,GURJIT,SINGH,1971/10/08,CA,https://ws-public.interpol.int/notices/v1/red/2018-21914/images/60985812,https://ws-public.interpol.int/notices/v1/red/2018-21914/images,https://ws-public.interpol.int/notices/v1/red/2018-21914,M,"VILLAGE JOGI CHEEMA, PS QADIAN, DISTRICT GURDASPUR.",India,['BLA'],['BLA'],1.76,78.0,"HIN, PAN, ENG",CUT MARK ON RIGHT LEG.,"Punishment for raising funds for terrorist act; Punishment for conspiracy; Punishment for harboring; Punishment for being member of terrorist gang or organization; Arms act; Punishment for causing explosion likely to endanger life or property; Punishment for attempt to cause explosion, or for making or keeping explosive with intent to endanger life or property; Punishment for making or possessing explosives under suspicious circumstances; Foreigners Act.",India,
2018/20219,ALI OMAR,MOHAMED,1997/11/27,CA,https://ws-public.interpol.int/notices/v1/red/2018-20219/images/60986283,https://ws-public.interpol.int/notices/v1/red/2018-20219/images,https://ws-public.interpol.int/notices/v1/red/2018-20219,M,,Canada,['BLA'],['BLA'],1.78,70.0,"FRE, SOM, ENG",May have tightly braided hair approximately 6 inches long.,Second degree murder,Canada,
2018/17384,NOURALDIN,RABEE,1998/09/29,CA,https://ws-public.interpol.int/notices/v1/red/2018-17384/images/60969866,https://ws-public.interpol.int/notices/v1/red/2018-17384/images,https://ws-public.interpol.int/notices/v1/red/2018-17384,M,,Israel,['BROL'],['BLA'],1.88,68.0,ENG,Lower Left Back - Cut scar,"First Degree Murder, Kidnapping, Forcible Confinement",Canada,
2018/10480,WOJCIECH JOSEPH,GRZESIOWSKI,1977/07/16,"PL, CA",https://ws-public.interpol.int/notices/v1/red/2018-10480/images/60946184,https://ws-public.interpol.int/notices/v1/red/2018-10480/images,https://ws-public.interpol.int/notices/v1/red/2018-10480,M,,Poland,['BROH'],['BRO'],1.8,90.0,"ENG, POL",,"Instructing commission of offence for criminal organization (5x), Commission of offence for criminal organization (x7), Trafficking in substance (x5), Possession of property obtained by crime (x3), Possession for purpose of trafficking (x2)",Canada,
2017/289227,YOUCEF ABDERAHIM,BOURAS,1997/05/08,"DZ, CA",https://ws-public.interpol.int/notices/v1/red/2017-289227/images/60895994,https://ws-public.interpol.int/notices/v1/red/2017-289227/images,https://ws-public.interpol.int/notices/v1/red/2017-289227,M,,Algeria,['BRO'],['BLA'],1.75,65.0,FRE,,First degree murder,Canada,
2016/61605,MUHAMMAD,HANIF,1963/10/15,"CA, PK",https://ws-public.interpol.int/notices/v1/red/2016-61605/images/60188272,https://ws-public.interpol.int/notices/v1/red/2016-61605/images,https://ws-public.interpol.int/notices/v1/red/2016-61605,M,,Pakistan,['BRO'],['BLA'],1.7,82.0,"ENG, URD",,"Criminal Code of Canada - Sexual Assault (x2) 271C.C., Forcible Confinement (x2) 279(2) C.C, Sexual Interference (x2) C.C. 151, Invitation to sexual touching C.C. 152. Seven charge in all.",Canada,
2015/64170,SAHAND,ASKARI,1984/05/13,CA,https://ws-public.interpol.int/notices/v1/red/2015-64170/images/60005467,https://ws-public.interpol.int/notices/v1/red/2015-64170/images,https://ws-public.interpol.int/notices/v1/red/2015-64170,M,,Iran,['BRO'],['HAIB'],1.83,87.0,ENG,"Tattoo: left upper arm ""PERSIAN""",Attempt to commit murder and discharging restricted or prohibited firearm with intent,Canada,
2015/82921,HASSAN,EL HAJJ HASSAN,1988/03/22,CA,https://ws-public.interpol.int/notices/v1/red/2015-82921/images/59962425,https://ws-public.interpol.int/notices/v1/red/2015-82921/images,https://ws-public.interpol.int/notices/v1/red/2015-82921,M,ZEGDRAVA-SAYDA,Lebanon,,,0.0,0.0,,,1) Terrorism; 2) Documentary offence,Bulgaria,
2015/76077,FARAH MOHAMED,SHIRDON,1993/04/18,CA,https://ws-public.interpol.int/notices/v1/red/2015-76077/images/59939094,https://ws-public.interpol.int/notices/v1/red/2015-76077/images,https://ws-public.interpol.int/notices/v1/red/2015-76077,M,"TORONTO, ONTARIO",Canada,['BRO'],['BLA'],1.88,90.0,ENG,Wears glasses,"Leaving Canada to participate in activity of terrorist group,  Participation in activity of terrorist group, Instructing a person to carry out activity for terrorist group (x2), Commission of offence for terrorist group (x2)",Canada,
2015/61022,AHMAD,WASEEM,1988/02/12,"CA, PK",https://ws-public.interpol.int/notices/v1/red/2015-61022/images/59889745,https://ws-public.interpol.int/notices/v1/red/2015-61022/images,https://ws-public.interpol.int/notices/v1/red/2015-61022,M,,Pakistan,['BRO'],['BLA'],1.85,80.0,"ARA, ENG",,"Participation in activity of terrorist group, Leaving Canada to participate in activity of terrorist group, Facilitating terrorist activity",Canada,
2015/34489,PARMINDER SINGH,DEO,1954/12/25,CA,https://ws-public.interpol.int/notices/v1/red/2015-34489/images/59804661,https://ws-public.interpol.int/notices/v1/red/2015-34489/images,https://ws-public.interpol.int/notices/v1/red/2015-34489,M,"KHAROUDI, HOSHIARPUR, PUNJAB",India,,['BLA'],1.82,,"HIN, PAN, ENG",,"Narcotic Drugs and Psycotrophic Substances Act Cheating, Forgery,Thefts,Ctriminal conspiracy, and Arms Act.",India,
2015/29054,PARDEEP,SINGH,1976/09/26,CA,https://ws-public.interpol.int/notices/v1/red/2015-29054/images/59786945,https://ws-public.interpol.int/notices/v1/red/2015-29054/images,https://ws-public.interpol.int/notices/v1/red/2015-29054,M,"VILLAGE- LEELA MEGH SINGH,SADAR JAGRAON, LUDHIANA, PUNJAB",India,,['BLA'],1.78,0.0,"ENG, PAN",,"Cheating, Forgery, Forgery of Documents, Use of Forged Documents, Narcotic Drugs and Psychotropic Substances Act.",India,
2015/25717,KHADAR HASSAN,KHALIB,1991/08/18,CA,https://ws-public.interpol.int/notices/v1/red/2015-25717/images/59775270,https://ws-public.interpol.int/notices/v1/red/2015-25717/images,https://ws-public.interpol.int/notices/v1/red/2015-25717,M,"OTTAWA, ONTARIO",Canada,['BRO'],['BLA'],1.93,68.0,"ARA, ENG",,"Conspiracy, Participation in activity of terrorist group, Leaving Canada to participate in activity of a terrorist group.",Canada,
2015/25707,JOHN DOUGLAS,MAGUIRE,1990/10/13,CA,https://ws-public.interpol.int/notices/v1/red/2015-25707/images/59775243,https://ws-public.interpol.int/notices/v1/red/2015-25707/images,https://ws-public.interpol.int/notices/v1/red/2015-25707,M,"OTTAWA, ONTARIO",Canada,['BRO'],['BRO'],1.83,61.0,"ENG, ARA",,"Conspiracy, Participation in activity of terrorist group x2, Facilitating terrorist activity.",Canada,
2015/13636,HARBANS SINGH,SIDHU,1958/05/05,CA,,https://ws-public.interpol.int/notices/v1/red/2015-13636/images,https://ws-public.interpol.int/notices/v1/red/2015-13636,M,"VILLAGE- BURAJ LITTAN,PS- SUDHAR, DIST- LUDHIANA ( PUNJAB)",India,,,1.7,0.0,"PAN, ENG",,"Dealing in Narcotic Drugs and Psycotrophic substances,  Cheating, Forgery , Forgery of documents, Use of forged documents",India,
2015/13691,GURSEWAK SINGH,DHILLON,1970/12/16,CA,https://ws-public.interpol.int/notices/v1/red/2015-13691/images/59734712,https://ws-public.interpol.int/notices/v1/red/2015-13691/images,https://ws-public.interpol.int/notices/v1/red/2015-13691,M,"VILLAGE- LEEL, TEH. JAGRAON, PS: SUDHAR, DIST. LUDHIANA",India,,['BLA'],1.78,0.0,"PAN, ENG",,Dealing (arranging and sending abroad) in Narcotic Drugs and Psycotrophic Substances,India,
2014/51736,HASIBULLAH,YUSUFZAI,1989/05/20,"CA, AF",https://ws-public.interpol.int/notices/v1/red/2014-51736/images/59592216,https://ws-public.interpol.int/notices/v1/red/2014-51736/images,https://ws-public.interpol.int/notices/v1/red/2014-51736,M,,AF,['BRO'],['BLA'],1.83,59.0,,Subject speaks Dari.  Subject was involved in a motor vehicle accident in 2010 and may have possible surgical scarring due to metal pins to his right leg.,Leaving Canada for the purpose of committing an indictable offence in association with a terrorist group,Canada,
2014/42972,FRANCO,PACETTI,1966/04/12,CA,https://ws-public.interpol.int/notices/v1/red/2014-42972/images/59562454,https://ws-public.interpol.int/notices/v1/red/2014-42972/images,https://ws-public.interpol.int/notices/v1/red/2014-42972,M,MONTREAL,Canada,['BROL'],['BLA'],,,ENG,,FALSEDAD IDEOLOGICA,El Salvador,
2014/3357,GURBIR SINGH,GHUMAN,1956/10/07,CA,https://ws-public.interpol.int/notices/v1/red/2014-3357/images/59400330,https://ws-public.interpol.int/notices/v1/red/2014-3357/images,https://ws-public.interpol.int/notices/v1/red/2014-3357,M,PATIALA,India,['BLA'],['BRO'],1.85,,"PAN, ENG, FRE, HIN","1. Injury mark on right leg.
2. Injury mark on right ankle.
3. Injury mark on right hand.","Murder, Abettor present when offence is committed.",India,
2013/43963,VLADISLAV,MOSKALEV,1961/09/12,"RU, CA",https://ws-public.interpol.int/notices/v1/red/2013-43963/images/59381505,https://ws-public.interpol.int/notices/v1/red/2013-43963/images,https://ws-public.interpol.int/notices/v1/red/2013-43963,M,KHARKOV,Ukraine,,,0.0,0.0,RUS,,Abuse of authority,Russia,
2013/37730,SUBHASH RANCHHODDAS,AGRAWAL,1950/01/03,CA,https://ws-public.interpol.int/notices/v1/red/2013-37730/images/58743679,https://ws-public.interpol.int/notices/v1/red/2013-37730/images,https://ws-public.interpol.int/notices/v1/red/2013-37730,M,MUMBAI,India,['BLA'],,0.0,0.0,"HIN, ENG",,"Murder, robbery or dacoity with attempt to cause death or grievous hurt, house trespass, common intention, criminal conspiracy to commit an offence.

",India,
2005/56639,JOSEPHINE SUNSHINE,OVERAKER,1974/11/19,"CA, US",https://ws-public.interpol.int/notices/v1/red/2005-56639/images/57201213,https://ws-public.interpol.int/notices/v1/red/2005-56639/images,https://ws-public.interpol.int/notices/v1/red/2005-56639,F,TORONTO,Canada,['BRO'],['BRO'],1.6,59.0,"SPA, ENG","OVERAKER has tattoos on her upper back (large hawk with wings spread), right shoulder, left upper arm and shoulder, scars on her right and left ankle, right calf and right thigh, may weigh between 54 and 59 kilograms, and be between 157 and 160 centimeters tall.","1) Conspiracy to Commit Arson 
2) Conspiracy to Commit Arson and Destruction of an Energy Facility 
3) Attempted Arson
4) Arson of a U.S. Government Facility (3 counts)
5) Arson Affecting Interstate Commerce (2 counts) 
6) Destruction of an Energy Facility",United States of America,
2011/58906,JEAN YVES,TREMBLAY,1955/12/24,CA,https://ws-public.interpol.int/notices/v1/red/2011-58906/images/60038273,https://ws-public.interpol.int/notices/v1/red/2011-58906/images,https://ws-public.interpol.int/notices/v1/red/2011-58906,M,"GERARDVILLE, (DOLBEAU)  QUEBEC",Canada,['BLU'],['BRO'],1.8,88.0,"FRE, ENG",Tatoo logo Hell'S Angels avec mot Hell's Angels et Quebec,"Meurtre, complicité et autres",Canada,
2011/43763,BABAK,GHANAD,1976/01/31,CA,https://ws-public.interpol.int/notices/v1/red/2011-43763/images/55706749,https://ws-public.interpol.int/notices/v1/red/2011-43763/images,https://ws-public.interpol.int/notices/v1/red/2011-43763,M,MASHHAD,Iran,['BRO'],['BLA'],1.77,95.0,"ENG, IRA, IND","tattoo of devil head - middle of back, 
tattoo of devil face - left shoulder",1st Degree Murder,Canada,
2011/17167,MAIWAND,YAR,1983/08/13,"CA, AF",https://ws-public.interpol.int/notices/v1/red/2011-17167/images/55141249,https://ws-public.interpol.int/notices/v1/red/2011-17167/images,https://ws-public.interpol.int/notices/v1/red/2011-17167,M,,Pakistan,['BRO'],['BLA'],1.73,64.0,"PUS, ENG",,"CONSPIRACY TO PARTICIPATE IN A TERRORIST GROUP AND 
PARTICIPATED IN THE ACTIVITIES OF A TERRORIST GROUP",Canada,
2011/17152,FERID AHMED,IMAM,1980/09/28,CA,https://ws-public.interpol.int/notices/v1/red/2011-17152/images/55140929,https://ws-public.interpol.int/notices/v1/red/2011-17152/images,https://ws-public.interpol.int/notices/v1/red/2011-17152,M,,Ethiopia,['BRO'],['BLA'],1.7,63.0,ENG,,"INSTRUCTING TO CARRY OUT TERRORIST ACTIVITY AND 
CONSPIRACY TO CARRY OUT ACTIVITY OF A TERRORIST GROUP",Canada,
2010/41735,SYLVAIN,MAHEU,1962/05/05,CA,https://ws-public.interpol.int/notices/v1/red/2010-41735/images/54484168,https://ws-public.interpol.int/notices/v1/red/2010-41735/images,https://ws-public.interpol.int/notices/v1/red/2010-41735,M,"MONTRÉAL, QUÉBEC",Canada,['BROH'],['YELB'],1.7,70.0,FRE,"CICATRICES BRAS GAUCHE COUDE, PARTIE INFÉRIEURE ET SUPÉRIEURE/CICATRICE JAMBE DROITE ET
GAUCHE PAR  TIE SUPÉRIEURE/ DEUX OREILLES PERCÉES/TATOUAGES MULTIPLES SUR LES BRAS GAUCHE
ET DROIT, POITRINE.",MEURTRE AU PREMIER DEGRÉ,Canada,
2010/37029,SALMAN AN-NOOR,HOSSAIN,1985/01/03,CA,https://ws-public.interpol.int/notices/v1/red/2010-37029/images/54464777,https://ws-public.interpol.int/notices/v1/red/2010-37029/images,https://ws-public.interpol.int/notices/v1/red/2010-37029,M,,Bangladesh,['BRO'],['BLA'],1.57,54.0,ENG,,"ADVOCATE OR PROMOTE GENOCIDE AGAINST AN IDENTIFIABLE GROUP, TO WIT THE JEWISH PEOPLE (2 COUNTS)
WILFULLY PROMOTE HATRED AGAINST AN IDENTIFIABLE GROUP, TO WIT THE JEWISH PEOPLE (3 COUNTS)",Canada,
2009/10555,CHRISTOPHER DAVID,MEER,1984/07/27,CA,https://ws-public.interpol.int/notices/v1/red/2009-10555/images/54103229,https://ws-public.interpol.int/notices/v1/red/2009-10555/images,https://ws-public.interpol.int/notices/v1/red/2009-10555,M,,Canada,['BRO'],['BRO'],1.75,61.0,ENG,,ELEVEN (11) CRIMINAL CHARGES OF ARSON/EXTORTION AND OBSTRUCT JUSTICE,Canada,
2008/2494,MOHAMUD ABUKAR,HAGI,1983/01/01,"SO, CA",https://ws-public.interpol.int/notices/v1/red/2008-2494/images/61144272,https://ws-public.interpol.int/notices/v1/red/2008-2494/images,https://ws-public.interpol.int/notices/v1/red/2008-2494,M,,Somalia,['BRO'],['BLA'],1.75,75.0,"SOM, ENG",Scar on cheek,"First degree murder, possession of an unregistered weapon.",Canada,
2007/14648,NASSAR,ALAVI,1944/10/18,"CA, US, IR",https://ws-public.interpol.int/notices/v1/red/2007-14648/images/61250498,https://ws-public.interpol.int/notices/v1/red/2007-14648/images,https://ws-public.interpol.int/notices/v1/red/2007-14648,M,,Iran,['BRO'],['BRO'],1.655,61.5,"PER, ENG",,"(1) Rape by foreign object
(2) Sexual battery - fraudulent professional purpose (6 counts)",United States of America,
2006/29033,SAJADIAN,BABAK,1968/05/04,CA,https://ws-public.interpol.int/notices/v1/red/2006-29033/images/61370569,https://ws-public.interpol.int/notices/v1/red/2006-29033/images,https://ws-public.interpol.int/notices/v1/red/2006-29033,M,,Canada,,,,,"ENG, PER",,Drug smuggling,China,
2004/46152,VIJAYARAJAH,MANICKAVASAGAR,1981/06/25,"CA, LK",https://ws-public.interpol.int/notices/v1/red/2004-46152/images/61518430,https://ws-public.interpol.int/notices/v1/red/2004-46152/images,https://ws-public.interpol.int/notices/v1/red/2004-46152,M,JAFFNA,Sri Lanka,['BRO'],['BLA'],1.8,54.0,"ENG, TAM",,First degree murder,Canada,
2004/5422,ALAS,WARSAME,1981/09/15,"SO, CA",https://ws-public.interpol.int/notices/v1/red/2004-5422/images/62340802,https://ws-public.interpol.int/notices/v1/red/2004-5422/images,https://ws-public.interpol.int/notices/v1/red/2004-5422,M,,China,['BRO'],['BLA'],1.88,67.0,"CHI, ENG, SOM",Scar on right hand,1st degree murder,Canada,
1994/41113,DAVID MACDONALD,CARROL,1952/04/01,CA,https://ws-public.interpol.int/notices/v1/red/1994-41113/images/60919067,https://ws-public.interpol.int/notices/v1/red/1994-41113/images,https://ws-public.interpol.int/notices/v1/red/1994-41113,M,"Sydney, Nova Scotia",Canada,['GRE'],,1.82,90.0,"ENG, FRE",Hells Angels tattoos on right arm and on back,"Conspiracy to murder (1 count), conspiracy to drug trafficking  (2 counts), drug trafficking (2 counts), participating in a criminal organization related to drug trafficking (1 count), participating in a criminal organization concerning the conspiracy to murder (1 count), murder (13 counts), attempted murder (3 counts)",Canada,
1999/24742,KEVIN LOUIS,VERMETTE,1954/11/18,CA,https://ws-public.interpol.int/notices/v1/red/1999-24742/images/52189255,https://ws-public.interpol.int/notices/v1/red/1999-24742/images,https://ws-public.interpol.int/notices/v1/red/1999-24742,M,Jasper / Alberta,Canada,['BLU'],['BRO'],1.77,68.0,ENG,"Tattoos: Cat on right upper arm with the inscription ""Lucky""; coyote with a moon and dagger through a rose on left upper arm (see photographs).",Murder and attempted murder,Canada,
1990/8570,GREGORY ALLAN,PICTOU,1954/06/13,CA,https://ws-public.interpol.int/notices/v1/red/1990-8570/images/53250539,https://ws-public.interpol.int/notices/v1/red/1990-8570/images,https://ws-public.interpol.int/notices/v1/red/1990-8570,M,NOVA SCOTIA,Canada,['BRO'],['BLA'],1.73,0.0,,,first-degree murder,Canada,
