entity_id,forename,name,date_of_birth,nationalities,thumbnail,images,self_link,sex_id,place_of_birth,country_of_birth,eyes_colors_id,hairs_id,height,weight,languages_spoken_ids,distinguishing_marks,arrest_charge,arrest_issuing_country,arrest_charge_translation
2025/53283,CARLOS ALBERTO,PAEZ PEREDA,1995/09/27,MX,https://ws-public.interpol.int/notices/v1/red/2025-53283/images/63569728,https://ws-public.interpol.int/notices/v1/red/2025-53283/images,https://ws-public.interpol.int/notices/v1/red/2025-53283,M,,Mexico,,,,,"SPA, ENG",,"Homicidio, asociacion de malhechores,Drogas",Dominican Republic,
2025/52695,DANIEL HIRAM,JAQUEZ ORTEGA,2004/02/26,MX,https://ws-public.interpol.int/notices/v1/red/2025-52695/images/63563855,https://ws-public.interpol.int/notices/v1/red/2025-52695/images,https://ws-public.interpol.int/notices/v1/red/2025-52695,M,,Mexico,,,0.0,0.0,SPA,,"Homicidio, asociación de malhechores, drogas",Dominican Republic,
2025/52701,CESAR EDUARDO,GONZALEZ ZAVALA,1978/02/11,MX,https://ws-public.interpol.int/notices/v1/red/2025-52701/images/63569708,https://ws-public.interpol.int/notices/v1/red/2025-52701/images,https://ws-public.interpol.int/notices/v1/red/2025-52701,M,,Mexico,,,,,,,"Homicidio, asociación de malhechores, drogas",Dominican Republic,
2022/46004,VLADIMIR,PLAHOTNIUC,1966/01/01,"RO, MD, RU, MX",https://ws-public.interpol.int/notices/v1/red/2022-46004/images/62490296,https://ws-public.interpol.int/notices/v1/red/2022-46004/images,https://ws-public.interpol.int/notices/v1/red/2022-46004,M,"Pitusca village, Calarasi district",Moldova,,,,,"ENG, RUS, RUM",,"Penal case no 2014978151:

Creating or Leading a Criminal Organization; Prolonged Crime; Participants; Fraud,Prolonged Crime; Money Laundering; Prolonged Crime;Participants;Fraud;Prolonged Crime, Money Laundering.",Moldova,
2019/31187,JONATHAN,PINEDO MURPHY,1983/04/20,"MX, US",https://ws-public.interpol.int/notices/v1/red/2019-31187/images/61348245,https://ws-public.interpol.int/notices/v1/red/2019-31187/images,https://ws-public.interpol.int/notices/v1/red/2019-31187,M,Mexico,Mexico,,,,,"ENG, SPA",,"Lavado de Dinero u Otros Activos, Narcotráfico y traslado ilegal de arma de fuego.",Guatemala,
2019/31207,OSCAR ALBERTO,FLORES SERRANO,1989/08/08,MX,https://ws-public.interpol.int/notices/v1/red/2019-31207/images/61348284,https://ws-public.interpol.int/notices/v1/red/2019-31207/images,https://ws-public.interpol.int/notices/v1/red/2019-31207,M,Guadalajara Jalisco,Mexico,,,,,"SPA, ENG",,"Lavado de Dinero, traslado Ilegal de Arma de Fuego.",Guatemala,
2018/13383,JOSÉ LUIS,ALVARADO URREA,1979/12/26,MX,https://ws-public.interpol.int/notices/v1/red/2018-13383/images/60957040,https://ws-public.interpol.int/notices/v1/red/2018-13383/images,https://ws-public.interpol.int/notices/v1/red/2018-13383,M,,Mexico,,,0.0,0.0,SPA,,rapiña especialmente agravada por el uso de armas en calidad de co autor y asociación para delinquir en calidad de autores,Uruguay,
2018/13385,KATIA CELINA,BAYARDO LOPEZ,1994/06/14,MX,https://ws-public.interpol.int/notices/v1/red/2018-13385/images/60957046,https://ws-public.interpol.int/notices/v1/red/2018-13385/images,https://ws-public.interpol.int/notices/v1/red/2018-13385,F,,Mexico,,,0.0,0.0,SPA,,rapiña especialmente agravada por el uso de armas en calidad de co autor y asociación para delinquir en calidad de autores,Uruguay,
2017/292912,RAMON ANTONIO,YAÑEZ OCHOA,1958/08/31,MX,https://ws-public.interpol.int/notices/v1/red/2017-292912/images/60908874,https://ws-public.interpol.int/notices/v1/red/2017-292912/images,https://ws-public.interpol.int/notices/v1/red/2017-292912,M,"CUAUHTEMOC, ESTADO DE COLIMA",Mexico,,,0.0,0.0,SPA,,EVASION,Guatemala,
2017/186334,JAVIER,CABRERA MADRIGAL,1995/05/07,MX,https://ws-public.interpol.int/notices/v1/red/2017-186334/images/60702889,https://ws-public.interpol.int/notices/v1/red/2017-186334/images,https://ws-public.interpol.int/notices/v1/red/2017-186334,M,,Mexico,,,,,SPA,,TRAFICO Y CONTRABANDO DE ESTUPEFACIENTES,Argentina,
2017/186337,JUAN MANUEL,CORZA PIMENTEL,1987/08/05,MX,https://ws-public.interpol.int/notices/v1/red/2017-186337/images/60702893,https://ws-public.interpol.int/notices/v1/red/2017-186337/images,https://ws-public.interpol.int/notices/v1/red/2017-186337,M,,Mexico,,,,,SPA,,TRAFICO Y CONTRABANDO DE ESTUPEFACIENTES,Argentina,
2015/82648,RODRIGO VILLAREAL,RAMOS,1987/09/25,MX,https://ws-public.interpol.int/notices/v1/red/2015-82648/images/59961443,https://ws-public.interpol.int/notices/v1/red/2015-82648/images,https://ws-public.interpol.int/notices/v1/red/2015-82648,M,,Mexico,['BRO'],['BLA'],1.73,73.0,"ENG, SPA",,Sexual Assault,United States of America,
2015/80935,FERNANDO,RODRIGUEZ,1972/07/25,MX,https://ws-public.interpol.int/notices/v1/red/2015-80935/images/59956041,https://ws-public.interpol.int/notices/v1/red/2015-80935/images,https://ws-public.interpol.int/notices/v1/red/2015-80935,M,"CARDEL, VERACRUZ",Mexico,['BRO'],['BRO'],1.68,59.0,"SPA, ENG","RODRIGUEZ has a scar under his right eyebrow or eye area, a tattoo of a face on his chest, and a tattoo of the Virgin Mary on his back. RODRIGUEZ may have brown or black hair, be between 168 and 170 centimeters tall, and weigh between 59 and 64 kilograms.",Identity Theft,United States of America,
2014/70800,HORACIO CARLOS,TERAN,1963/09/10,"MX, US",https://ws-public.interpol.int/notices/v1/red/2014-70800/images/59659509,https://ws-public.interpol.int/notices/v1/red/2014-70800/images,https://ws-public.interpol.int/notices/v1/red/2014-70800,M,TAMAULIPAS,Mexico,['BRO'],['BLA'],1.88,80.0,"SPA, ENG","TERAN has a mole on his right cheek near his lip, and his hair may be brown or black.",Lewd or lascivious act on a child under 14 years of age (5 counts),United States of America,
2014/46395,ARMANDO REYES,DIAZ,1982/09/03,MX,https://ws-public.interpol.int/notices/v1/red/2014-46395/images/59574183,https://ws-public.interpol.int/notices/v1/red/2014-46395/images,https://ws-public.interpol.int/notices/v1/red/2014-46395,M,,Mexico,['BRO'],['BLA'],1.73,73.0,"ENG, SPA","DIAZ may have a beard, and his height and weight are estimates.",First Degree Murder (2 counts),United States of America,
2014/38442,EDUARDO,CORDOVA BAUTISTA,1959/07/05,MX,https://ws-public.interpol.int/notices/v1/red/2014-38442/images/59547300,https://ws-public.interpol.int/notices/v1/red/2014-38442/images,https://ws-public.interpol.int/notices/v1/red/2014-38442,M,SAN LUIS POTOSI,Mexico,['GRE'],['GRYG'],1.72,0.0,SPA,TIENE CEJAS ABUNDANTES,"PRIVACION ILEGAL DE LA LIBERTAD, ABUSO SEXUAL CALIFICADO, CORRUPCION DE PERSONAS MENORES DE DIECIOCHO AÑOS DE EDAD O DE PERSONAS QUE NO TIENEN CAPACIDAD PARA COMPRENDER EL SIGNIFICADO DEL HECHO O DE PERSONAS QUE NO TIENEN LA CAPACIDAD DE RESISTIRLO Y VIOLACION EQUIPARADA",Mexico,
2014/16691,EDGAR,ALMARAZ-TINAJERO,1980/05/15,MX,https://ws-public.interpol.int/notices/v1/red/2014-16691/images/59459385,https://ws-public.interpol.int/notices/v1/red/2014-16691/images,https://ws-public.interpol.int/notices/v1/red/2014-16691,M,DISTRITO FEDERAL,Mexico,['BRO'],['BLA'],1.78,91.0,SPA,,"1) Sexual activity with a child (3 counts)
2) Lewd or lascivious molestation
3) Impregnating a child under 16 by a person 21 or older",United States of America,
2013/69177,JOSE,ESPINOZA-DIAZ,1973/09/30,"MX, US",https://ws-public.interpol.int/notices/v1/red/2013-69177/images/59371445,https://ws-public.interpol.int/notices/v1/red/2013-69177/images,https://ws-public.interpol.int/notices/v1/red/2013-69177,M,"MATAMOROS, TAMAULIPAS",Mexico,['BRO'],['BLA'],1.7,68.0,"ENG, SPA",,"1) Murder in the first degree 
2) Murder in the third degree 
3) Aggravated assault, with extreme indifference to the value of human life
4) Aggravated assault, with a deadly weapon
5) Possessing an instrument of crime",United States of America,
2013/72508,ALBERTO RODRIGUEZ,RODRIGUEZ,1972/04/07,MX,https://ws-public.interpol.int/notices/v1/red/2013-72508/images/59385217,https://ws-public.interpol.int/notices/v1/red/2013-72508/images,https://ws-public.interpol.int/notices/v1/red/2013-72508,M,,Mexico,['BRO'],['BRO'],1.73,82.0,"ENG, SPA",,Child Stealing (3 counts),United States of America,
2013/21323,ENRIQUE,ELIZALDE,1979/07/28,MX,https://ws-public.interpol.int/notices/v1/red/2013-21323/images/58521608,https://ws-public.interpol.int/notices/v1/red/2013-21323/images,https://ws-public.interpol.int/notices/v1/red/2013-21323,M,"MUSQUIZ, COAHUILA",Mexico,['BRO'],['BLA'],1.73,82.0,"SPA, ENG","ELIZALDE has a scar on one of his fingers on his right hand, and may also have a scar above his left eyebrow.",Murder,United States of America,
2013/21317,FRANCISCO JAVIER,RAMIREZ,1971/06/26,MX,https://ws-public.interpol.int/notices/v1/red/2013-21317/images/58521649,https://ws-public.interpol.int/notices/v1/red/2013-21317/images,https://ws-public.interpol.int/notices/v1/red/2013-21317,M,,Mexico,['BRO'],['BLA'],1.63,73.0,"ENG, SPA","RAMIREZ has a tattoo on the left side of his chest of Jesus with a crown of thorns, a tattoo on his back of an Aztec symbol with a woman, and he may have black or brown hair.",Murder,United States of America,
2012/312782,MIGUEL,GARCIA,1968/04/10,MX,https://ws-public.interpol.int/notices/v1/red/2012-312782/images/57428875,https://ws-public.interpol.int/notices/v1/red/2012-312782/images,https://ws-public.interpol.int/notices/v1/red/2012-312782,M,,Mexico,['BRO'],['BLA'],1.6,73.0,"SPA, ENG","GARCIA may have a mustache, is between 160 and 165 centimeters tall, and weighs between 66 and 73 kilograms.","1) First Degree Murder, with intent to kill 
2) First Degree Murder, knowing such acts create a strong probability of death 
3) Concealment of a Homicidal Death",United States of America,
2011/38657,CRISTOBAL,RAMIREZ,1946/07/24,MX,https://ws-public.interpol.int/notices/v1/red/2011-38657/images/57239931,https://ws-public.interpol.int/notices/v1/red/2011-38657/images,https://ws-public.interpol.int/notices/v1/red/2011-38657,M,,Mexico,['BRO'],['GRY'],1.85,123.0,"ENG, SPA","RAMIREZ has a scar on his left hand, may use contact lenses or wear glasses, and may have graying black hair.",Conspiracy to possess with intent to distribute in excess of 5 kilograms of cocaine,United States of America,
2012/298628,REYNALDO,ZAMORA MARCIAL,1982/07/07,MX,https://ws-public.interpol.int/notices/v1/red/2012-298628/images/57226935,https://ws-public.interpol.int/notices/v1/red/2012-298628/images,https://ws-public.interpol.int/notices/v1/red/2012-298628,M,,Mexico,['BRO'],['BLA'],1.665,74.0,SPA,"ZAMORA-MARCIAL may be between 165 and 168 centimeters tall, and weigh between 73 and 75 kilograms.",Murder,United States of America,
2012/301015,LEANDRO,LOZANO-JIMINEZ,1989/02/27,MX,https://ws-public.interpol.int/notices/v1/red/2012-301015/images/56900223,https://ws-public.interpol.int/notices/v1/red/2012-301015/images,https://ws-public.interpol.int/notices/v1/red/2012-301015,M,,Mexico,['BRO'],['BLA'],1.65,61.0,"ENG, SPA",LOZANO-JIMINEZ may weigh between 57 and 61 kilograms.,Aggravated Assault,United States of America,
2012/299673,GILBERTO,JUAREZ-HERNANDEZ,1980/02/04,MX,https://ws-public.interpol.int/notices/v1/red/2012-299673/images/56887599,https://ws-public.interpol.int/notices/v1/red/2012-299673/images,https://ws-public.interpol.int/notices/v1/red/2012-299673,M,,Mexico,['BRO'],['BLA'],1.73,68.0,"SPA, ENG","JUAREZ-HERNANDEZ has scars on the back of his left hand, his left thumb, and on his back.",MURDER IN THE FIRST DEGREE (2 COUNTS),United States of America,
2012/298473,JULIO,ROMERO,1965/04/12,MX,https://ws-public.interpol.int/notices/v1/red/2012-298473/images/56877455,https://ws-public.interpol.int/notices/v1/red/2012-298473/images,https://ws-public.interpol.int/notices/v1/red/2012-298473,M,,Mexico,['BRO'],['BRO'],1.65,64.0,"SPA, ENG","ROMERO may weigh between 64 and 77 kilograms. ROMERO may have tattoos on his right shoulder or his back, a mole on his neck, scar on his nose, and scar on his forehead or eyebrow. 

DNA CODE: On File","1) Forcible Rape (4 counts)
2) Forcible Oral Copulation (7 counts)
3) Sexual Penetration by Foreign Object by Force (2 counts)
4) Sodomy by Force (1 count)
5) Assault with Intent to Commit Sexual Offense (1 count)
6) Kidnapping to Commit Sex Offense (1 count)",United States of America,
2011/66531,LEONARDO,RAMIREZ BARAJAS,1958/09/09,MX,https://ws-public.interpol.int/notices/v1/red/2011-66531/images/56429130,https://ws-public.interpol.int/notices/v1/red/2011-66531/images,https://ws-public.interpol.int/notices/v1/red/2011-66531,M,,Mexico,['BRO'],['BLA'],1.63,75.0,SPA,"RAMIREZ BARAJAS has a facial scar on his right cheek, and tattoos on his abdomen, chest, right arm, left shoulder, and left forearm. RAMIREZ BARAJAS may be between 156 and 163 centimeters tall, and weigh between 75 and 82 kilograms.","1) Lewd Act Upon Child Under 14 (3 Counts)
2) First Degree Residential Burglary",United States of America,
2011/64667,ENRIQUETA,MOLINA-JIMENEZ,1955/07/15,MX,https://ws-public.interpol.int/notices/v1/red/2011-64667/images/56391689,https://ws-public.interpol.int/notices/v1/red/2011-64667/images,https://ws-public.interpol.int/notices/v1/red/2011-64667,F,"ZACUALPAN, TLAXCALA",Mexico,['BRO'],['BLA'],1.65,68.0,SPA,MOLINA-JIMENEZ's height and weight are estimated.,"1) Aggravated Assault
2) Endangering the Welfare of a Child",United States of America,
2011/64115,GONZALO,GARCIA,1977/12/03,MX,https://ws-public.interpol.int/notices/v1/red/2011-64115/images/56359209,https://ws-public.interpol.int/notices/v1/red/2011-64115/images,https://ws-public.interpol.int/notices/v1/red/2011-64115,M,PUEBLA,Mexico,['BRO'],['BLA'],1.75,84.0,SPA,GARCIA may weigh between 68 and 84 kilograms and be between 173 and 183 centimeters tall.,Murder,United States of America,
2011/55055,SERGIO,ROBLES,1982/04/04,MX,https://ws-public.interpol.int/notices/v1/red/2011-55055/images/56071829,https://ws-public.interpol.int/notices/v1/red/2011-55055/images,https://ws-public.interpol.int/notices/v1/red/2011-55055,M,,Mexico,['BRO'],['BLA'],1.65,85.0,"SPA, ENG",,Conspiracy to possess with intent to distribute over 5 kilograms of cocaine,United States of America,
2010/58685,MIGUEL ANGEL,RANGEL,1974/09/25,MX,https://ws-public.interpol.int/notices/v1/red/2010-58685/images/54778273,https://ws-public.interpol.int/notices/v1/red/2010-58685/images,https://ws-public.interpol.int/notices/v1/red/2010-58685,M,,Mexico,['BRO'],,1.78,80.0,SPA,"RANGEL has tattoos on his upper left arm, left arm, and upper right arm. RANGEL has black hair but is known to bleach it to a light or blond color.","1) Murder
2) Possession for sale of methamphetamine",United States of America,
2010/42449,ALVINO MARCELO,TRUJILLO ORTIZ,1971/01/16,MX,https://ws-public.interpol.int/notices/v1/red/2010-42449/images/54487886,https://ws-public.interpol.int/notices/v1/red/2010-42449/images,https://ws-public.interpol.int/notices/v1/red/2010-42449,M,,Mexico,['BRO'],['BLA'],1.65,75.0,SPA,,"1) CONTINUOUS SEXUAL ABUSE 
2) LEWD ACT UPON CHILD UNDER 14 
3) LEWD ACT UPON CHILD 14 TO 15 YEARS OLD",United States of America,
2010/9491,JOSE,MANCILLA,1975/09/08,MX,https://ws-public.interpol.int/notices/v1/red/2010-9491/images/54332627,https://ws-public.interpol.int/notices/v1/red/2010-9491/images,https://ws-public.interpol.int/notices/v1/red/2010-9491,M,,,['BRO'],['BLA'],1.73,73.0,"SPA, ENG",UNKNOWN,MURDER,United States of America,
2009/35795,JOEL,GARCIA SANCHEZ,1979/05/05,MX,https://ws-public.interpol.int/notices/v1/red/2009-35795/images/54241687,https://ws-public.interpol.int/notices/v1/red/2009-35795/images,https://ws-public.interpol.int/notices/v1/red/2009-35795,M,,,['BRO'],['BLA'],1.57,59.0,"ENG, SPA",NONE KNOWN,MURDER (1 COUNT),United States of America,
2009/6773,TOMAS,ZARAGOZA MARQUES,1945/05/16,MX,https://ws-public.interpol.int/notices/v1/red/2009-6773/images/54092277,https://ws-public.interpol.int/notices/v1/red/2009-6773/images,https://ws-public.interpol.int/notices/v1/red/2009-6773,M,,Mexico,['BRO'],['GRY'],1.575,79.0,SPA,,"1) Unlawful sexual penetration in the first degree (3 counts); 
2) Sexual abuse in the first degree (5 counts)",United States of America,
2008/38552,GUADALUPE RESPICIO,ORTEGA MENDEZ,1977/05/12,MX,https://ws-public.interpol.int/notices/v1/red/2008-38552/images/54062072,https://ws-public.interpol.int/notices/v1/red/2008-38552/images,https://ws-public.interpol.int/notices/v1/red/2008-38552,M,COLCOMA,Mexico,['BLA'],['BRO'],1.675,125.0,,Mole on the lower left side of his chin,1) Distribution of 500 grams or more of Methamphetamine ; 2) Possession with Intent to Distribute 500 grams or more of Methamphetamine ,United States of America,
2008/34732,VICTOR VALENTE,QUEZADA,1981/04/02,MX,https://ws-public.interpol.int/notices/v1/red/2008-34732/images/54060643,https://ws-public.interpol.int/notices/v1/red/2008-34732/images,https://ws-public.interpol.int/notices/v1/red/2008-34732,M,"NUEVO LAREDO, TAMAULIPAS",Mexico,['BRO'],['BLA'],1.675,58.5,"SPA, ENG",may have a goatee,"Robbery
",United States of America,
2008/18082,GIOVANNI,RUANOVA,1966/09/11,MX,https://ws-public.interpol.int/notices/v1/red/2008-18082/images/54019539,https://ws-public.interpol.int/notices/v1/red/2008-18082/images,https://ws-public.interpol.int/notices/v1/red/2008-18082,M,,Mexico,['BRO'],"['BLA', 'GRY']",1.75,79.0,"SPA, ENG",Grey hair streak in the front of the head,"(1) Conspiracy to possess with intent to distribute and to distribute marijuana 
(2) Conspiracy to launder monetary instruments 
(3) Use of a telephone to facilitate a drug conspiracy (5 counts)",United States of America,
2008/17658,ARTURO,HERNANDEZ MARTINEZ,1980/05/06,MX,https://ws-public.interpol.int/notices/v1/red/2008-17658/images/53956779,https://ws-public.interpol.int/notices/v1/red/2008-17658/images,https://ws-public.interpol.int/notices/v1/red/2008-17658,M,,Mexico,['BRO'],['BLA'],1.675,90.5,"ENG, SPA",,First degree murder (2 counts),United States of America,
2006/40624,SALVADOR,ARCE,1972/01/17,MX,https://ws-public.interpol.int/notices/v1/red/2006-40624/images/61240773,https://ws-public.interpol.int/notices/v1/red/2006-40624/images,https://ws-public.interpol.int/notices/v1/red/2006-40624,M,,Mexico,['BRO'],['BLA'],1.7,72.5,"SPA, ENG",,"(1) Delivery of cocaine;  
(2) Bail jumping",United States of America,
