entity_id,forename,name,date_of_birth,nationalities,thumbnail,images,self_link,sex_id,place_of_birth,country_of_birth,eyes_colors_id,hairs_id,height,weight,languages_spoken_ids,distinguishing_marks,arrest_charge,arrest_issuing_country,arrest_charge_translation
2019/78091,AZLEEF MOHAMED,ALI RASHEED,1989/12/05,MV,https://ws-public.interpol.int/notices/v1/red/2019-78091/images/61500348,https://ws-public.interpol.int/notices/v1/red/2019-78091/images,https://ws-public.interpol.int/notices/v1/red/2019-78091,M,MALE,Maldives,['BLA'],['BLA'],,,"DIV, ENG",,"1) 20 of NDPS Act- Punishment for contravention in relation to cannabis plant and cannabis- Whoever, in contravention of any provisions of this Act or any rule or order made or condition of license granted thereunder
2) 20(b)of NDPS Act- Produces, manufactures, possesses, sells, purchases, transports, imports inter- State, exports Inter State or uses cannabis, shall be punishable.
20(b)(ii) of NDPS Act- Where such contravention relates to sub-clause.
20 (c) of NDPS Act-Involves commercial quantity, with rigorous improsonment for a term which shall not be less than ten years but which may extend to twenty years and shall also be liable to fine wich shall not be less than one lakh rupees but which may extend to two lakh rupees.
29 of NDPS Act - Punishment for abetment and criminal conspiracy-",India,
2014/65192,MOHAMED,BAGIR,1971/01/21,MV,https://ws-public.interpol.int/notices/v1/red/2014-65192/images/59640807,https://ws-public.interpol.int/notices/v1/red/2014-65192/images,https://ws-public.interpol.int/notices/v1/red/2014-65192,M,S.HITHADHOO,Maldives,,,0.0,0.0,"DIV, ENG",,Fraud / deception to gain wealth unlawfully.,Maldives,
2012/311831,MOHAMED,ABDULLA,1970/11/06,MV,https://ws-public.interpol.int/notices/v1/red/2012-311831/images/57125675,https://ws-public.interpol.int/notices/v1/red/2012-311831/images,https://ws-public.interpol.int/notices/v1/red/2012-311831,M,MALE',Maldives,,,0.0,0.0,DIV,,"To investigate an alleged crime of deception and forgery, due to accusation of withdrawing unauthorized funds of MRF 11.8 million (eleven point eight million Maldivian rufiyaa) from the State Bank of India's account which belongs to the government of Maldives.",Maldives,
2007/48607,YOOSUF,HASSAN,1981/06/04,MV,https://ws-public.interpol.int/notices/v1/red/2007-48607/images/61177607,https://ws-public.interpol.int/notices/v1/red/2007-48607/images,https://ws-public.interpol.int/notices/v1/red/2007-48607,M,L. Maavah,Maldives,['BLA'],['BLA'],,,ENG,,Committing acts of terrorism,Maldives,
2007/48649,MANIK,MOOSA,1987/09/04,MV,https://ws-public.interpol.int/notices/v1/red/2007-48649/images/61177601,https://ws-public.interpol.int/notices/v1/red/2007-48649/images,https://ws-public.interpol.int/notices/v1/red/2007-48649,M,S. Hithadhoo,Maldives,['BLA'],['BLA'],,,ENG,,Committing acts of terrorism,Maldives,
2007/48651,RIYAZ,HASSAN,1986/02/07,MV,https://ws-public.interpol.int/notices/v1/red/2007-48651/images/61177590,https://ws-public.interpol.int/notices/v1/red/2007-48651/images,https://ws-public.interpol.int/notices/v1/red/2007-48651,M,N. Kudafari,Maldives,['BLA'],['BLA'],,,ENG,,Committing acts of terrorism,Maldives,
2007/48658,IMAD,MOHAMED,1980/04/11,MV,https://ws-public.interpol.int/notices/v1/red/2007-48658/images/61175374,https://ws-public.interpol.int/notices/v1/red/2007-48658/images,https://ws-public.interpol.int/notices/v1/red/2007-48658,M,B. Dharavandhoo,Maldives,['BLA'],['BLA'],,,ENG,,Committing acts of terrorism,Maldives,
2007/48654,SHAMEEM,ALI,1982/07/03,MV,https://ws-public.interpol.int/notices/v1/red/2007-48654/images/61175406,https://ws-public.interpol.int/notices/v1/red/2007-48654/images,https://ws-public.interpol.int/notices/v1/red/2007-48654,M,Sh.  Komandoo,Maldives,['BLA'],['BLA'],,,ENG,,Committing acts of terrorism,Maldives,
2007/48652,SIMAD,HUSSAIN,1982/07/03,MV,https://ws-public.interpol.int/notices/v1/red/2007-48652/images/61177585,https://ws-public.interpol.int/notices/v1/red/2007-48652/images,https://ws-public.interpol.int/notices/v1/red/2007-48652,M,B. Dharavandhoo,Maldives,['BLA'],['BLA'],,,ENG,,Committing acts of terrorism,Maldives,
