entity_id,forename,name,date_of_birth,nationalities,thumbnail,images,self_link,sex_id,place_of_birth,country_of_birth,eyes_colors_id,hairs_id,height,weight,languages_spoken_ids,distinguishing_marks,arrest_charge,arrest_issuing_country,arrest_charge_translation
2018/72355,ELVIR,MUMINOVIC,1975/02/18,"CH, BA",https://ws-public.interpol.int/notices/v1/red/2018-72355/images/61142649,https://ws-public.interpol.int/notices/v1/red/2018-72355/images,https://ws-public.interpol.int/notices/v1/red/2018-72355,M,SARAJEVO,Bosnia & Herzegovina,,,0.0,0,,,WAR CRIMES AGAINST CIVILIANS,Bosnia & Herzegovina,
2015/80140,CARLO VALENTINO FERDINANDO,GEROSA,1946/11/11,"CH, IT",https://ws-public.interpol.int/notices/v1/red/2015-80140/images/59953002,https://ws-public.interpol.int/notices/v1/red/2015-80140/images,https://ws-public.interpol.int/notices/v1/red/2015-80140,M,MILAN,Italy,,,1.89,0,ITA,,"Section 3 of PMLA-Offence of Money Laundering, Section 4 of PMLA-Punishment for Money Laundering.",India,
2013/6028,JORG JOSEF,DOSSENBACH,1947/11/25,CH,https://ws-public.interpol.int/notices/v1/red/2013-6028/images/60039289,https://ws-public.interpol.int/notices/v1/red/2013-6028/images,https://ws-public.interpol.int/notices/v1/red/2013-6028,M,BAAR,Switzerland,['GRE'],['GRY'],1.82,0,,hole left lobe,PARTICIPATION AT A CRIMINAL ASSOCIATION.,Italy,
2011/12965,MARCO AURELIO GIUSEPPE,STREIT,1957/10/20,CH,https://ws-public.interpol.int/notices/v1/red/2011-12965/images/55087347,https://ws-public.interpol.int/notices/v1/red/2011-12965/images,https://ws-public.interpol.int/notices/v1/red/2011-12965,M,,Switzerland,['BROD'],['BLA'],1.73,91,"ENG, FRE, ITA",Cicatriz lado izquierdo por una operacion de riñon.,SECUESTRO DE MENORES,Dominican Republic,
