entity_id,forename,name,date_of_birth,nationalities,thumbnail,images,self_link,sex_id,place_of_birth,country_of_birth,eyes_colors_id,hairs_id,height,weight,languages_spoken_ids,distinguishing_marks,arrest_charge,arrest_issuing_country,arrest_charge_translation
2025/46366,MOHAMED,LAKKIS,1972/06/27,LB,https://ws-public.interpol.int/notices/v1/red/2025-46366/images/63537769,https://ws-public.interpol.int/notices/v1/red/2025-46366/images,https://ws-public.interpol.int/notices/v1/red/2025-46366,M,Lebanon,,,,,,FRE,,Murder,Angola,
2025/1473,CARLOS,GHOSN BICHARA,1954/03/09,"BR, LB, FR",https://ws-public.interpol.int/notices/v1/red/2025-1473/images/63334288,https://ws-public.interpol.int/notices/v1/red/2025-1473/images,https://ws-public.interpol.int/notices/v1/red/2025-1473,M,,,,,,,"ARA, FRE, POR, ENG, SPA",,Violation of Companies Act Article 960(1) and (iii),Japan,
2023/30656,RIAD TOUFIK,SALAME,1950/07/17,"FR, LB",https://ws-public.interpol.int/notices/v1/red/2023-30656/images/62741907,https://ws-public.interpol.int/notices/v1/red/2023-30656/images,https://ws-public.interpol.int/notices/v1/red/2023-30656,M,Antelias,Lebanon,,,,,"ENG, ARA, FRE",,"- Association de malfaiteurs en vue de commettre des délits punis de 10 ans d'emprisonnement. 
- Blanchiment en bande organisée.
- Blanchiment de fraude fiscale aggravée",France,
2023/28245,GEORGES,LOTFI,1940/11/05,"FR, LB",https://ws-public.interpol.int/notices/v1/red/2023-28245/images/62732989,https://ws-public.interpol.int/notices/v1/red/2023-28245/images,https://ws-public.interpol.int/notices/v1/red/2023-28245,M,Beirut,Lebanon,,['GRY'],,,,,"1) Criminal Possession of Stolen Property in the First Degree 
2) Criminal Possession of Stolen Property in the Second Degree (14 counts)
3) Criminal Possession of Stolen Property in the Third Degree (9 counts)",United States of America,
2022/55147,GEORGES,JUNIOR FARES BEJJANI,1990/09/14,"FR, LB",https://ws-public.interpol.int/notices/v1/red/2022-55147/images/62648941,https://ws-public.interpol.int/notices/v1/red/2022-55147/images,https://ws-public.interpol.int/notices/v1/red/2022-55147,M,Beit Chabab,Lebanon,,,,,,,Drug trafficking,Brazil,
2016/90932,ALI,FOUANI,1991/04/29,LB,https://ws-public.interpol.int/notices/v1/red/2016-90932/images/60265264,https://ws-public.interpol.int/notices/v1/red/2016-90932/images,https://ws-public.interpol.int/notices/v1/red/2016-90932,M,BEYROUTH,Lebanon,['BLA'],['BLA'],,,"ENG, POR",,COMISION DEL HECHO PUNIBLE DE LESION GRAVE Y VIOLENCIA FAMILIAR,Paraguay,
2016/71159,MOHAMED,AKRA,1962/12/17,"LB, FR",https://ws-public.interpol.int/notices/v1/red/2016-71159/images/60219530,https://ws-public.interpol.int/notices/v1/red/2016-71159/images,https://ws-public.interpol.int/notices/v1/red/2016-71159,M,,Kuwait,,,0.0,0.0,,,"TRAFFICKING IN HIGH RISK DRUGS, ATTEMPT TO INTERNATIONAL TRAFFICK OF HIGH RISK DRUGS",Romania,
2015/69759,IBRAHIM SULEIMAN,HUSSEIN MOHAMAD,1960,LB,https://ws-public.interpol.int/notices/v1/red/2015-69759/images/60000249,https://ws-public.interpol.int/notices/v1/red/2015-69759/images,https://ws-public.interpol.int/notices/v1/red/2015-69759,M,EL KHAIM,Lebanon,,,0.0,0.0,,,"TERRORISMO, EXPLOSIÓN, HOMICIDIO, LESIONES CALIFICADAS Y DAÑOS",Argentina,
2012/332849,MARWAN,SWEIDAN,1987/07/10,LB,https://ws-public.interpol.int/notices/v1/red/2012-332849/images/57952337,https://ws-public.interpol.int/notices/v1/red/2012-332849/images,https://ws-public.interpol.int/notices/v1/red/2012-332849,M,BEIRUT,Lebanon,['BRO'],['BLA'],1.8,77.0,ENG,,Sexual Assault,United States of America,
2009/34975,HUSAYN MUHAMMED,AL-UMARI,1948,LB,https://ws-public.interpol.int/notices/v1/red/2009-34975/images/54238023,https://ws-public.interpol.int/notices/v1/red/2009-34975/images,https://ws-public.interpol.int/notices/v1/red/2009-34975,M,JAFFA,,['BRO'],['BLA'],1.67,0.0,"ARA, ENG","AL-UMARI HAS A SCAR FROM THE FINGERS OF HIS RIGHT HAND EXTENDING UP HIS FOREARM, AND A SCAR ON THE LEFT HAND IN THE WEB BETWEEN HIS THUMB AND INDEX FINGER.  AL-UMARI HAS BLACK HAIR THAT IS GRAYING AND BALDING, AND IS KNOWN TO WEAR GLASSES.

","1)CONSPIRACY TO COMMIT MURDER 
2)CONSPIRACY TO COMMIT ASSAULT WITH THE INTENT TO COMMIT MURDER, DAMAGE AIRCRAFT AND CAUSE A DESTRUCTIVE SUBSTANCE TO BE PLACED ON AN AIRCRAFT
3)MURDER 
4)DESTRUCTION OF AIRCRAFT (2 COUNTS)
5)DAMAGING AIRCRAFT BY MEANS OF EXPLOSIVE  
6)PLACING A BOMB ON BOARD AN AIRCRAFT (2 COUNTS)
7)ASSAULT 
",United States of America,
2009/19958,SALMAN RAOUF,SALMAN,1963/06/05,LB,https://ws-public.interpol.int/notices/v1/red/2009-19958/images/54758327,https://ws-public.interpol.int/notices/v1/red/2009-19958/images,https://ws-public.interpol.int/notices/v1/red/2009-19958,M,BENT JBEIL,Lebanon,,,,,SPA,,HOMICIDIO CALIFICADO DOBLEMENTE AGRAVADO POR HABER SIDO COMETIDO POR ODIO RACIAL O RELIGIOSO Y POR UN MEDIO IDONEO PARA CAUSAR UN PELIGRO COMUN,Argentina,
