entity_id,forename,name,date_of_birth,nationalities,thumbnail,images,self_link,sex_id,place_of_birth,country_of_birth,eyes_colors_id,hairs_id,height,weight,languages_spoken_ids,distinguishing_marks,arrest_charge,arrest_issuing_country,arrest_charge_translation
2016/63665,JORDAN LINARES,ALVAREZ  SANCHEZ,1995/04/05,CR,https://ws-public.interpol.int/notices/v1/red/2016-63665/images/60195637,https://ws-public.interpol.int/notices/v1/red/2016-63665/images,https://ws-public.interpol.int/notices/v1/red/2016-63665,M,CENTRO GOLFITO PUNTARENAS,Costa Rica,,,0.0,0,SPA,,"CONTRA LA SEGURIDAD COLECTIVA, RELACIONADO CON DROGAS (TRAFICO INTERNACIONAL)",Panama,
2010/18706,NAZIRA MARIA,CROSS,1965/11/23,CR,https://ws-public.interpol.int/notices/v1/red/2010-18706/images/54376088,https://ws-public.interpol.int/notices/v1/red/2010-18706/images,https://ws-public.interpol.int/notices/v1/red/2010-18706,F,,Costa Rica,['BRO'],['BRO'],1.66,68,"SPA, ENG",CROSS may be between 164 and 168 centimeters tall.,Murder,United States of America,
2003/40436,GERMAN ENRIQUE,MORENO ROJAS,1961/08/08,CR,https://ws-public.interpol.int/notices/v1/red/2003-40436/images/53957358,https://ws-public.interpol.int/notices/v1/red/2003-40436/images,https://ws-public.interpol.int/notices/v1/red/2003-40436,M,SAN JOSE,Costa Rica,['BLA'],['BLA'],1.855,108,"ENG, POR, ITA, SPA, FRE",,"1) Aggravated Sexual Assault of a child 2) Sexual Assault of a child (2 Counts) 
3) Indecency with a child (6 Counts)",United States of America,
1998/20764,IVAN VELINOV,KITOV,1959/05/10,"BG, CR",https://ws-public.interpol.int/notices/v1/red/1998-20764/images/60984357,https://ws-public.interpol.int/notices/v1/red/1998-20764/images,https://ws-public.interpol.int/notices/v1/red/1998-20764,M,SOFIA,Bulgaria,['BRO'],,0.0,0,BUL," 
Over medium height",Fraud and misappropriation,Bulgaria,
