entity_id,forename,name,date_of_birth,nationalities,thumbnail,images,self_link,sex_id,place_of_birth,country_of_birth,eyes_colors_id,hairs_id,height,weight,languages_spoken_ids,distinguishing_marks,arrest_charge,arrest_issuing_country,arrest_charge_translation
2013/9537,SHINICHI,MITATE,1979/03/16,JP,https://ws-public.interpol.int/notices/v1/red/2013-9537/images/58216144,https://ws-public.interpol.int/notices/v1/red/2013-9537/images,https://ws-public.interpol.int/notices/v1/red/2013-9537,M,"NUMAZU CITY, SHIZUOKA PREFECTURE",Japan,['BLA'],['BLA'],1.68,65.0,JPN,"(1)Mole at the corner of the mouth 
(2)Scar on the left forearm
(3)Scar around the left eye
(4)Straight-line scar on the left side of head
(5)Scar on the forehead",Breaking into a structre and Muder,Japan,
2011/49857,DAISUKE,WATANABE,1973/11/19,JP,https://ws-public.interpol.int/notices/v1/red/2011-49857/images/55911929,https://ws-public.interpol.int/notices/v1/red/2011-49857/images,https://ws-public.interpol.int/notices/v1/red/2011-49857,M,"NAGOYA, AICHI",Japan,['BRO'],['BLA'],1.7,64.0,"HIN, JPN, ENG",,"1) Child Molestation in the First Degree (1 Count) 
2) Rape of a Child in the First Degree (2 Counts)",United States of America,
2006/51562,TORU,SAKAI,1966/01/16,JP,https://ws-public.interpol.int/notices/v1/red/2006-51562/images/61288911,https://ws-public.interpol.int/notices/v1/red/2006-51562/images,https://ws-public.interpol.int/notices/v1/red/2006-51562,M,,Japan,['BRO'],['BLA'],1.725,66.5,"JPN, ENG",,(1) Murder;  (2) Conspiracy to commit murder,United States of America,
