entity_id,forename,name,date_of_birth,nationalities,thumbnail,images,self_link,sex_id,place_of_birth,country_of_birth,eyes_colors_id,hairs_id,height,weight,languages_spoken_ids,distinguishing_marks,arrest_charge,arrest_issuing_country,arrest_charge_translation
2025/44065,BILAL,HASSAN,1995/12/10,IQ,https://ws-public.interpol.int/notices/v1/red/2025-44065/images/63528986,https://ws-public.interpol.int/notices/v1/red/2025-44065/images,https://ws-public.interpol.int/notices/v1/red/2025-44065,M,Souleymanie,Iraq,,,1.72,,,,"- Tentative de meurtre d’une personne dépositaire de l’autorité publique
- Aide à l’entrée, à la circulation ou au séjour irréguliers d’un étranger en France ou dans un état partie à la convention de Schengen, en bande organisée
- Participation à une association de malfaiteurs en vue de la préparation d’un délit puni de 10 ans d’emprisonnement
- Vol en bande organisée",France,
2025/40582,GORAN,GHAZI KAREEM,1989/09/18,IQ,https://ws-public.interpol.int/notices/v1/red/2025-40582/images/63515001,https://ws-public.interpol.int/notices/v1/red/2025-40582/images,https://ws-public.interpol.int/notices/v1/red/2025-40582,M,Kirkouk,Iraq,,,,,,,"*Aide à l’entrée, à la circulation ou au séjour irréguliers d’un étranger en France ou dans un état partie à la convention de Schengen, en bande organisée
*Participation à une association de malfaiteurs en vue de la préparation d’un délit puni de 10 ans d’emprisonnement
*Vol en bande organisée",France,
2024/84283,AHMED AALA,FAWZI,1998/01/30,IQ,https://ws-public.interpol.int/notices/v1/red/2024-84283/images/63293819,https://ws-public.interpol.int/notices/v1/red/2024-84283/images,https://ws-public.interpol.int/notices/v1/red/2024-84283,M,,,,,,,,,"Murder, Instigating the offence, Conspiracy to commit the offence",Sweden,
2023/24691,NAZAR ABDELKARIM,AL-KHAZRAJI,1938/11/17,IQ,https://ws-public.interpol.int/notices/v1/red/2023-24691/images/62719004,https://ws-public.interpol.int/notices/v1/red/2023-24691/images,https://ws-public.interpol.int/notices/v1/red/2023-24691,M,MOSUL,Iraq,['BRO'],['BLA'],0.0,95.0,ARA,Black moustache,Participation to murder,Denmark,
2018/17928,AZAD SATTAR AHMED,BAWKHAN,1983/01/31,IQ,https://ws-public.interpol.int/notices/v1/red/2018-17928/images/60971764,https://ws-public.interpol.int/notices/v1/red/2018-17928/images,https://ws-public.interpol.int/notices/v1/red/2018-17928,M,"KHANAQIN, DIYALA",Iraq,,,,,,,"For having engaged in sexual activity by means of violence or threats, the sexual activity being intercourse,",Norway,
2016/30996,GARMIAN KHALEEL,QADER,1997/08/27,IQ,https://ws-public.interpol.int/notices/v1/red/2016-30996/images/60081255,https://ws-public.interpol.int/notices/v1/red/2016-30996/images,https://ws-public.interpol.int/notices/v1/red/2016-30996,M,,Iraq,,,0.0,0.0,ARA,,Kidnapping and murder.,Sweden,
2010/56612,HUSSEN,SAMAN A.,1956/07/01,IQ,,https://ws-public.interpol.int/notices/v1/red/2010-56612/images,https://ws-public.interpol.int/notices/v1/red/2010-56612,M,ARBELL,Iraq,,,0.0,0.0,"ENG, ARA, TUR",,"1. ""ABUSE OF OFFICE OR OFFICIAL AUTHORITY""
2. ""ABUSING POSITON OF POWER IN ECONOMY""",Bosnia & Herzegovina,
2008/14486,KASSIM,GEIBI,1966/07/01,IQ,https://ws-public.interpol.int/notices/v1/red/2008-14486/images/61136457,https://ws-public.interpol.int/notices/v1/red/2008-14486/images,https://ws-public.interpol.int/notices/v1/red/2008-14486,M,Nagaf,Iraq,,,,,,,Theft with violence and with aggravating circumstances (murder); theft with breaking and entering and attempted theft with breaking and entering,Belgium,
2003/54888,AZAD GHALEB,ALI,1971/05/16,IQ,https://ws-public.interpol.int/notices/v1/red/2003-54888/images/61548126,https://ws-public.interpol.int/notices/v1/red/2003-54888/images,https://ws-public.interpol.int/notices/v1/red/2003-54888,M,,Iraq,,['BRO'],1.74,,,,Homicide,Norway,
