entity_id,forename,name,date_of_birth,nationalities,thumbnail,images,self_link,sex_id,place_of_birth,country_of_birth,eyes_colors_id,hairs_id,height,weight,languages_spoken_ids,distinguishing_marks,arrest_charge,arrest_issuing_country,arrest_charge_translation
2025/51953,JOSÉ MARÍA,ARAGÓN OBANDO,1992/03/23,NI,https://ws-public.interpol.int/notices/v1/red/2025-51953/images/63560879,https://ws-public.interpol.int/notices/v1/red/2025-51953/images,https://ws-public.interpol.int/notices/v1/red/2025-51953,M,RACCS - NICARAGUA,Nicaragua,['BRO'],['BLA'],1.6,70.0,SPA,,Asesinato Agravado,Nicaragua,
2025/51951,MARTIN ANTONIO,GONZALEZ MURILLO,1979/06/01,NI,https://ws-public.interpol.int/notices/v1/red/2025-51951/images/63560886,https://ws-public.interpol.int/notices/v1/red/2025-51951/images,https://ws-public.interpol.int/notices/v1/red/2025-51951,M,MANAGUA,Nicaragua,['BRO'],['BLA'],1.68,90.0,SPA,,Violación Agravada en concurso real con el delito de Violencia Psicológica Leve,Nicaragua,
2025/19736,ISAIAS,GARCIA ALCANTARA,1982/11/19,NI,https://ws-public.interpol.int/notices/v1/red/2025-19736/images/63403464,https://ws-public.interpol.int/notices/v1/red/2025-19736/images,https://ws-public.interpol.int/notices/v1/red/2025-19736,M,Managua,Nicaragua,['OTHL'],['BRO'],1.72,76.0,SPA,,FEMICIDIO,Nicaragua,
2025/27591,JUAN CARLOS,MEJIA RUIZ,1981/10/01,NI,https://ws-public.interpol.int/notices/v1/red/2025-27591/images/63436154,https://ws-public.interpol.int/notices/v1/red/2025-27591/images,https://ws-public.interpol.int/notices/v1/red/2025-27591,M,TEUSTEPE BOACO,Nicaragua,['BRO'],['BLA'],1.72,78.0,SPA,,"Violación Agravada
Violación en grado de Tentativa",Nicaragua,
2024/31765,MAURO RAMON,MIRANDA CASTILLO,1991/08/24,NI,https://ws-public.interpol.int/notices/v1/red/2024-31765/images/63076758,https://ws-public.interpol.int/notices/v1/red/2024-31765/images,https://ws-public.interpol.int/notices/v1/red/2024-31765,M,MANAGUA,Nicaragua,['BLA'],['BLA'],1.6,90.0,SPA,,ASESINATO,Nicaragua,
2024/4302,JEFFRY ANTONY,CUTHBERT AGUSTINE,1989/12/06,NI,https://ws-public.interpol.int/notices/v1/red/2024-4302/images/62967081,https://ws-public.interpol.int/notices/v1/red/2024-4302/images,https://ws-public.interpol.int/notices/v1/red/2024-4302,M,LAGUNA DE PERLAS/ RACCS,Nicaragua,['BLA'],['BLA'],,,SPA,,"Crimen Organizado
Tráfico de Estupefacientes
Asesinato Agravado
Secuestró Simple
Fabricación, Trafico o Tenencias y uso de Armas Restringidas
Portación o Tenencias Ilegal de Armas de Fuego",Nicaragua,
2024/3211,LUIS ENRIQUE,SANCHEZ PARRILLA,1984/08/24,NI,https://ws-public.interpol.int/notices/v1/red/2024-3211/images/62963096,https://ws-public.interpol.int/notices/v1/red/2024-3211/images,https://ws-public.interpol.int/notices/v1/red/2024-3211,M,SAN RAMON / MATAGALPA,Nicaragua,['BLA'],['BLA'],1.7,72.0,SPA,,FEMICIDIO,Nicaragua,
2024/4306,REYNALDO,MENDOZA ESCOTO,1982/01/06,NI,https://ws-public.interpol.int/notices/v1/red/2024-4306/images/62967099,https://ws-public.interpol.int/notices/v1/red/2024-4306/images,https://ws-public.interpol.int/notices/v1/red/2024-4306,M,,,['BRO'],['BLA'],1.65,71.0,SPA,,"CRIMEN ORGANIZADO, ASESINATO AGRAVADO E INCENDIO Y OTROS ESTRAGOS",Nicaragua,
2024/4652,JAIRO ANTONIO,MENDOZA ESCOTO,1990/03/19,NI,https://ws-public.interpol.int/notices/v1/red/2024-4652/images/62968357,https://ws-public.interpol.int/notices/v1/red/2024-4652/images,https://ws-public.interpol.int/notices/v1/red/2024-4652,M,,,['BRO'],['BLA'],1.68,73.0,SPA,,"CRIMEN ORGANIZADO, ASESINATO AGRAVADO E INCENDIO Y OTROS ESTRAGOS",Nicaragua,
2024/4654,BAYARDO,OPORTA OJEDA,1983/07/18,NI,https://ws-public.interpol.int/notices/v1/red/2024-4654/images/62968371,https://ws-public.interpol.int/notices/v1/red/2024-4654/images,https://ws-public.interpol.int/notices/v1/red/2024-4654,M,"RACCN, TRIANGULO MINERO, SIUNA",Nicaragua,['BRO'],['BLA'],1.72,69.0,SPA,,"CRIMEN ORGANIZADO, ASESINATO AGRAVADO E INCENDIO Y OTROS ESTRAGOS",Nicaragua,
2024/4314,ELVIN RAFAEL,LINARES MALDONADO,1989/01/15,NI,https://ws-public.interpol.int/notices/v1/red/2024-4314/images/62967114,https://ws-public.interpol.int/notices/v1/red/2024-4314/images,https://ws-public.interpol.int/notices/v1/red/2024-4314,M,"RACCN, TRIANGULO MINERO, ROSITA",Nicaragua,['BRO'],['BLA'],1.72,76.0,SPA,,"CRIMEN ORGANIZADO, ASESINATO AGRAVADO E INCENDIO Y OTROS ESTRAGOS",Nicaragua,
2024/4308,OSCAR ALEXANDER,SOZA SOMOZA,1982/07/06,NI,https://ws-public.interpol.int/notices/v1/red/2024-4308/images/62967101,https://ws-public.interpol.int/notices/v1/red/2024-4308/images,https://ws-public.interpol.int/notices/v1/red/2024-4308,M,"RACCN, PRINZAPOLKA",Nicaragua,['BRO'],['BLA'],1.68,73.0,SPA,,"CRIMEN ORGANIZADO, ASESINATO AGRAVADO E INCENDIO Y OTROS ESTRAGOS",Nicaragua,
2024/4304,JOSE OMAR,LINARES MALDONADO,1980/05/28,NI,https://ws-public.interpol.int/notices/v1/red/2024-4304/images/62967095,https://ws-public.interpol.int/notices/v1/red/2024-4304/images,https://ws-public.interpol.int/notices/v1/red/2024-4304,M,"RACCN, TRIANGULO MINERO, ROSITA",Nicaragua,['BRO'],['BLA'],1.64,69.0,SPA,,"CRIMEN ORGANIZADO, ASESINATO AGRAVADO E INCENDIO Y OTROS ESTRAGOS",Nicaragua,
2024/4318,LUIS ALBERTO,DAVILA GARCIA,1970/03/20,NI,https://ws-public.interpol.int/notices/v1/red/2024-4318/images/62967125,https://ws-public.interpol.int/notices/v1/red/2024-4318/images,https://ws-public.interpol.int/notices/v1/red/2024-4318,M,"RACCS, LA CRUZ DE RIO GRANDE",Nicaragua,['BRO'],['BLA'],1.7,77.0,SPA,,"CRIMEN ORGANIZADO, ASESINATO AGRAVADO E INCENDIO Y OTROS ESTRAGOS",Nicaragua,
2023/39329,JOSE IVAN,HERNANDEZ CASTRO,2001/05/25,NI,https://ws-public.interpol.int/notices/v1/red/2023-39329/images/62775364,https://ws-public.interpol.int/notices/v1/red/2023-39329/images,https://ws-public.interpol.int/notices/v1/red/2023-39329,M,MANAGUA,Nicaragua,,,,,,,"SECUESTRO EXTORSIVO, ROBO AGRAVADO, PORTACION O TENENCIA ILEGAL DE ARMAS DE FUEGO O MUNICIONES",Nicaragua,
2023/39051,VICTOR MANUEL,CORTEZ LOPEZ,1974/03/10,NI,https://ws-public.interpol.int/notices/v1/red/2023-39051/images/62774263,https://ws-public.interpol.int/notices/v1/red/2023-39051/images,https://ws-public.interpol.int/notices/v1/red/2023-39051,M,"SAN JUAN DEL SUR,RIVAS",Nicaragua,['OTHD'],['BLA'],1.7,82.0,SPA,,HOMICIDIO,Nicaragua,
2023/31092,SALVADOR FRANCISCO,HERNANDEZ MENDOZA,1982/06/04,NI,https://ws-public.interpol.int/notices/v1/red/2023-31092/images/62743183,https://ws-public.interpol.int/notices/v1/red/2023-31092/images,https://ws-public.interpol.int/notices/v1/red/2023-31092,M,Zelaya Central Muelle de los Bueyes,Nicaragua,['BRO'],['BLA'],,80.0,SPA,,Femicidio,Nicaragua,
2023/30311,VERONICA MARIA,SILVA BRAVO,1973/04/04,NI,https://ws-public.interpol.int/notices/v1/red/2023-30311/images/62740655,https://ws-public.interpol.int/notices/v1/red/2023-30311/images,https://ws-public.interpol.int/notices/v1/red/2023-30311,F,MANAGUA,Nicaragua,['BRO'],['BLA'],1.65,85.0,"ENG, SPA",,ASESINATO,Nicaragua,
2023/27384,NOEL ANTONIO,ROSTRAN AMADOR,1992/04/02,NI,https://ws-public.interpol.int/notices/v1/red/2023-27384/images/62729707,https://ws-public.interpol.int/notices/v1/red/2023-27384/images,https://ws-public.interpol.int/notices/v1/red/2023-27384,M,RACCN,Nicaragua,['BRO'],['BLA'],1.7,68.0,SPA,,"FEMICIDIO, VIOLACION AGRAVADA Y PARRICIDIO.",Nicaragua,
2023/25413,RICARDO JOSE,WILLIAMS VARGAS,1982/10/13,NI,https://ws-public.interpol.int/notices/v1/red/2023-25413/images/62721936,https://ws-public.interpol.int/notices/v1/red/2023-25413/images,https://ws-public.interpol.int/notices/v1/red/2023-25413,M,Managua,Nicaragua,,,,,SPA,,Abuso Sexual,Nicaragua,
2023/17207,NICOLAS,GONZALEZ BLANDON,1975/12/06,NI,https://ws-public.interpol.int/notices/v1/red/2023-17207/images/62690739,https://ws-public.interpol.int/notices/v1/red/2023-17207/images,https://ws-public.interpol.int/notices/v1/red/2023-17207,M,BLUEFIELDS,Nicaragua,['BLA'],['BLA'],1.7,80.0,SPA,,"Asesinato agravado, Femicidio en grado de frustración, intimidación y amenazas contra la mujer y exposición de personas al peligro",Nicaragua,
2022/69902,BISMARCK GABRIEL,CASTILLO HERNANDEZ,1997/01/28,NI,https://ws-public.interpol.int/notices/v1/red/2022-69902/images/62574521,https://ws-public.interpol.int/notices/v1/red/2022-69902/images,https://ws-public.interpol.int/notices/v1/red/2022-69902,M,MANAGUA,Nicaragua,['BRO'],['BLA'],1.65,63.0,SPA,,"Asesinato agravado, homicidio frustrado, Robo agravado,",Nicaragua,
2022/69904,KEVIN ALEXANDER,GONZALEZ FLORES,2002/02/14,NI,https://ws-public.interpol.int/notices/v1/red/2022-69904/images/62574519,https://ws-public.interpol.int/notices/v1/red/2022-69904/images,https://ws-public.interpol.int/notices/v1/red/2022-69904,M,MANAGUA,Nicaragua,['BROD'],['BLA'],1.7,65.0,SPA,,"Asesinato agravado, homicidio frustrado, Robo agravado",Nicaragua,
2022/57744,YAXLY RAUL,ZAMORA SANCHEZ,1985/10/31,NI,https://ws-public.interpol.int/notices/v1/red/2022-57744/images/62533332,https://ws-public.interpol.int/notices/v1/red/2022-57744/images,https://ws-public.interpol.int/notices/v1/red/2022-57744,M,MANAGUA NICARAGUA,Nicaragua,['GRE'],['BLA'],0.0,0.0,SPA,,ABUSO SEXUAL,Nicaragua,
2022/55239,EDGARD ALFONSO,MENA SOLORZANO,1992/12/30,NI,https://ws-public.interpol.int/notices/v1/red/2022-55239/images/62523929,https://ws-public.interpol.int/notices/v1/red/2022-55239/images,https://ws-public.interpol.int/notices/v1/red/2022-55239,M,MASAYA,Nicaragua,['BRO'],['BLA'],1.79,79.0,"SPA, ENG",,"SECUESTRO SIMPLE, PORTACION O TENENCIA ILEGAL DE ARMAS DE FUEGO O MUNICIONES.
ASESINATO AGRAVADO",Nicaragua,
2022/6500,NORMIN EMILIO,GARZON ANGULO,1987/01/26,NI,https://ws-public.interpol.int/notices/v1/red/2022-6500/images/62353503,https://ws-public.interpol.int/notices/v1/red/2022-6500/images,https://ws-public.interpol.int/notices/v1/red/2022-6500,M,BOACO,,['BLA'],['BLA'],1.7,80.0,SPA,,Femicidio  y en concurso Real de Sustracción de menores.,Nicaragua,
2021/72446,RONALDO ANDRES,RUIZ NARVAEZ,1995/07/28,NI,https://ws-public.interpol.int/notices/v1/red/2021-72446/images/62288773,https://ws-public.interpol.int/notices/v1/red/2021-72446/images,https://ws-public.interpol.int/notices/v1/red/2021-72446,M,,,['OTHL'],['BLA'],1.66,75.0,SPA,,Asesinato,Nicaragua,
2021/71104,WILBER WLADIMIR,HERRERA HERNANDEZ,1989/02/25,NI,https://ws-public.interpol.int/notices/v1/red/2021-71104/images/62284413,https://ws-public.interpol.int/notices/v1/red/2021-71104/images,https://ws-public.interpol.int/notices/v1/red/2021-71104,M,LEON,,['BLA'],['BLA'],1.7,78.0,SPA,,HOMICIDIO,Nicaragua,
2021/71102,DARWING DOUGLAS,HERRERA HERNANDEZ,1990/10/27,NI,https://ws-public.interpol.int/notices/v1/red/2021-71102/images/62284409,https://ws-public.interpol.int/notices/v1/red/2021-71102/images,https://ws-public.interpol.int/notices/v1/red/2021-71102,M,Leon,Nicaragua,['OTHL'],['BLA'],1.65,80.0,SPA,,HOMICIDIO,Nicaragua,
2016/59760,LEONARDO ANTONIO,ZAPATA SEQUEIRA,1983/08/20,NI,https://ws-public.interpol.int/notices/v1/red/2016-59760/images/60181429,https://ws-public.interpol.int/notices/v1/red/2016-59760/images,https://ws-public.interpol.int/notices/v1/red/2016-59760,M,,,['BLA'],['BLA'],1.72,90.0,SPA,Cicatriz en el cuello,Asesinato,Nicaragua,
2016/44663,ERICKSON JAVIER,RUIZ,1986/08/09,NI,https://ws-public.interpol.int/notices/v1/red/2016-44663/images/60127553,https://ws-public.interpol.int/notices/v1/red/2016-44663/images,https://ws-public.interpol.int/notices/v1/red/2016-44663,M,LEON,Nicaragua,['OTHL'],['BLA'],1.75,90.0,SPA,,"ASESINATO, PORTACION ILEGAL DE ARMAS DE FUEGO Y MUNICIONES.",Nicaragua,
2020/13933,ANA YANSY,LOPEZ MARTINEZ,1970/11/08,NI,https://ws-public.interpol.int/notices/v1/red/2020-13933/images/61730112,https://ws-public.interpol.int/notices/v1/red/2020-13933/images,https://ws-public.interpol.int/notices/v1/red/2020-13933,F,Puerto Cabeza,Nicaragua,['BROD'],['BRO'],1.52,81.0,SPA,,Trafico de Migrante Ilegales,Nicaragua,
2020/13935,CARLOS JOSÉ,FLORES HERNÁNDEZ,1993/03/06,NI,https://ws-public.interpol.int/notices/v1/red/2020-13935/images/61730122,https://ws-public.interpol.int/notices/v1/red/2020-13935/images,https://ws-public.interpol.int/notices/v1/red/2020-13935,M,MANAGUA,Nicaragua,['BROL'],['BLA'],1.3,63.0,SPA,,VIOLACIÓN AGRAVADA,Nicaragua,
2018/22117,NOEL NAZARIO,ESCORCIA MENDOZA,1972/07/28,NI,https://ws-public.interpol.int/notices/v1/red/2018-22117/images/60986513,https://ws-public.interpol.int/notices/v1/red/2018-22117/images,https://ws-public.interpol.int/notices/v1/red/2018-22117,M,LEON,Nicaragua,['BRO'],['BLA'],1.7,73.0,SPA,,HOMICIDIO,Nicaragua,
2018/3952,MAXIMINO,PICHARDO,1985/05/30,NI,https://ws-public.interpol.int/notices/v1/red/2018-3952/images/60921107,https://ws-public.interpol.int/notices/v1/red/2018-3952/images,https://ws-public.interpol.int/notices/v1/red/2018-3952,M,MANAGUA,Nicaragua,,,0.0,0.0,SPA,,TRAFICO ILICITO DE ARMAS DE FUEGO Y AGRUPACIONES ILICITAS,El Salvador,
2018/3918,WILBER SHNAYDER,VALLEJOS MARTINEZ,1996/07/31,NI,https://ws-public.interpol.int/notices/v1/red/2018-3918/images/60920990,https://ws-public.interpol.int/notices/v1/red/2018-3918/images,https://ws-public.interpol.int/notices/v1/red/2018-3918,M,MANAGUA,Nicaragua,,,0.0,0.0,SPA,,TRAFICO ILICITO DE ARMAS DE FUEGO Y AGRUPACIONES ILICITAS,El Salvador,
2018/3936,CESAR AUGUSTO,BOLAINEZ JIRON,1979/08/14,NI,https://ws-public.interpol.int/notices/v1/red/2018-3936/images/60921040,https://ws-public.interpol.int/notices/v1/red/2018-3936/images,https://ws-public.interpol.int/notices/v1/red/2018-3936,M,EL VIEJO,Nicaragua,,,0.0,0.0,SPA,,"ACTOS PREPARATORIOS, PROPOSICION, CONSPIRACION Y ASOCIACIONES DELICTIVAS",El Salvador,
2017/291992,DONLY,MENDOZA CISNEROS,1968/03/15,NI,https://ws-public.interpol.int/notices/v1/red/2017-291992/images/60903559,https://ws-public.interpol.int/notices/v1/red/2017-291992/images,https://ws-public.interpol.int/notices/v1/red/2017-291992,M,Puerto Cabeza,Nicaragua,['BLA'],['BLA'],,,SPA,,"CRIMEN ORGANIZADO, LAVADO DE DINERO BIENES OTROS ACTIVOS Y TRASPORTE ILEGAL DE ESTUPEFACIENTE PSICOTRÓPICOS Y OTRAS SUSTANCIA CONTROLADAS",Nicaragua,
2017/191495,ISMAEL DE JESUS,GAITAN  BOLAINEZ,1972/06/05,NI,https://ws-public.interpol.int/notices/v1/red/2017-191495/images/60721107,https://ws-public.interpol.int/notices/v1/red/2017-191495/images,https://ws-public.interpol.int/notices/v1/red/2017-191495,M,Chinandega,Nicaragua,['BLA'],['BLA'],,60.0,SPA,,CRIMEN ORGANIZADO Y  TRANSPORTE ILEGAL DE ESTUPEFACIENTE PSICOTROPICO Y OTRAS SUSTANCIA CONTROLADAS (INTERNACIONAL),Nicaragua,
2017/191508,HALDER GONZALO,QUIROZ BOLAINEZ,1985/03/28,NI,https://ws-public.interpol.int/notices/v1/red/2017-191508/images/60721151,https://ws-public.interpol.int/notices/v1/red/2017-191508/images,https://ws-public.interpol.int/notices/v1/red/2017-191508,M,CHINANDEGA,Nicaragua,['OTHL'],['BRO'],,80.0,SPA,,CRIMEN ORGANIZADO Y TRANSPORTE ILEGAL DE ESTUPEFACIENTE PSICOTROPICOS  Y OTRAS SUSTANCIAS CONTROLADA (INTERNACIONAL),Nicaragua,
2017/163022,JIMMY CRUZ,SANCHEZ ESPINOZA,1992/07/08,NI,https://ws-public.interpol.int/notices/v1/red/2017-163022/images/60639841,https://ws-public.interpol.int/notices/v1/red/2017-163022/images,https://ws-public.interpol.int/notices/v1/red/2017-163022,M,RIVAS,Nicaragua,['BROD'],['BLA'],1.65,95.0,SPA,,TRASPORTE ILEGAL DE ESTUPEFACIENTE PSICOTROPICOS Y OTRAS SUSTANCIAS CONTROLADAS,Nicaragua,
2017/163012,DELBER ANTONIO,URVINA,1973/04/22,NI,https://ws-public.interpol.int/notices/v1/red/2017-163012/images/60639813,https://ws-public.interpol.int/notices/v1/red/2017-163012/images,https://ws-public.interpol.int/notices/v1/red/2017-163012,M,RIVAS,Nicaragua,['BROD'],['BLA'],1.7,90.0,SPA,,TRASPORTE DE ESTUPEFACIENTE PSICOTROPICOS Y OTRAS SUSTANCIAS CONTROLADAS.,Nicaragua,
2017/162996,JHONNY ANTONIO,URBINA CABRERA,1991/06/24,NI,https://ws-public.interpol.int/notices/v1/red/2017-162996/images/60639774,https://ws-public.interpol.int/notices/v1/red/2017-162996/images,https://ws-public.interpol.int/notices/v1/red/2017-162996,M,Rivas,Nicaragua,['BROD'],['BLA'],1.65,85.0,SPA,,TRASPORTE DE ESTUPEFACIENTE PSICOTROPICOS Y OTRAS SUSTANCIAS CONTROLADAS,Nicaragua,
2017/7458,HENRRY FRANCISCO,CASTRO RIVAS,1977/07/30,NI,https://ws-public.interpol.int/notices/v1/red/2017-7458/images/60299049,https://ws-public.interpol.int/notices/v1/red/2017-7458/images,https://ws-public.interpol.int/notices/v1/red/2017-7458,M,MANAGUA,Nicaragua,['BROL'],['BLA'],0.0,0.0,SPA,,FEMICIDIO,Nicaragua,
2016/75872,NELSON ANTONIO,ROMERO RAMIREZ,1991/08/12,NI,https://ws-public.interpol.int/notices/v1/red/2016-75872/images/60234607,https://ws-public.interpol.int/notices/v1/red/2016-75872/images,https://ws-public.interpol.int/notices/v1/red/2016-75872,M,CHONTALES,Nicaragua,['BROD'],['BLA'],1.65,89.0,SPA,,HOMICIDIO,Nicaragua,
2016/58011,MARVIN ANTONIO,AMADOR GOMEZ,1988/03/07,NI,https://ws-public.interpol.int/notices/v1/red/2016-58011/images/60174871,https://ws-public.interpol.int/notices/v1/red/2016-58011/images,https://ws-public.interpol.int/notices/v1/red/2016-58011,M,,,['BLA'],['BLA'],1.62,60.0,SPA,,VIOLACION A MENOR DE 14 AÑOS,Nicaragua,
2016/43715,ALEJANDRO,ORTEGA,1965/07/15,NI,https://ws-public.interpol.int/notices/v1/red/2016-43715/images/60124275,https://ws-public.interpol.int/notices/v1/red/2016-43715/images,https://ws-public.interpol.int/notices/v1/red/2016-43715,M,MANAGUA,Nicaragua,['BLA'],['BLA'],0.0,0.0,SPA,,ABUSO SEXUAL,Nicaragua,
2015/51318,JHONG WILLSON,FLORES MONDRAGON,1987/07/03,NI,https://ws-public.interpol.int/notices/v1/red/2015-51318/images/59859094,https://ws-public.interpol.int/notices/v1/red/2015-51318/images,https://ws-public.interpol.int/notices/v1/red/2015-51318,M,NUEVA GUINEA RAAS,Nicaragua,['BROD'],['BLA'],1.7,90.0,SPA,,HOMICIDIO,Nicaragua,
2014/20223,MILTON JOSE,MURILLO CENTENO,1973/05/31,NI,https://ws-public.interpol.int/notices/v1/red/2014-20223/images/59473648,https://ws-public.interpol.int/notices/v1/red/2014-20223/images,https://ws-public.interpol.int/notices/v1/red/2014-20223,M,MANAGUA,Nicaragua,['OTHL'],['BLA'],1.75,103.0,"SPA, ENG","TATUAJE EN HOMBRO DERECHO “MILTON JOSÉ”
TATUAJE EN HOMBRE IZQUIERDO “M”
TATUAJE EN ESPALDA “DIBUJO DE UNA ÁGUILA VOLANDO”",FEMICIDIO,Nicaragua,
2014/13704,BEJARNI,RIVAS,1968/07/12,"US, NI",https://ws-public.interpol.int/notices/v1/red/2014-13704/images/59446130,https://ws-public.interpol.int/notices/v1/red/2014-13704/images,https://ws-public.interpol.int/notices/v1/red/2014-13704,M,,Nicaragua,['BRO'],['BLA'],1.75,86.0,"SPA, ENG","RIVAS has brown or black hair, weighs between 73 and 91 kilograms, is 169 to 178 centimeters tall, has a tattoo between his thumb and index finger on one of his hands, and may have a tattoo on his upper right and/or upper left arm.","1) Sex abuse of a minor 
2) Conspiracy sex abuse of a minor 
3) Sexual solicitation of a minor 
4) Sex offense in the third degree (2 counts) 
5) Human trafficking of a minor (2 counts) 
6) Conspiracy human trafficking of a minor (3 counts) 
7) Rape in the second degree  
8) Attempted sex offense in the third degree 
9) Conspiracy to commit sex offense in the third degree",United States of America,
2008/37591,JOSE RAMON,PINEDA CASTILLO,1946/07/29,NI,https://ws-public.interpol.int/notices/v1/red/2008-37591/images/59251924,https://ws-public.interpol.int/notices/v1/red/2008-37591/images,https://ws-public.interpol.int/notices/v1/red/2008-37591,M,GRANADA,Nicaragua,['BLA'],['HAIB'],1.6,180.0,SPA,,VIOLACION,Nicaragua,
2013/26014,CARLOS ANDRES,GONZALEZ GONZALEZ,1978/09/04,NI,https://ws-public.interpol.int/notices/v1/red/2013-26014/images/58517186,https://ws-public.interpol.int/notices/v1/red/2013-26014/images,https://ws-public.interpol.int/notices/v1/red/2013-26014,M,ESTELI,Nicaragua,['BLA'],['BLA'],1.78,82.0,SPA,,ASESINATO,Nicaragua,
2013/671,FRITH JORGAN,VARGAS,1980/02/03,NI,https://ws-public.interpol.int/notices/v1/red/2013-671/images/58019994,https://ws-public.interpol.int/notices/v1/red/2013-671/images,https://ws-public.interpol.int/notices/v1/red/2013-671,M,"JUIGALPA, CHONTALES",Nicaragua,['BROD'],['BLA'],0.0,0.0,SPA,,FEMICIDIO,Nicaragua,
2012/330426,DELVIN JOSE,BONILLA SEVILLA,1971/01/01,NI,https://ws-public.interpol.int/notices/v1/red/2012-330426/images/57400515,https://ws-public.interpol.int/notices/v1/red/2012-330426/images,https://ws-public.interpol.int/notices/v1/red/2012-330426,M,CHINANDEGA,Nicaragua,['BLA'],['BLA'],0.0,75.0,SPA,,"ASESINATO ATROZ
CONCURSO DE ROBO CON FUERZA",Nicaragua,
2011/65732,FERNANDO DE JESUS,MENDEZ AMPIE,1960/07/24,NI,https://ws-public.interpol.int/notices/v1/red/2011-65732/images/56408029,https://ws-public.interpol.int/notices/v1/red/2011-65732/images,https://ws-public.interpol.int/notices/v1/red/2011-65732,M,MASAYA,Nicaragua,['BLA'],['BLA'],1.7,86.0,SPA,CICATRIZ EN PARTE ABDOMINAL,VIOLACION AGRAVADA,Nicaragua,
2010/50753,JAIME ERASMO,BACA,1967/11/25,NI,https://ws-public.interpol.int/notices/v1/red/2010-50753/images/54592050,https://ws-public.interpol.int/notices/v1/red/2010-50753/images,https://ws-public.interpol.int/notices/v1/red/2010-50753,M,"MUNICIPIO DE NAGAROTE, DEPARTAMENTO DE LEON",Nicaragua,['BLA'],['BLA'],1.7,75.0,SPA,NO PRECISADO,ASESINATO,Nicaragua,
2010/50749,PEDRO JOAQUIN,CASTILLA,1959/09/25,NI,https://ws-public.interpol.int/notices/v1/red/2010-50749/images/54592030,https://ws-public.interpol.int/notices/v1/red/2010-50749/images,https://ws-public.interpol.int/notices/v1/red/2010-50749,M,"JUIGALPA, CHONTALES",Nicaragua,['BLA'],['BLA'],1.65,66.0,SPA,NO PRECISADO,ASESINATO,Nicaragua,
2010/43068,OLGA IRENE,RAMIREZ GUADAMUZ,1980/08/05,NI,https://ws-public.interpol.int/notices/v1/red/2010-43068/images/54491146,https://ws-public.interpol.int/notices/v1/red/2010-43068/images,https://ws-public.interpol.int/notices/v1/red/2010-43068,F,MANAGUA,Nicaragua,['BLA'],['BLA'],1.6,60.0,SPA,NO PRECISADO,TRATA DE PERSONAS,Nicaragua,
2010/40909,JAVIER ENRIQUE,MELENDEZ,1980/05/06,NI,https://ws-public.interpol.int/notices/v1/red/2010-40909/images/54480981,https://ws-public.interpol.int/notices/v1/red/2010-40909/images,https://ws-public.interpol.int/notices/v1/red/2010-40909,M,,Nicaragua,['BRO'],['BLA'],1.75,82.0,SPA,UNKNOWN,"MURDER, FIRST DEGREE",United States of America,
2010/12513,CARLOS ANTONIO,GONZALEZ,1981/11/04,NI,https://ws-public.interpol.int/notices/v1/red/2010-12513/images/54346452,https://ws-public.interpol.int/notices/v1/red/2010-12513/images,https://ws-public.interpol.int/notices/v1/red/2010-12513,M,,Nicaragua,['BRO'],['BLA'],1.88,82.0,"ENG, SPA","GONZALEZ MAY HAVE A TATTOO OF THE WORD ""NICA"" ON HIS RIGHT LOWER LEG, AND A TATTOO OF THREE DOTS ON HIS RIGHT HAND, ON THE WEBBING BETWEEN HIS THUMB AND FOREFINGER.",1) FIRST DEGREE MURDER,United States of America,
2008/25902,MARCOS RAMSES,BLANDINO,1963/04/25,NI,https://ws-public.interpol.int/notices/v1/red/2008-25902/images/53953987,https://ws-public.interpol.int/notices/v1/red/2008-25902/images,https://ws-public.interpol.int/notices/v1/red/2008-25902,M,CARAZO,Nicaragua,['BRO'],['BLA'],1.675,90.0,"SPA, ENG",,1) Lewd act on a child under 16 and more than 10 years younger than defendant (13 counts); 2) Oral copulation with a person under 18 years of age (13 counts) ,United States of America,
