entity_id,forename,name,date_of_birth,nationalities,thumbnail,images,self_link,sex_id,place_of_birth,country_of_birth,eyes_colors_id,hairs_id,height,weight,languages_spoken_ids,distinguishing_marks,arrest_charge,arrest_issuing_country,arrest_charge_translation
2024/48245,NOEL PAUL,MANNING,1969/01/08,"JM, GB",https://ws-public.interpol.int/notices/v1/red/2024-48245/images/63144401,https://ws-public.interpol.int/notices/v1/red/2024-48245/images,https://ws-public.interpol.int/notices/v1/red/2024-48245,M,,Jamaica,,['GRYG'],,,ENG,,"1 - Rape

2 - Attempted Rape

3 - Gross Indecency

4 - Indecent Assault",KY,
2021/11196,ASIF IQBAL MOHAMMED,MEMON,1980/12/28,GB,https://ws-public.interpol.int/notices/v1/red/2021-11196/images/62022727,https://ws-public.interpol.int/notices/v1/red/2021-11196/images,https://ws-public.interpol.int/notices/v1/red/2021-11196,M,MUMBAI,India,,,,,"HIN, ENG",,MONEY LAUNDERING,India,
2019/41200,MASOOD UL,HAQ,1973/09/10,"GB, PK",https://ws-public.interpol.int/notices/v1/red/2019-41200/images/61379905,https://ws-public.interpol.int/notices/v1/red/2019-41200/images,https://ws-public.interpol.int/notices/v1/red/2019-41200,M,"MIR PUR, AZAD JAMMU & KASHMIR",Pakistan,['BLA'],['BLA'],1.68,90.0,"ENG, URD","(1)     Black Mole on left Cheek
(2)	Cut Mark on his right hand
(3) 	Slightly limps while walking","Planning, Terrorist Activities, Nefarious Designs against State and also heading Banned Organization",Pakistan,
2019/42683,RAMESH PHILIPPE,DUSORUTH,1969/11/05,GB,https://ws-public.interpol.int/notices/v1/red/2019-42683/images/61384556,https://ws-public.interpol.int/notices/v1/red/2019-42683/images,https://ws-public.interpol.int/notices/v1/red/2019-42683,M,Antwerp,Belgium,['OTHD'],['GRY'],1.76,,"ENG, DUT","Hair: Receding
Eyes: Deepset
Of Southeast Asian appearance","1. Three counts of Furnishing False or Misleading information to the Bermuda Montary Authority

2. One count of Fraudulent Inducement to Invest

3. One count of removal of criminal property from Bermuda",BM,
2019/36986,IBRAHEEM,MASOOD,1998/03/07,"PK, GB",https://ws-public.interpol.int/notices/v1/red/2019-36986/images/61366703,https://ws-public.interpol.int/notices/v1/red/2019-36986/images,https://ws-public.interpol.int/notices/v1/red/2019-36986,M,,Pakistan,['BLA'],['BLA'],1.68,75.0,,Black mole on Neck,"Planning, Terrorist activities, the nefarious designs against state and also heading banned organization.",Pakistan,
2019/32402,JOHN,COLLIN,1953/10/29,GB,https://ws-public.interpol.int/notices/v1/red/2019-32402/images/61352013,https://ws-public.interpol.int/notices/v1/red/2019-32402/images,https://ws-public.interpol.int/notices/v1/red/2019-32402,M,,,,,0.0,0.0,,,"1.PUNISHMENT FOR MURDER
2. PUNISHMENT FOR CULPABLE HOMICIDE NOT AMOUNTING TO MURDER",Malaysia,
2018/103553,MOHAMMED ALI,EGE,1977/10/21,GB,https://ws-public.interpol.int/notices/v1/red/2018-103553/images/61235668,https://ws-public.interpol.int/notices/v1/red/2018-103553/images,https://ws-public.interpol.int/notices/v1/red/2018-103553,M,DUBAI,United Arab Emirates,['BLA'],['HAIB'],1.7,0.0,ENG,"1. SCAR MARK ON LEFT ARM
2. A BLACK MOLE ON RIGHT HAND","Cheating and dishonestly inducing delivery of property;
Punishment for cheating by personation; Forgery for purpose of cheating; Using as genuine a forged document or electronic record; Causing disappearance of evidence of offence, or giving false information to screen offender; Harboring offender. Penalty for contravention of provisions of the Act and change of name; Any person who contravenes, or attempts to contravene or fails to comply with, any provision of any rule made under this Act.",India,
2018/89546,SAMANTHA LOUISE,LEWTHWAITE,1983/12/05,GB,https://ws-public.interpol.int/notices/v1/red/2018-89546/images/61194702,https://ws-public.interpol.int/notices/v1/red/2018-89546/images,https://ws-public.interpol.int/notices/v1/red/2018-89546,F,,United Kingdom,,,0.0,0.0,,,"1. Being in possession of explosives     
2. Conspiracy to commit a felony",Kenya,
2017/131645,ARTI,DHIR,1964/09/02,GB,https://ws-public.interpol.int/notices/v1/red/2017-131645/images/60563565,https://ws-public.interpol.int/notices/v1/red/2017-131645/images,https://ws-public.interpol.int/notices/v1/red/2017-131645,F,NAIROBI,Kenya,['BLA'],['BRO'],1.58,90.0,"HIN, PAN, ENG",,"Punishment for murder, Punishment for kidnapping, Kidnapping in order to murder, Criminal Conspiracy, Abettor present when offence is committed.",India,
2017/129668,HARRIS JOHN ITALO,BINOTTI,1991/03/18,GB,https://ws-public.interpol.int/notices/v1/red/2017-129668/images/60558786,https://ws-public.interpol.int/notices/v1/red/2017-129668/images,https://ws-public.interpol.int/notices/v1/red/2017-129668,M,SCOTLAND,United Kingdom,['BLU'],['BRO'],1.68,0.0,ENG,,murder,Myanmar,
2014/42994,ROBERT,TIMMINS,1951/11/03,GB,https://ws-public.interpol.int/notices/v1/red/2014-42994/images/59562532,https://ws-public.interpol.int/notices/v1/red/2014-42994/images,https://ws-public.interpol.int/notices/v1/red/2014-42994,M,,,,,0.0,0.0,ENG,,"manslaughter, Unlawful handling of firearms or essential components thereof or ammunition, Driving power-driven vehicle, off-road vehicle or tram in state of intoxication.",Estonia,
2009/34140,AHMAD OMAR SAEED,SHEIKH,1973/12/23,GB,https://ws-public.interpol.int/notices/v1/red/2009-34140/images/54234523,https://ws-public.interpol.int/notices/v1/red/2009-34140/images,https://ws-public.interpol.int/notices/v1/red/2009-34140,M,"LONDON, ENGLAND",United Kingdom,['BRO'],['BLA'],1.88,86.0,"URD, ARA, ENG","SHEIKH HAS A BULLET WOUND ON RIGHT SHOULDER, AND WEARS GLASSES","1) CONSPIRACY TO COMMIT HOSTAGE TAKING 
2) HOSTAGE TAKING 
",United States of America,
2009/213,DAREN MICHAEL,ELARMO,1969/08/15,GB,https://ws-public.interpol.int/notices/v1/red/2009-213/images/54062968,https://ws-public.interpol.int/notices/v1/red/2009-213/images,https://ws-public.interpol.int/notices/v1/red/2009-213,M,,United Kingdom,['BRO'],['BRO'],1.7,77.0,ENG,,"1) Kidnapping for the purpose of committing a lewd act upon a child (2 counts); 
2) Oral copulation with a person under the age of fourteen years (7 counts) 
3) Sodomy with a person under the age of fourteen years and more than ten years younger than defendant (6 counts); 4) Lewd act upon a child under the age of fourteen years; 5) Sodomy with a person under the age of sixteen years
",United States of America,
