entity_id,forename,name,date_of_birth,nationalities,thumbnail,images,self_link,sex_id,place_of_birth,country_of_birth,eyes_colors_id,hairs_id,height,weight,languages_spoken_ids,distinguishing_marks,arrest_charge,arrest_issuing_country,arrest_charge_translation
2022/85800,DANIEL OSCAR,CHERUTTI,1947/01/18,"IT, AR",https://ws-public.interpol.int/notices/v1/red/2022-85800/images/62630101,https://ws-public.interpol.int/notices/v1/red/2022-85800/images,https://ws-public.interpol.int/notices/v1/red/2022-85800,M,"CAÑUELAS, PROVINCIA DE BUENOS AIRES",Argentina,,,0.0,0,,,"EN CALIDAD DE AUTOR, PRIVACIÓN ILEGAL DE LA LIBERTAD DE UN TOTAL DE CIENTO OCHO (108) PERSONAS, PRIVACIÓN ILEGAL DE LA LIBERTAD AGRAVADA –POR SU DURACIÓN DE MÁS DE UN MES- DE SIETE (7) PERSONAS, APLICACIÓN DE TORMENTOS RESPECTO DE CIENTO CUATRO (104) PERSONAS Y SUSTRACCIÓN DE MENORES RESPECTO DE DOS (2) PERSONAS; Y COMPLEMENTARIAMENTE, SE LE ATRIBUYE LA COMISIÓN EN CALIDAD DE CÓMPLICE PRIMARIO, DEL HOMICIDIO AGRAVADO DE DIECINUEVE (19) PERSONAS",Argentina,
2015/80140,CARLO VALENTINO FERDINANDO,GEROSA,1946/11/11,"CH, IT",https://ws-public.interpol.int/notices/v1/red/2015-80140/images/59953002,https://ws-public.interpol.int/notices/v1/red/2015-80140/images,https://ws-public.interpol.int/notices/v1/red/2015-80140,M,MILAN,Italy,,,1.89,0,ITA,,"Section 3 of PMLA-Offence of Money Laundering, Section 4 of PMLA-Punishment for Money Laundering.",India,
2015/25643,ANTONINO,COLOSI,1946/05/31,IT,https://ws-public.interpol.int/notices/v1/red/2015-25643/images/59776104,https://ws-public.interpol.int/notices/v1/red/2015-25643/images,https://ws-public.interpol.int/notices/v1/red/2015-25643,M,SAN PIER NICETO (ME),Italy,['BRO'],['GRYG'],1.65,0,ITA,,"Conspiracy to commit forgery, counterfeiting an official seal,
aggravated fraud, receiving stolen goods, fraudulent bankruptcy, financial offences, slander.",Italy,
2013/17501,ANGELO,GALIMBERTI,1947/03/02,IT,https://ws-public.interpol.int/notices/v1/red/2013-17501/images/60528824,https://ws-public.interpol.int/notices/v1/red/2013-17501/images,https://ws-public.interpol.int/notices/v1/red/2013-17501,M,MILANO,Italy,['BRO'],['BRO'],1.75,0,,,"PARTICIPATION AT A CRIMINAL ASSOCIATION, RECEIVING STOLEN GOODS ED EXTORTION",Italy,
2012/290803,FRANCO,RAIMONDI,1945/12/19,IT,https://ws-public.interpol.int/notices/v1/red/2012-290803/images/56797241,https://ws-public.interpol.int/notices/v1/red/2012-290803/images,https://ws-public.interpol.int/notices/v1/red/2012-290803,M,ROVIGO,Italy,,['BRO'],1.73,0,ITA,"tatou epaule droite (floeure)
il porte des lunettes","vol qualifié, concours en rapine qualifié, recel, escroquerie",Italy,
2010/52792,ENRICO,BALLARDINI,1948/05/13,IT,https://ws-public.interpol.int/notices/v1/red/2010-52792/images/54633332,https://ws-public.interpol.int/notices/v1/red/2010-52792/images,https://ws-public.interpol.int/notices/v1/red/2010-52792,M,GALLARETE,Italy,['BLU'],['REDA'],1.78,0,,,HOMICIDIO AGRAVADO,Colombia,
