entity_id,forename,name,date_of_birth,nationalities,thumbnail,images,self_link,sex_id,place_of_birth,country_of_birth,eyes_colors_id,hairs_id,height,weight,languages_spoken_ids,distinguishing_marks,arrest_charge,arrest_issuing_country,arrest_charge_translation
2011/15958,TYSON,JOSEPH,1990/01/26,LC,https://ws-public.interpol.int/notices/v1/red/2011-15958/images/55119730,https://ws-public.interpol.int/notices/v1/red/2011-15958/images,https://ws-public.interpol.int/notices/v1/red/2011-15958,M,ST. LUCIA,St Lucia,['BRO'],['BLA'],1.78,68,ENG,,"ROBBERY WHILE ARMED WITH A FIREARM X 10  
DISGUISE WITH INTENT X 10 
ATTEMPT MURDER X 2
FORCIBLE CONFINEMENT X 2
AGGRAVATED ASSAULT X 2",Canada,
