entity_id,forename,name,date_of_birth,nationalities,thumbnail,images,self_link,sex_id,place_of_birth,country_of_birth,eyes_colors_id,hairs_id,height,weight,languages_spoken_ids,distinguishing_marks,arrest_charge,arrest_issuing_country,arrest_charge_translation
2025/55830,SAID,ABERKANE,1982/12/28,"BE, MA",https://ws-public.interpol.int/notices/v1/red/2025-55830/images/63575139,https://ws-public.interpol.int/notices/v1/red/2025-55830/images,https://ws-public.interpol.int/notices/v1/red/2025-55830,M,Borgerhout,Belgium,,,,,,,"1. Unauthorised import, export and transport of cocaine, in association with other persons;
2. Unauthorised selling, offering for sale, delivery or supply of cannabis, in association with other persons;
3. Participation in a criminal organisation.",Belgium,
2025/34826,NGABO,RUDASINGWA,2002/07/01,BE,https://ws-public.interpol.int/notices/v1/red/2025-34826/images/63491916,https://ws-public.interpol.int/notices/v1/red/2025-34826/images,https://ws-public.interpol.int/notices/v1/red/2025-34826,M,Jette,Belgium,,,,,FRE,,"- torture and serious maiming
- robbery with violence or threats, with aggravating circumstances
- attempted extortion, with violence, at night, in a gang, using a weapon and a stolen vehicle
- illegal restraint with death threats
- handling of computer data with a view to securing an unlawful economic advantage
- premeditated voluntary assault and battery
- unauthorized possession, acquisition and transport of substances, with aggravating circumstances",Belgium,
2024/80274,SVEN,VERHOENE,1969/11/24,BE,https://ws-public.interpol.int/notices/v1/red/2024-80274/images/63277786,https://ws-public.interpol.int/notices/v1/red/2024-80274/images,https://ws-public.interpol.int/notices/v1/red/2024-80274,M,GHENT,Belgium,,,,,,,RAPE,Belgium,
2024/30870,GANDI,ABEDI MINZELE,1996/11/01,BE,https://ws-public.interpol.int/notices/v1/red/2024-30870/images/63073821,https://ws-public.interpol.int/notices/v1/red/2024-30870/images,https://ws-public.interpol.int/notices/v1/red/2024-30870,M,Jette,Belgium,,,,,,,"arson, Possession and carrying of a weapon subject to authorization, Attempted murder",Belgium,
2022/7551,ABDENOUR,DJABRI,1981/09/22,"DZ, BE",https://ws-public.interpol.int/notices/v1/red/2022-7551/images/62357273,https://ws-public.interpol.int/notices/v1/red/2022-7551/images,https://ws-public.interpol.int/notices/v1/red/2022-7551,M,ORAN,Algeria,,,0.0,0.0,,,murder,Poland,
2019/58915,SULEYMAN ZELIMKHANOVITCH,BETELGUIRIEV,1993/08/05,BE,https://ws-public.interpol.int/notices/v1/red/2019-58915/images/61439122,https://ws-public.interpol.int/notices/v1/red/2019-58915/images,https://ws-public.interpol.int/notices/v1/red/2019-58915,M,Verkhniy Naur,Russia,,,,,,,"Murder, grievous bodily injury // Manslaughter",Belgium,
2019/32378,THIERRY,VANHOLE,1955/05/12,BE,https://ws-public.interpol.int/notices/v1/red/2019-32378/images/61351983,https://ws-public.interpol.int/notices/v1/red/2019-32378/images,https://ws-public.interpol.int/notices/v1/red/2019-32378,M,,Belgium,,,0.0,0.0,,,"1. PUNISHMENT FOR MURDER
2. PUNISHMENT FOR CULPABLE HOMICIDE NOT AMOUNTING TO MURDER",Malaysia,
2018/68413,ADITYA,NANAVATI,1985/01/31,"IN, BE",https://ws-public.interpol.int/notices/v1/red/2018-68413/images/61132065,https://ws-public.interpol.int/notices/v1/red/2018-68413/images,https://ws-public.interpol.int/notices/v1/red/2018-68413,M,AHMEDABAD,India,,,0.0,0.0,"HIN, GUJ, ENG",,Money Laundering,India,
