entity_id,forename,name,date_of_birth,nationalities,thumbnail,images,self_link,sex_id,place_of_birth,country_of_birth,eyes_colors_id,hairs_id,height,weight,languages_spoken_ids,distinguishing_marks,arrest_charge,arrest_issuing_country,arrest_charge_translation
2022/21095,MARTIN,SCHABEL,1972/03/22,AT,https://ws-public.interpol.int/notices/v1/red/2022-21095/images/62403135,https://ws-public.interpol.int/notices/v1/red/2022-21095/images,https://ws-public.interpol.int/notices/v1/red/2022-21095,M,VIENNA,Austria,,,,,,,"Participation in a criminal organisation, drugs traficking",Austria,
2019/115005,ALEKSANDAR,RUZIC,1979/09/22,"AT, BA",https://ws-public.interpol.int/notices/v1/red/2019-115005/images/61639359,https://ws-public.interpol.int/notices/v1/red/2019-115005/images,https://ws-public.interpol.int/notices/v1/red/2019-115005,M,LINZ,Austria,,,0.0,0.0,,,ORGANISING A TERRORIST GROUP IN CONNECTION WITH ILLEGAL CREATION AND JOINING OF FOREIGN PARAMILITARY AND PARAPOLICE FORMATION,Bosnia & Herzegovina,
2015/84944,RAMO,GRAHOVIC,1966/12/15,"BA, AT",https://ws-public.interpol.int/notices/v1/red/2015-84944/images/59969070,https://ws-public.interpol.int/notices/v1/red/2015-84944/images,https://ws-public.interpol.int/notices/v1/red/2015-84944,M,VELIKA KLADUSA,Bosnia & Herzegovina,,,0.0,0.0,,,"FUNDING OF TERRORIST ACTIVITIES, ORGANISING A TERRORIST GROUP, ILLEGAL CREATION AND JOINING OF FOREIGN PARAMILITARY AND PARAPOLICE FORMATION",Bosnia & Herzegovina,
2015/74874,ALBERT,TOPIC,1971/12/07,"AT, BA, HR",https://ws-public.interpol.int/notices/v1/red/2015-74874/images/59935235,https://ws-public.interpol.int/notices/v1/red/2015-74874/images,https://ws-public.interpol.int/notices/v1/red/2015-74874,M,WIEN,Austria,,,0.0,0.0,"HRV, SRP",,WAR CRIME AGAINST CIVILIAN POPULATION,Bosnia & Herzegovina,
1995/17414,TIBOR THEODOR,FOCO,1956/04/18,AT,https://ws-public.interpol.int/notices/v1/red/1995-17414/images/56997316,https://ws-public.interpol.int/notices/v1/red/1995-17414/images,https://ws-public.interpol.int/notices/v1/red/1995-17414,M,LINZ,Austria,"['BLU', 'GRE']",['BRO'],1.75,0.0,"FRE, HUN, ENG",5-cm scar on left elbow,MURDER,Austria,
