entity_id,forename,name,date_of_birth,nationalities,thumbnail,images,self_link,sex_id,place_of_birth,country_of_birth,eyes_colors_id,hairs_id,height,weight,languages_spoken_ids,distinguishing_marks,arrest_charge,arrest_issuing_country,arrest_charge_translation
2024/51760,PETER,MARARE,1982/05/01,GY,https://ws-public.interpol.int/notices/v1/red/2024-51760/images/63159243,https://ws-public.interpol.int/notices/v1/red/2024-51760/images,https://ws-public.interpol.int/notices/v1/red/2024-51760,M,4,Guyana,,,,,ENG,,Murder,Guyana,
2023/25799,THAKURDIAL,SAMAROO,1966/05/02,GY,https://ws-public.interpol.int/notices/v1/red/2023-25799/images/62723398,https://ws-public.interpol.int/notices/v1/red/2023-25799/images,https://ws-public.interpol.int/notices/v1/red/2023-25799,M,"INDUSTRY, ECD",Guyana,['BRO'],['BLA'],0.0,0.0,ENG,,MURDER,Guyana,
2023/25148,NAQEEBA,ZAHID,1988/07/29,GY,https://ws-public.interpol.int/notices/v1/red/2023-25148/images/62720994,https://ws-public.interpol.int/notices/v1/red/2023-25148/images,https://ws-public.interpol.int/notices/v1/red/2023-25148,F,EAST COAST DEMERARA,Guyana,['BRO'],['BLA'],0.0,155.0,ENG,,Murder,Guyana,
2019/51847,HARRY NARINE,RAJKUMAR,1972/05/26,"GY, CA",https://ws-public.interpol.int/notices/v1/red/2019-51847/images/61416276,https://ws-public.interpol.int/notices/v1/red/2019-51847/images,https://ws-public.interpol.int/notices/v1/red/2019-51847,M,GUYANA,,['BRO'],['OTHD'],1.8,73.0,ENG,,"attempt murder, aggravated assault x2, assault with a weapon x 2, disobey court order, and failing to comply with his recognizancex2.",Canada,
2016/64278,JULIE ELIZABETH,RAVEL,1954/04/21,"DE, GY",https://ws-public.interpol.int/notices/v1/red/2016-64278/images/63553840,https://ws-public.interpol.int/notices/v1/red/2016-64278/images,https://ws-public.interpol.int/notices/v1/red/2016-64278,F,BURGUFFELN,Germany,,,0.0,0.0,,,PRESUNTO HOMICIDIO.,Uruguay,
