entity_id,forename,name,date_of_birth,nationalities,thumbnail,images,self_link,sex_id,place_of_birth,country_of_birth,eyes_colors_id,hairs_id,height,weight,languages_spoken_ids,distinguishing_marks,arrest_charge,arrest_issuing_country,arrest_charge_translation
2024/1257,JOSE ADOLFO,MACIAS VILLAMAR,1979/09/30,EC,https://ws-public.interpol.int/notices/v1/red/2024-1257/images/63007356,https://ws-public.interpol.int/notices/v1/red/2024-1257/images,https://ws-public.interpol.int/notices/v1/red/2024-1257,M,MANABI/SANTA ANA/SANTA ANA,Ecuador,['BROD'],['BLA'],0.0,0.0,SPA,,ASESINATO,Ecuador,
2024/2681,CRISTIAN GABRIEL,BOSQUEZ JIMENEZ,1997/11/18,EC,https://ws-public.interpol.int/notices/v1/red/2024-2681/images/62961250,https://ws-public.interpol.int/notices/v1/red/2024-2681/images,https://ws-public.interpol.int/notices/v1/red/2024-2681,M,SANTO DOMINGO DE LOS TSACHILAS/SANTO DOMINGO,Ecuador,,,,,SPA,,FEMICIDIO,Ecuador,
2021/57521,FREDDY YASMANY,MACIAS ZABALA,1982/02/13,EC,https://ws-public.interpol.int/notices/v1/red/2021-57521/images/62239769,https://ws-public.interpol.int/notices/v1/red/2021-57521/images,https://ws-public.interpol.int/notices/v1/red/2021-57521,M,,Ecuador,,,0.0,0.0,,,ABUSO SEXUAL AGRAVADO POR HABER SIDO COMETIDO EN PERJUICIO DE SU HIJA -MENOR DE EDAD- APROVECHÁNDOSE DE LA SITUACIÓN DE CONVIVENCIA PREEXISTENTE Y LESIONES LEVES AGRAVADAS POR EL VÍNCULO,Argentina,
2016/55923,FREEJER LORENZO,RIVAS RODRIGUEZ,1966/05/22,EC,https://ws-public.interpol.int/notices/v1/red/2016-55923/images/60166788,https://ws-public.interpol.int/notices/v1/red/2016-55923/images,https://ws-public.interpol.int/notices/v1/red/2016-55923,M,Luis Tello las Palmas,Ecuador,,,,,SPA,,Homicidio Culposo,Guatemala,
2015/7035,FRANCISCO,MARTINEZ,1961/10/23,EC,https://ws-public.interpol.int/notices/v1/red/2015-7035/images/59711633,https://ws-public.interpol.int/notices/v1/red/2015-7035/images,https://ws-public.interpol.int/notices/v1/red/2015-7035,M,GUAYAQUIL,Ecuador,['BRO'],['HAIB'],1.73,113.0,"ENG, SPA","MARTINEZ may weigh between 77 and 159 kilograms, his black or brown hair is balding, the skin on his head may be discolored, and he may wear a hat to conceal the discolored skin.","1) Murder in the First Degree
2) Possession of a Weapon for an Unlawful Purpose in the Second Degree
3) Unlawful Possession of a Weapon in the Third Degree
4) Aggravated Arson in the Second Degree
5) Theft in the Third Degree",United States of America,
2011/49663,JOSHUA DARIO,CONSTANTE,1985/10/16,"EC, US",https://ws-public.interpol.int/notices/v1/red/2011-49663/images/55904669,https://ws-public.interpol.int/notices/v1/red/2011-49663/images,https://ws-public.interpol.int/notices/v1/red/2011-49663,M,"LOS ANGELES, CALIFORNIA",United States of America,['BRO'],['BLA'],1.7,82.0,"SPA, ENG",CONSTANTE has a tattoo on his upper right arm/shoulder of the grim reaper embracing a naked woman.,"1) Robbery with use of a firearm and loss of property exceeding $2,500,000 (3 counts)
2) Assault with a deadly weapon with use of a firearm (3 counts)
3) False imprisonment with use of a firearm (3 counts)
4) Terrorist threats with use of a firearm (3 counts)
5) Burglary 
6) Kidnapping to commit robbery or rape with use of a firearm (3 counts)
7) Assault with intent to commit rape (2 counts)
8) Sexual battery (2 counts)",United States of America,
2011/23778,LUIS E.,LLAGZHA,1978/02/05,"EC, GT",https://ws-public.interpol.int/notices/v1/red/2011-23778/images/55282807,https://ws-public.interpol.int/notices/v1/red/2011-23778/images,https://ws-public.interpol.int/notices/v1/red/2011-23778,M,,Ecuador,['BRO'],['BLA'],1.65,66.0,"SPA, ENG",LLAGZHA has a tattoo on his chest.,"1) Rape in the First Degree
2) Rape in the Second Degree",United States of America,
2011/12659,LUIS AGUSTIN,GUAMAN,1970/05/01,EC,https://ws-public.interpol.int/notices/v1/red/2011-12659/images/55060089,https://ws-public.interpol.int/notices/v1/red/2011-12659/images,https://ws-public.interpol.int/notices/v1/red/2011-12659,M,,Ecuador,['BRO'],['BRO'],1.52,59.0,SPA,Guaman has tattoos on his left forearm and bicep.,Assault and Battery,United States of America,
2010/40870,GEOVANNY,CAJAMARCA,1985/02/10,EC,https://ws-public.interpol.int/notices/v1/red/2010-40870/images/54480898,https://ws-public.interpol.int/notices/v1/red/2010-40870/images,https://ws-public.interpol.int/notices/v1/red/2010-40870,M,GUALACEO,Ecuador,['BRO'],['BLA'],1.65,64.0,"SPA, ENG",CAJAMARCA HAS A TATTOO ON HIS LEFT HAND OF A LETTER OR LETTERS.,"1) RAPE IN THE FIRST DEGREE
2) RAPE IN THE SECOND DEGREE
3) SEXUAL ABUSE IN THE FIRST DEGREE (2 COUNTS)
4) ENDANGERING THE WELFARE OF A CHILD",United States of America,
2010/27173,MARCO,GUAZHAMBO,1980/07/20,EC,https://ws-public.interpol.int/notices/v1/red/2010-27173/images/54416894,https://ws-public.interpol.int/notices/v1/red/2010-27173/images,https://ws-public.interpol.int/notices/v1/red/2010-27173,M,,Ecuador,['BRO'],['BLA'],1.68,82.0,SPA,UNKNOWN,"1) RAPE IN THE FIRST DEGREE 
2) RAPE IN THE SECOND DEGREE
3) ENDANGERING THE WELFARE OF A CHILD",United States of America,
2009/37618,JAIME,PEROGLIO,1965/07/28,EC,https://ws-public.interpol.int/notices/v1/red/2009-37618/images/54251553,https://ws-public.interpol.int/notices/v1/red/2009-37618/images,https://ws-public.interpol.int/notices/v1/red/2009-37618,M,AMBATO,Ecuador,['BRO'],['BLA'],1.68,82.0,"ENG, SPA","PEROGLIO HAS A SCAR ON HIS LEFT WRIST, A TATTOO ON HIS ABDOMEN, A TATTOO ON HIS BACK, AND A TATTOO OF A HEART ON HIS RIGHT SHOULDER.",CONSPIRACY TO DISTRIBUTE AND POSSESS WITH INTENT TO DISTRIBUTE 5 KILOGRAMS OR MORE OF COCAINE,United States of America,
2009/22792,MARIA,HEYMAN,1970/10/19,EC,https://ws-public.interpol.int/notices/v1/red/2009-22792/images/54193973,https://ws-public.interpol.int/notices/v1/red/2009-22792/images,https://ws-public.interpol.int/notices/v1/red/2009-22792,F,,Ecuador,['BRO'],['BLA'],1.6,73.5,"ENG, SPA",,Involuntary manslaughter.,United States of America,
2008/17662,JIMMY,LOPEZ,1983/05/01,EC,https://ws-public.interpol.int/notices/v1/red/2008-17662/images/53957233,https://ws-public.interpol.int/notices/v1/red/2008-17662/images,https://ws-public.interpol.int/notices/v1/red/2008-17662,M,,Ecuador,['BRO'],['BLA'],1.625,63.5,"ENG, SPA","Tattoo: ""Jimmy"" on back of neck. ","1) Robbery in the 1st degree (1 count) 
2) Unlawful imprisonment in the 1st degree (1 count)",United States of America,
2006/40310,FAUSTO RAMIRO,SANTOS CARILLO,1966/11/19,EC,https://ws-public.interpol.int/notices/v1/red/2006-40310/images/58097415,https://ws-public.interpol.int/notices/v1/red/2006-40310/images,https://ws-public.interpol.int/notices/v1/red/2006-40310,M,Guaranda / Bolivar,Ecuador,['BRO'],['BLA'],1.525,58.5,"SPA, ENG",,"(1) Murder [1 count]
(2) Possession of a weapon for unlawful purpose [1 count]
(3) Possession of a weapon [1 count]",United States of America,
