entity_id,forename,name,date_of_birth,nationalities,thumbnail,images,self_link,sex_id,place_of_birth,country_of_birth,eyes_colors_id,hairs_id,height,weight,languages_spoken_ids,distinguishing_marks,arrest_charge,arrest_issuing_country,arrest_charge_translation
2025/43010,KENNETH NANA YAW,OFORI-ATTA,1959/11/07,GH,https://ws-public.interpol.int/notices/v1/red/2025-43010/images/63524986,https://ws-public.interpol.int/notices/v1/red/2025-43010/images,https://ws-public.interpol.int/notices/v1/red/2025-43010,M,Accra,Ghana,['BLA'],['BLA'],1.7,,"ENG, TWI",N/A,Using Public Office for Profit,Ghana,
2017/129550,ALEX KWAME,FUACHIE,1977/08/22,GH,https://ws-public.interpol.int/notices/v1/red/2017-129550/images/60742956,https://ws-public.interpol.int/notices/v1/red/2017-129550/images,https://ws-public.interpol.int/notices/v1/red/2017-129550,M,KUMASI,,,,,,,,"Manslaughter
Murder
Unlawful deprivation of liberty; 
Extortion; 
Fraud; 
Aggravated theft;",Netherlands,
