entity_id,forename,name,date_of_birth,nationalities,thumbnail,images,self_link,sex_id,place_of_birth,country_of_birth,eyes_colors_id,hairs_id,height,weight,languages_spoken_ids,distinguishing_marks,arrest_charge,arrest_issuing_country,arrest_charge_translation
2011/20073,MAREK,DANIHEL,1981/05/26,SK,https://ws-public.interpol.int/notices/v1/red/2011-20073/images/61681278,https://ws-public.interpol.int/notices/v1/red/2011-20073/images,https://ws-public.interpol.int/notices/v1/red/2011-20073,M,SALA,Slovakia,,,0.0,0.0,,,THEFT,Slovakia,
2018/40223,ROBERT,OKOLICANY,1975/09/17,SK,https://ws-public.interpol.int/notices/v1/red/2018-40223/images/61037282,https://ws-public.interpol.int/notices/v1/red/2018-40223/images,https://ws-public.interpol.int/notices/v1/red/2018-40223,M,KOSICE,Slovakia,,,0.0,0.0,,,"Murder, Endangering Public Safety, Prohibited Acquisition and Possession of Firearms, Establishing, Masterminding and Supporting a Criminal and Terrorist Group, Damaging of Thing of Another Bodily Injury",Slovakia,
2017/198569,ERIC,NUHANOVIC,1995/02/25,"BA, SK",https://ws-public.interpol.int/notices/v1/red/2017-198569/images/60743677,https://ws-public.interpol.int/notices/v1/red/2017-198569/images,https://ws-public.interpol.int/notices/v1/red/2017-198569,M,ROMA,Italy,,,0.0,0.0,,,CRIMINAL OFFENCE ORGANISING GROUP AND JOINING FOREIGN PARAMILITARY AND PARAPOLICE GROUPS  FORESEEN BY ART. 162 B SECTION 2 IN CONNECTION WITH SECTION 1 OF CRIMINAL CODE OF BOSNIA AND HERZEGOVINA.,Bosnia & Herzegovina,
2013/42452,MARIAN,STAJGAR,1980/02/01,SK,https://ws-public.interpol.int/notices/v1/red/2013-42452/images/61093442,https://ws-public.interpol.int/notices/v1/red/2013-42452/images,https://ws-public.interpol.int/notices/v1/red/2013-42452,M,BRATISLAVA,Slovakia,,,0.0,0.0,,,murder,Slovakia,
2015/83578,STEFAN,HEGEDUS,1973/07/01,SK,https://ws-public.interpol.int/notices/v1/red/2015-83578/images/59964474,https://ws-public.interpol.int/notices/v1/red/2015-83578/images,https://ws-public.interpol.int/notices/v1/red/2015-83578,M,,,,,,,,,murder,Slovakia,
2011/41694,KAROL,MELLO,1969/12/09,SK,https://ws-public.interpol.int/notices/v1/red/2011-41694/images/55646987,https://ws-public.interpol.int/notices/v1/red/2011-41694/images,https://ws-public.interpol.int/notices/v1/red/2011-41694,M,BOJNICE,Slovakia,,['BRO'],1.85,0.0,,,accomplice in murder,Slovakia,
2014/50316,ALEN,VELOVIC,1984/05/28,"ME, SK",https://ws-public.interpol.int/notices/v1/red/2014-50316/images/59587956,https://ws-public.interpol.int/notices/v1/red/2014-50316/images,https://ws-public.interpol.int/notices/v1/red/2014-50316,M,BAR,Montenegro,,,0.0,0.0,,,organised or armed robbery,Slovakia,
2011/45383,MICHAL,VOLCKO,1963/01/06,SK,https://ws-public.interpol.int/notices/v1/red/2011-45383/images/55769269,https://ws-public.interpol.int/notices/v1/red/2011-45383/images,https://ws-public.interpol.int/notices/v1/red/2011-45383,M,,Slovakia,,,0.0,0.0,SLO,,fraud,Slovakia,
2011/20073,MAREK,DANIHEL,1981/05/26,SK,https://ws-public.interpol.int/notices/v1/red/2011-20073/images/61681278,https://ws-public.interpol.int/notices/v1/red/2011-20073/images,https://ws-public.interpol.int/notices/v1/red/2011-20073,M,SALA,Slovakia,,,0.0,0.0,,,THEFT,Slovakia,
