entity_id,forename,name,date_of_birth,nationalities,thumbnail,images,self_link,sex_id,place_of_birth,country_of_birth,eyes_colors_id,hairs_id,height,weight,languages_spoken_ids,distinguishing_marks,arrest_charge,arrest_issuing_country,arrest_charge_translation
2024/25847,ANTONIO,NEVES PEREIRA,1975/07/01,PT,https://ws-public.interpol.int/notices/v1/red/2024-25847/images/63052990,https://ws-public.interpol.int/notices/v1/red/2024-25847/images,https://ws-public.interpol.int/notices/v1/red/2024-25847,M,Beja,Portugal,,,1.77,,"POR, FRE",,"Viol commis par une personne étant ou ayant été le conjoint, le concubin ou le partenaire lié à la victime par un PACS",France,
2023/14959,ALBERTO SEVERO,DE SOUSA MADUREIRA,1971/04/08,PT,https://ws-public.interpol.int/notices/v1/red/2023-14959/images/62682704,https://ws-public.interpol.int/notices/v1/red/2023-14959/images,https://ws-public.interpol.int/notices/v1/red/2023-14959,M,,,,,1.68,,,,- Delito de homicidio doloso consumado,Spain,
2022/69622,ALEXANDRE,VALENTE FERNANDES,1996/06/20,PT,https://ws-public.interpol.int/notices/v1/red/2022-69622/images/62573566,https://ws-public.interpol.int/notices/v1/red/2022-69622/images,https://ws-public.interpol.int/notices/v1/red/2022-69622,M,MOURA,Portugal,,,1.8,0.0,"FRE, POR","Peau mate, type portugais ou cap verdien, porteur de grosses dreadlocks blondes et longues (mi-dos), une petite moustache. 
Tatouage représentant un chapelet de couleur rouge ou vert sur le dessus d'une de ses mains.","- Vol avec violence ayant entraîné une incapacité totale de travail supérieure à 8 jours.
- Arrestation, enlèvement, séquestration ou détention arbitraire suivi d’une libération avant le 7ᵉ jour.",France,
2022/9467,JOAO DE DEU OLIVEIRA GOMES,DOS SANTOS,1987/07/28,"AO, PT",https://ws-public.interpol.int/notices/v1/red/2022-9467/images/62364916,https://ws-public.interpol.int/notices/v1/red/2022-9467/images,https://ws-public.interpol.int/notices/v1/red/2022-9467,M,LUANDA,Angola,,,0.0,0.0,,,Murder,Angola,
2017/188099,SERAFIM,PEREIRA ALMEIDA DA CRUZ,1957/09/09,PT,https://ws-public.interpol.int/notices/v1/red/2017-188099/images/60709141,https://ws-public.interpol.int/notices/v1/red/2017-188099/images,https://ws-public.interpol.int/notices/v1/red/2017-188099,M,"PONTE DE LIMA, VIANA DO CASTELO",Portugal,,,1.6,,POR,,CONTRABANDO DE ESTUPEFACIENTES,Argentina,
2016/26808,JOAO PAULO,FERREIRA MARQUES,1967/01/31,PT,,https://ws-public.interpol.int/notices/v1/red/2016-26808/images,https://ws-public.interpol.int/notices/v1/red/2016-26808,M,LISBOA,Portugal,,,,,,,ALMACENAMIENTO DE SUSTANCIAS ESTUPEFACIENTES CON FINES DE COMERCIALIZACION Y CONTRABANDO DE EXPORTACION CALIFICADO DE ESTUPEFACIENTES EN GRADO DE TENTATIVA AGRAVADO POR EL NUMERO DE INTERVINIENTES Y ASOCIACION ILICITA EN CALIDAD DE JEFE EN CONCURSO REAL,Argentina,
2014/34208,VITALY,GUDKOV,1961/01/13,"RU, PT",https://ws-public.interpol.int/notices/v1/red/2014-34208/images/59530134,https://ws-public.interpol.int/notices/v1/red/2014-34208/images,https://ws-public.interpol.int/notices/v1/red/2014-34208,M,"MAKEEVKA TOWN, STALINSKAYA OBLAST",Ukraine,,,,,RUS,,"large scale fraud, attempt of large scale fraud",Russia,
2013/42576,ARKADI,BUNIN,1972/11/11,"RU, PT",https://ws-public.interpol.int/notices/v1/red/2013-42576/images/58844319,https://ws-public.interpol.int/notices/v1/red/2013-42576/images,https://ws-public.interpol.int/notices/v1/red/2013-42576,M,"NOVOSIBIRSK REGION, ROMANOVKA VILLAGE",Russia,,['BROF'],1.8,0.0,RUS,,Organization of abduction committed by group of persons on preliminary agreement,Russia,
2014/4205,CARLOS,BOLIEIRO,1962/02/17,"PT, US",https://ws-public.interpol.int/notices/v1/red/2014-4205/images/59403691,https://ws-public.interpol.int/notices/v1/red/2014-4205/images,https://ws-public.interpol.int/notices/v1/red/2014-4205,M,"POVOACAO, AZORES",Portugal,['BRO'],['BRO'],1.73,79.0,"ENG, SPA, POR","BOLIEIRO may have tattoos on his right and left, upper and lower arms, shoulders, chest, and back. BOLIEIRO may have scars on his right thigh and right finger, and may have black hair.",Aggravated Felonious Sexual Assault (3 counts),United States of America,
2010/41507,DANIEL,COSTA,1969/10/29,"PT, US",https://ws-public.interpol.int/notices/v1/red/2010-41507/images/54482801,https://ws-public.interpol.int/notices/v1/red/2010-41507/images,https://ws-public.interpol.int/notices/v1/red/2010-41507,M,"DANBURY, CONNECTICUT",United States of America,"['GRE', 'BRO']","['BLA', 'BRO']",1.83,82.0,"POR, ENG",COSTA IS A HEAVY GAMBLER AND MAY FREQUENT CASINOS OR GAMING EVENTS. ,"1) MURDER
2) ATTEMPTED LARCENY IN THE THIRD DEGREE",United States of America,
