entity_id,forename,name,date_of_birth,nationalities,thumbnail,images,self_link,sex_id,place_of_birth,country_of_birth,eyes_colors_id,hairs_id,height,weight,languages_spoken_ids,distinguishing_marks,arrest_charge,arrest_issuing_country,arrest_charge_translation
2019/125648,IBRAHIM,ISSAK HUSSEN,1993/05/10,"KE, CA",https://ws-public.interpol.int/notices/v1/red/2019-125648/images/61652999,https://ws-public.interpol.int/notices/v1/red/2019-125648/images,https://ws-public.interpol.int/notices/v1/red/2019-125648,M,Mombassa,Kenya,['BRO'],['BLA'],1.63,59,ENG,Scar on left elbow.,1st Degree Murder,Canada,
2017/286230,AHMED MAHABUB,GEDI,1986,"SO, KE",,https://ws-public.interpol.int/notices/v1/red/2017-286230/images,https://ws-public.interpol.int/notices/v1/red/2017-286230,M,IJARA,Kenya,,['BLA'],1.64,0,"ENG, SOM, SWA",,"Count 1; possession of wildlife trophy contrary to section 95 as read with section 105 of the wildlife conservation and management Act 2013.

Count 2; dealing in wildlife trophy contrary to section 84(1) as read with section 92 and section 105 of the wildlife conservation and management Act 2013.",Kenya,
1999/4393,FAHID MOHAMMED ALLY,MSALAM,1976/02/19,KE,https://ws-public.interpol.int/notices/v1/red/1999-4393/images/52395313,https://ws-public.interpol.int/notices/v1/red/1999-4393/images,https://ws-public.interpol.int/notices/v1/red/1999-4393,M,MOMBASA,Kenya,['BRO'],['BLA'],1.7,72,"ENG, ARA, SWA", LIGHT MUSTACHE AND BEARD - ,"Murder, murder conspiracy and bombing",United States of America,
