entity_id,forename,name,date_of_birth,nationalities,thumbnail,images,self_link,sex_id,place_of_birth,country_of_birth,eyes_colors_id,hairs_id,height,weight,languages_spoken_ids,distinguishing_marks,arrest_charge,arrest_issuing_country,arrest_charge_translation
2024/19411,OTHMAN KHALED ABD ALAZIM,ASALYA,1989/03/13,"SE, PS",https://ws-public.interpol.int/notices/v1/red/2024-19411/images/63027992,https://ws-public.interpol.int/notices/v1/red/2024-19411/images,https://ws-public.interpol.int/notices/v1/red/2024-19411,M,GAZA,Palestine,,,1.76,0.0,"SWE, ARA",,"Attempted robbery , theft",Sweden,
2023/52342,AL-HUSSEIN,MOHAMMAD,1993/06/05,SE,https://ws-public.interpol.int/notices/v1/red/2023-52342/images/62824334,https://ws-public.interpol.int/notices/v1/red/2023-52342/images,https://ws-public.interpol.int/notices/v1/red/2023-52342,M,Region South,Sweden,,,1.83,,,,1. Exceptionally gross narcotics offence 2. Exceptionally gross narcotics smuggling,Sweden,
2023/51461,PHILIP,FARAGHI GILLILAND,1997/03/26,SE,https://ws-public.interpol.int/notices/v1/red/2023-51461/images/62821209,https://ws-public.interpol.int/notices/v1/red/2023-51461/images,https://ws-public.interpol.int/notices/v1/red/2023-51461,M,,,['BRO'],['BRO'],1.71,,SWE,Tattoo of man with balaklava and gun on right shoulder. Tattoo of text on right upper arm.,Gross weapons offence and arson.,Sweden,
2023/51168,AHMED,ABDULLAHI FARAH,1991/02/05,SE,https://ws-public.interpol.int/notices/v1/red/2023-51168/images/62819788,https://ws-public.interpol.int/notices/v1/red/2023-51168/images,https://ws-public.interpol.int/notices/v1/red/2023-51168,M,,,,,,,,,"Aiding murder. Preparation to commit murder. Gross weapons offence. Exceptionally gross narcotics offence and exceptionally gross narcotics smuggling, or in the alternative aiding these offences.",Sweden,
2022/63179,ISMAIL,ABDO,1990/06/03,"SE, TR",https://ws-public.interpol.int/notices/v1/red/2022-63179/images/62552569,https://ws-public.interpol.int/notices/v1/red/2022-63179/images,https://ws-public.interpol.int/notices/v1/red/2022-63179,M,Uppsala,Sweden,,,1.73,,"ENG, SWE",,"Attempted gross narcotics offence, Exceptionally gross narcotics offence and exceptionally gross narcotics smuggling, Gross narcotics offence, or, in the alternative, aiding the offence",Sweden,
2022/38846,LARS MICHAEL,WINQVIST,1971/02/18,SE,https://ws-public.interpol.int/notices/v1/red/2022-38846/images/62463614,https://ws-public.interpol.int/notices/v1/red/2022-38846/images,https://ws-public.interpol.int/notices/v1/red/2022-38846,M,REGION SOUTH,Sweden,,,1.78,0.0,,,Gross narcotics offence.,Sweden,
2022/25158,HAMMAD JAWAD,AL-SAAID,1988/02/22,SE,https://ws-public.interpol.int/notices/v1/red/2022-25158/images/62418458,https://ws-public.interpol.int/notices/v1/red/2022-25158/images,https://ws-public.interpol.int/notices/v1/red/2022-25158,M,BASRAH,Iraq,,,1.78,,,,"1. Spreading infectious disease, gross offence 2. Gross fraud 3. False certification, gross offence",Sweden,
2021/38425,SAID SUBHAN,SADAT,1997/10/01,SE,https://ws-public.interpol.int/notices/v1/red/2021-38425/images/62167804,https://ws-public.interpol.int/notices/v1/red/2021-38425/images,https://ws-public.interpol.int/notices/v1/red/2021-38425,M,Kabul,AF,,,,,"SWE, ARA",,"Complicity in murder, alternatively instigation to commit murder",Sweden,
2021/37722,MAURICE WILLIAM TALIBO,SUSO,2001/11/16,SE,https://ws-public.interpol.int/notices/v1/red/2021-37722/images/62164104,https://ws-public.interpol.int/notices/v1/red/2021-37722/images,https://ws-public.interpol.int/notices/v1/red/2021-37722,M,ENSKEDE,Sweden,['BROD'],['BLA'],1.69,,SWE,,Attempted murder,Sweden,
2020/55671,RAWA,MAJID,1986/07/12,SE,https://ws-public.interpol.int/notices/v1/red/2020-55671/images/61880817,https://ws-public.interpol.int/notices/v1/red/2020-55671/images,https://ws-public.interpol.int/notices/v1/red/2020-55671,M,,,,,1.78,,,,"Instigation of exceptionally gross narcotics offence, instigation of gross narcotics offence",Sweden,
2020/20512,JOHAN MARCO,ROSSI,1983/07/20,SE,https://ws-public.interpol.int/notices/v1/red/2020-20512/images/61752783,https://ws-public.interpol.int/notices/v1/red/2020-20512/images,https://ws-public.interpol.int/notices/v1/red/2020-20512,M,MALMÖ,,,,0.0,0.0,,,"1. Gross tax offence – Sections 2 and 4 of the Swedish Tax Offences Act (1971:69) 2. Gross money
laundering offence/commercial money laundering – Sections 3, 5 and 7 of the Swedish Act on Penalties
for Money Laundering Offences (2014:307) 3./4. Gross accounting offence – Chapter 11, Section 5,
second paragraph of the Swedish Criminal Code (1962:700)",Sweden,
2020/23940,OZAN,SARIKAYA,1987/08/02,SE,https://ws-public.interpol.int/notices/v1/red/2020-23940/images/61764598,https://ws-public.interpol.int/notices/v1/red/2020-23940/images,https://ws-public.interpol.int/notices/v1/red/2020-23940,M,STOCKHOLM,Sweden,,,1.71,,,,Gross devastation causing public danger,Sweden,
2016/11158,SEMI,OUESLATI,1972/12/27,SE,https://ws-public.interpol.int/notices/v1/red/2016-11158/images/60013364,https://ws-public.interpol.int/notices/v1/red/2016-11158/images,https://ws-public.interpol.int/notices/v1/red/2016-11158,M,STOCKHOLM,Sweden,,,1.74,0.0,SWE,,Murder and attempted murder.,Sweden,
2013/20885,SIMON ROLF,ARNAMO,1991/07/28,SE,https://ws-public.interpol.int/notices/v1/red/2013-20885/images/58418851,https://ws-public.interpol.int/notices/v1/red/2013-20885/images,https://ws-public.interpol.int/notices/v1/red/2013-20885,M,STOCKHOLM/FARSTA,Sweden,,,1.78,0.0,"ENG, SWE",,Murder,Sweden,
2013/5748,OMAR ABDULKADIR,OMAR,1984/03/09,SE,https://ws-public.interpol.int/notices/v1/red/2013-5748/images/59422358,https://ws-public.interpol.int/notices/v1/red/2013-5748/images,https://ws-public.interpol.int/notices/v1/red/2013-5748,M,HARGEISA,Somalia,,,1.74,0.0,,,Attempted murder,Sweden,
2007/30259,RUSLAN,GELOGAEV,1958/11/16,"SE, RU",https://ws-public.interpol.int/notices/v1/red/2007-30259/images/61115217,https://ws-public.interpol.int/notices/v1/red/2007-30259/images,https://ws-public.interpol.int/notices/v1/red/2007-30259,M,,Kazakhstan,,,0.0,0.0,RUS,,"(1) Illegally crossing the Russian Federation State border;  
(2) Banditry;  
(3) Smuggling;  
(4) Murderous assault on law-enforcement officer;  
(5) Terrorism;  
(6) Murder;  
(7) Illegal possession, transportation and storage of firearms",Russia,
