entity_id,forename,name,date_of_birth,nationalities,thumbnail,images,self_link,sex_id,place_of_birth,country_of_birth,eyes_colors_id,hairs_id,height,weight,languages_spoken_ids,distinguishing_marks,arrest_charge,arrest_issuing_country,arrest_charge_translation
2025/56193,KRYSTIAN ADAM,BRZEZINSKI,1990/09/12,PL,https://ws-public.interpol.int/notices/v1/red/2025-56193/images/63576567,https://ws-public.interpol.int/notices/v1/red/2025-56193/images,https://ws-public.interpol.int/notices/v1/red/2025-56193,M,Munster,Germany,,,,,,tattoos,participation in placing narcotic drugs on the market in large quantity,Poland,
2025/32717,JACEK TOMASZ,ZWOLAK,1965/03/27,PL,https://ws-public.interpol.int/notices/v1/red/2025-32717/images/63478069,https://ws-public.interpol.int/notices/v1/red/2025-32717/images,https://ws-public.interpol.int/notices/v1/red/2025-32717,M,Gdynia,Poland,,,,90.0,,noticeable missing teeth,"illicit manufacture, processing and smuggling of narcotic drugs, precursors, substitute substances or psychotropic substances or trafficking in them, participation in a criminal organisation or union aiming at committing offences",Poland,
2025/26601,MACIEJ JAROSLAW,RATKOWSKI,1960/10/15,PL,https://ws-public.interpol.int/notices/v1/red/2025-26601/images/63432273,https://ws-public.interpol.int/notices/v1/red/2025-26601/images,https://ws-public.interpol.int/notices/v1/red/2025-26601,M,WLOCLAWEK,Poland,['BLU'],['GRY'],1.78,0.0,,,"1. participation in criminal organization
2. illicit possesion of narcotic drugs, precursors, substitutes or psychotropic substances, and trafficking therein",Poland,
2025/16012,ARKADIUSZ ANDRZEJ,BRILL,1976/08/15,PL,https://ws-public.interpol.int/notices/v1/red/2025-16012/images/63389462,https://ws-public.interpol.int/notices/v1/red/2025-16012/images,https://ws-public.interpol.int/notices/v1/red/2025-16012,M,GDYNIA,Poland,,,,,,,"kidnapping, illegal imprisoning, taking people hostage,Possessing a firearm or ammunition without the licence, participation in criminal organization",Poland,
2024/72514,VLADYSLAV,SOBOL,1972/01/08,"UA, PL",https://ws-public.interpol.int/notices/v1/red/2024-72514/images/63247397,https://ws-public.interpol.int/notices/v1/red/2024-72514/images,https://ws-public.interpol.int/notices/v1/red/2024-72514,M,UMAN,Ukraine,['OTHL'],['YELB'],1.85,0.0,"UKR, POL","Scars after gunshot wounds on different parts of body. Right arm, hips, cords, left wrist.",Acting as part of an organised criminal group,Poland,
2024/59284,LUKASZ DAWID,KUSMIERA,1987/09/02,PL,https://ws-public.interpol.int/notices/v1/red/2024-59284/images/63192508,https://ws-public.interpol.int/notices/v1/red/2024-59284/images,https://ws-public.interpol.int/notices/v1/red/2024-59284,M,SANDOMIERZ,Poland,['BLU'],['OTHD'],1.73,0.0,POL,"TATTOO OF A SKULL ON RIGHT ARM, TATTOO ON CHEST","organised crime group, taking a hostage",Poland,
2011/33899,TOMASZ DANIEL,JAROSZ,1976/12/10,PL,,https://ws-public.interpol.int/notices/v1/red/2011-33899/images,https://ws-public.interpol.int/notices/v1/red/2011-33899,M,MSZANA DOLNA,Poland,['BROH'],['OTHD'],1.76,,,,RAPE,Poland,
2017/273007,WIESLAW,DRABIK,1978/05/31,PL,https://ws-public.interpol.int/notices/v1/red/2017-273007/images/60850043,https://ws-public.interpol.int/notices/v1/red/2017-273007/images,https://ws-public.interpol.int/notices/v1/red/2017-273007,M,Limanowa,Poland,,,,,,,rape,Poland,
2024/26395,SLAWOMIR,ARSENIUK,1969/08/28,PL,https://ws-public.interpol.int/notices/v1/red/2024-26395/images/63055111,https://ws-public.interpol.int/notices/v1/red/2024-26395/images,https://ws-public.interpol.int/notices/v1/red/2024-26395,M,LOMAZY,Poland,,,,,,,"rape, sexual use of dependency, sexual intercourse or another sexual act with a minor under 15 years of age",Poland,
2024/18839,OLIVER,SINIARSKI-CZAPLICKI,1995/06/09,"US, PL",https://ws-public.interpol.int/notices/v1/red/2024-18839/images/63025821,https://ws-public.interpol.int/notices/v1/red/2024-18839/images,https://ws-public.interpol.int/notices/v1/red/2024-18839,M,New York,United States of America,,,,,"ENG, POL",,"illicit production, processing of, trafficking or trading in narcotic drugs, precursors, narcotic replacement drugs and psychotropic substances; participation in a criminal organisation or an association designed to commit crimes",Poland,
2024/11965,KRZYSZTOF,ZAKLINSKI,1989/06/09,PL,https://ws-public.interpol.int/notices/v1/red/2024-11965/images/62999498,https://ws-public.interpol.int/notices/v1/red/2024-11965/images,https://ws-public.interpol.int/notices/v1/red/2024-11965,M,WROCLAW,Poland,,,0.0,0.0,,,Fraud,Poland,
2024/14818,PATRYK DARIUSZ,SIBINSKI,1991/10/14,PL,https://ws-public.interpol.int/notices/v1/red/2024-14818/images/63010343,https://ws-public.interpol.int/notices/v1/red/2024-14818/images,https://ws-public.interpol.int/notices/v1/red/2024-14818,M,LODZ,Poland,['BRO'],['BLA'],1.8,,POL,Tattoo in a shape of a woman on left side of chest,"kidnapping, extortion",Poland,
2003/44473,RAFAL,ZABLOCKI,1973/05/04,PL,https://ws-public.interpol.int/notices/v1/red/2003-44473/images/61172376,https://ws-public.interpol.int/notices/v1/red/2003-44473/images,https://ws-public.interpol.int/notices/v1/red/2003-44473,M,INOWROCLAW,Poland,['BROL'],,1.85,80.0,"GER, POL",,4- PIMPING,Poland,
2024/9454,KRZYSZTOF PIOTR,MISZTA,1973/07/31,PL,https://ws-public.interpol.int/notices/v1/red/2024-9454/images/62989005,https://ws-public.interpol.int/notices/v1/red/2024-9454/images,https://ws-public.interpol.int/notices/v1/red/2024-9454,M,SLUPSK,Poland,['BROD'],,1.8,,POL,,"participation in a criminal organisation, illicit trafficking in narcotic drugs and psychotropic substances",Poland,
2021/62636,TOMASZ MACIEJ,KRAWACKI,1979/02/19,PL,https://ws-public.interpol.int/notices/v1/red/2021-62636/images/62255944,https://ws-public.interpol.int/notices/v1/red/2021-62636/images,https://ws-public.interpol.int/notices/v1/red/2021-62636,M,NIEMODLIN,Poland,,,,,,,"participation in organized crime group, offences against business transactions, credibility of documents, laundering of money",Poland,
2024/1903,ARTUR JERZY,LADOCHA,1963/07/17,PL,https://ws-public.interpol.int/notices/v1/red/2024-1903/images/62958353,https://ws-public.interpol.int/notices/v1/red/2024-1903/images,https://ws-public.interpol.int/notices/v1/red/2024-1903,M,KRAKOW,Poland,,,,,POL,,"criminal organized group, illicit drugs trafficing and distribution, money laundering",Poland,
2022/15816,USAMA PAWEL,KADRI,1980/06/10,PL,https://ws-public.interpol.int/notices/v1/red/2022-15816/images/62385927,https://ws-public.interpol.int/notices/v1/red/2022-15816/images,https://ws-public.interpol.int/notices/v1/red/2022-15816,M,,Poland,,,,,POL,,"I. participation in an organized criminal group;
II. tax fraud resulting in a loss of high value public-law debts;
III. money laundering in concert with others",Poland,
2023/56453,SZYMON,TOMKIEL,1983/11/03,PL,https://ws-public.interpol.int/notices/v1/red/2023-56453/images/62840010,https://ws-public.interpol.int/notices/v1/red/2023-56453/images,https://ws-public.interpol.int/notices/v1/red/2023-56453,M,SEJNY,Portugal,,,0.0,0.0,POL,,"participation in criminal organization, issue, import and sale of excise goods without excise stamps, excise receiving,",Poland,
2022/34805,KAMIL KRZYSZTOF,ZYLA,1987/08/02,PL,https://ws-public.interpol.int/notices/v1/red/2022-34805/images/62449942,https://ws-public.interpol.int/notices/v1/red/2022-34805/images,https://ws-public.interpol.int/notices/v1/red/2022-34805,M,JASTRZEBIE ZDROJ,,['BRO'],,1.75,75.0,,"Weight about 75 kg, slim figure, height 175-180 cm; tattoo with “LOGO” FC BARCELONA SPORTS CLUB, dark hair can be dyed in light blonde, brown eye","Murder, grievous bodily injury; acquire information not to be intended",Poland,
2021/15457,PIOTR ROBERT,RYBA,1970/10/14,PL,https://ws-public.interpol.int/notices/v1/red/2021-15457/images/62038072,https://ws-public.interpol.int/notices/v1/red/2021-15457/images,https://ws-public.interpol.int/notices/v1/red/2021-15457,M,WROCLAW,Poland,,,,,,,"participation in criminal organization; accessory, fraud, receiving benefits in exchange for acting to the detriment of economic unit. large value crime",Poland,
2021/70940,IGOR,KOPAN,1962/12/10,PL,https://ws-public.interpol.int/notices/v1/red/2021-70940/images/62283678,https://ws-public.interpol.int/notices/v1/red/2021-70940/images,https://ws-public.interpol.int/notices/v1/red/2021-70940,M,Sukhumi,Georgia,,,,,POL,,"participation in organized crime group, using deception to obtain attestation of false information and forgery of documents, forgery, fraud, inciting a public official or another authorized person to attest false information in a document",Poland,
2019/51772,RAFAL MACIEJ,AFEK,1973/08/24,PL,https://ws-public.interpol.int/notices/v1/red/2019-51772/images/61415916,https://ws-public.interpol.int/notices/v1/red/2019-51772/images,https://ws-public.interpol.int/notices/v1/red/2019-51772,M,PRUSZKOW,Poland,,,,,POL,,Money laundering,Poland,
2021/46757,PIOTR TADEUSZ,GRYZ,1969/02/20,PL,https://ws-public.interpol.int/notices/v1/red/2021-46757/images/62199528,https://ws-public.interpol.int/notices/v1/red/2021-46757/images,https://ws-public.interpol.int/notices/v1/red/2021-46757,M,Krakow,Poland,,,,,POL,,"I. Crime against public order - participation in criminal organization;
II. fiscal offence;
III. crime against property - attestation of an untruth, confirming of untruth and fraud;
IV. offence against business transactions and financial interests in civil law transactions - laundering of the proceeds of crime.",Poland,
2021/21460,MARIUSZ PIOTR,POPOWSKI,1977/02/02,PL,https://ws-public.interpol.int/notices/v1/red/2021-21460/images/62059072,https://ws-public.interpol.int/notices/v1/red/2021-21460/images,https://ws-public.interpol.int/notices/v1/red/2021-21460,M,GDYNIA,Poland,,,,,POL,,"I. participation in criminal organization;
II.-III. introduction to the market considerable quantity of narcotic drugs, psychotropic substances, or poppy straw, or participation in such trade;",Poland,
2021/12503,MICHAL,POLITO,1984/01/01,PL,https://ws-public.interpol.int/notices/v1/red/2021-12503/images/62027535,https://ws-public.interpol.int/notices/v1/red/2021-12503/images,https://ws-public.interpol.int/notices/v1/red/2021-12503,M,KRAKOW,Poland,,,0.0,0.0,,,drugs crime organization,Poland,
2021/7729,ZENON,DABROWSKI,1978/02/14,PL,https://ws-public.interpol.int/notices/v1/red/2021-7729/images/62010440,https://ws-public.interpol.int/notices/v1/red/2021-7729/images,https://ws-public.interpol.int/notices/v1/red/2021-7729,M,lomza,Poland,,,,,POL,,kidnaping,Poland,
2019/47488,ADRIAN,CZAJA,1991/07/06,PL,https://ws-public.interpol.int/notices/v1/red/2019-47488/images/61400257,https://ws-public.interpol.int/notices/v1/red/2019-47488/images,https://ws-public.interpol.int/notices/v1/red/2019-47488,M,GRYFINO,Poland,,,0.0,0.0,POL,,"counterfeiting currency, including the euro, swindling",Poland,
2019/47759,GRZEGORZ,WLODARCZYK,1984/05/27,PL,https://ws-public.interpol.int/notices/v1/red/2019-47759/images/61401057,https://ws-public.interpol.int/notices/v1/red/2019-47759/images,https://ws-public.interpol.int/notices/v1/red/2019-47759,M,LUBLIN,Poland,['BROD'],['OTHD'],1.84,0.0,,He has a tattoo on the left calf in the shape of a guitar.,murder or grievous bodily injury,Poland,
2018/52435,OLEKSANDR,MALAR,1974/02/22,PL,https://ws-public.interpol.int/notices/v1/red/2018-52435/images/61078650,https://ws-public.interpol.int/notices/v1/red/2018-52435/images,https://ws-public.interpol.int/notices/v1/red/2018-52435,M,Stary Oleksynec (former USSR),Ukraine,['BRO'],['BLA'],1.82,,RUS,,murder,Poland,
2018/10480,WOJCIECH JOSEPH,GRZESIOWSKI,1977/07/16,"PL, CA",https://ws-public.interpol.int/notices/v1/red/2018-10480/images/60946184,https://ws-public.interpol.int/notices/v1/red/2018-10480/images,https://ws-public.interpol.int/notices/v1/red/2018-10480,M,,Poland,['BROH'],['BRO'],1.8,90.0,"ENG, POL",,"Instructing commission of offence for criminal organization (5x), Commission of offence for criminal organization (x7), Trafficking in substance (x5), Possession of property obtained by crime (x3), Possession for purpose of trafficking (x2)",Canada,
2017/186774,KRZYSZTOF PIOTR,POMORSKI,1958/09/09,PL,https://ws-public.interpol.int/notices/v1/red/2017-186774/images/60704464,https://ws-public.interpol.int/notices/v1/red/2017-186774/images,https://ws-public.interpol.int/notices/v1/red/2017-186774,M,Pabianice,Poland,,,,,,,Distribution of pornography with minors,Poland,
2010/54655,LUKASZ,WOLAN,1985/07/04,PL,https://ws-public.interpol.int/notices/v1/red/2010-54655/images/54675751,https://ws-public.interpol.int/notices/v1/red/2010-54655/images,https://ws-public.interpol.int/notices/v1/red/2010-54655,M,LEZAJSK,Poland,,,1.68,0.0,POL,,theft of computer programs,Poland,
2016/46293,KARIM,LABIDI,1972/05/20,"TN, PL",https://ws-public.interpol.int/notices/v1/red/2016-46293/images/60140964,https://ws-public.interpol.int/notices/v1/red/2016-46293/images,https://ws-public.interpol.int/notices/v1/red/2016-46293,M,LE KRAM,Tunisia,['GRY'],,1.74,0.0,,,"participation in terrorist organisation ""Islamic State of Iraq and then ""Islamic State""",Poland,
2016/46248,JAKUB,JAKUS,1992/07/31,PL,https://ws-public.interpol.int/notices/v1/red/2016-46248/images/60134353,https://ws-public.interpol.int/notices/v1/red/2016-46248/images,https://ws-public.interpol.int/notices/v1/red/2016-46248,M,SANDOMIERZ,Poland,,,0.0,0.0,"ARA, ENG, POL",,"participation in terrorist organisation ""Islamic State of Iraq and the Levant"" (ISIS); facilitation of participation in terrorist organisation (ISIS);  illegal possession of firearm, theft of document and use of a document certifying the identity of another person",Poland,
2016/46275,WAIL,AWAD,1972/07/03,"PL, SD",https://ws-public.interpol.int/notices/v1/red/2016-46275/images/60133207,https://ws-public.interpol.int/notices/v1/red/2016-46275/images,https://ws-public.interpol.int/notices/v1/red/2016-46275,M,ASUAN,Sudan,,,0.0,0.0,"POL, ENG, ARA",,"participation in terrorist organisation ""Islamic State of Iraq and the Levant"" (ISIS). 
illegal possession of firearm
punishable threat
",Poland,
2012/10143,MARCIN JAN,URBANIAK,1976/10/21,PL,https://ws-public.interpol.int/notices/v1/red/2012-10143/images/56697593,https://ws-public.interpol.int/notices/v1/red/2012-10143/images,https://ws-public.interpol.int/notices/v1/red/2012-10143,M,POZNAN,Poland,,,0.0,0.0,,,participation in criminal organisation dealing with narcotics,Poland,
2012/300347,JAKUB PIOTR,SIWEK,1976/11/04,PL,https://ws-public.interpol.int/notices/v1/red/2012-300347/images/56893367,https://ws-public.interpol.int/notices/v1/red/2012-300347/images,https://ws-public.interpol.int/notices/v1/red/2012-300347,M,ZIELONA GORA,Poland,['OTHL'],,1.83,,POL,"TATTOO ON A RIGHT SIDE OF BREST (PREDATORY BIRD), TATTOO ON THE LEFT ARM (SILHOUETT OF WOMAN - COMPOSITION OF PAINTING)","ATTEMPT OF MURDER AND MEDIUM BODILY HARM
ATTEMPT OF MURDER AND MEDIUM BODILY HARM
DESTROYING AND DAMAGING BOUNDARY MARKS AND DESTROYING AND DAMAGING OF A PROPERTY",Poland,
2011/28665,ADAM FRANCISZEK,UTSCHIK,1952/04/01,PL,https://ws-public.interpol.int/notices/v1/red/2011-28665/images/56057629,https://ws-public.interpol.int/notices/v1/red/2011-28665/images,https://ws-public.interpol.int/notices/v1/red/2011-28665,M,GDANSK,Poland,['OTHL'],['BROF'],1.7,,POL,"right leg-tatoo-gnome, clown, left finger-nfd-tatoo, forehead-left side-tatoo-heart","ILLEGAL TRAFFICKING IN NARCOTIC DRUGS, NON-PAYING ALIMONY",Poland,
2011/50801,TOMASZ JOZEF,LESZCZYNSKI,1962/09/18,PL,https://ws-public.interpol.int/notices/v1/red/2011-50801/images/55943280,https://ws-public.interpol.int/notices/v1/red/2011-50801/images,https://ws-public.interpol.int/notices/v1/red/2011-50801,M,LEGNICA,Poland,['BROL'],['YELB'],1.82,0.0,,,murder,Poland,
1999/31749,JAN PAWEL,KORNAS,1952/05/05,PL,https://ws-public.interpol.int/notices/v1/red/1999-31749/images/60203479,https://ws-public.interpol.int/notices/v1/red/1999-31749/images,https://ws-public.interpol.int/notices/v1/red/1999-31749,M,ROZWADZA,Poland,['BLU'],['YELB'],1.64,0.0,"ENG, POL","- SMALL AND THIN LIPS
- BALDNESS ON FOREHEAD",murder,Poland,
