entity_id,forename,name,date_of_birth,nationalities,thumbnail,images,self_link,sex_id,place_of_birth,country_of_birth,eyes_colors_id,hairs_id,height,weight,languages_spoken_ids,distinguishing_marks,arrest_charge,arrest_issuing_country,arrest_charge_translation
2023/73094,FARRUKH,GULMURATOV,1996/03/09,TJ,https://ws-public.interpol.int/notices/v1/red/2023-73094/images/62901416,https://ws-public.interpol.int/notices/v1/red/2023-73094/images,https://ws-public.interpol.int/notices/v1/red/2023-73094,M,TURSUNZADE,Tajikistan,['BLA'],['BLA'],1.7,70.0,"TGK, RUS",,Contributing to terrorist activity,Russia,
2023/66472,MALIKMAKHMAD,KUVVATOV,1986/02/01,TJ,https://ws-public.interpol.int/notices/v1/red/2023-66472/images/62876756,https://ws-public.interpol.int/notices/v1/red/2023-66472/images,https://ws-public.interpol.int/notices/v1/red/2023-66472,M,,Tajikistan,,['OTHD'],0.0,0.0,"TGK, RUS",,"participation in the activity of an illegal armed formation; participation in the activity of a terrorist organization; getting trained with the aim of terrorist activity; inducing a person to commit a crime, stipulated by sec. 2 art. 208 of the Russian Penal Code",Russia,
2023/26311,ALISHER,DZHUMAEV,1992/02/03,TJ,https://ws-public.interpol.int/notices/v1/red/2023-26311/images/62725424,https://ws-public.interpol.int/notices/v1/red/2023-26311/images,https://ws-public.interpol.int/notices/v1/red/2023-26311,M,Dushanbe,Tajikistan,,,,,"TGK, RUS",,Violent rape committed by a group of individuals,Russia,
2023/34491,FAYZIDDIN,KURBONADINOV,1985/09/04,TJ,https://ws-public.interpol.int/notices/v1/red/2023-34491/images/62755739,https://ws-public.interpol.int/notices/v1/red/2023-34491/images,https://ws-public.interpol.int/notices/v1/red/2023-34491,M,DUSHANBE,Tajikistan,,['OTHD'],1.75,87.0,"RUS, TGK, UZB",,"Participation in the activity of a terrorist organization on the territory of a foreign country;
participation in the activity of a terrorist organization",Russia,
2021/11671,OLIMDZHON,ATANAZAROV,1977/05/25,TJ,https://ws-public.interpol.int/notices/v1/red/2021-11671/images/62024680,https://ws-public.interpol.int/notices/v1/red/2021-11671/images,https://ws-public.interpol.int/notices/v1/red/2021-11671,M,Leninsky village,Tajikistan,,['OTHD'],1.8,,RUS,,"Abduction, murder.",Russia,
2022/57385,AZIZ,LATIPOV,1986/10/09,TJ,https://ws-public.interpol.int/notices/v1/red/2022-57385/images/62531409,https://ws-public.interpol.int/notices/v1/red/2022-57385/images,https://ws-public.interpol.int/notices/v1/red/2022-57385,M,DUSHANBE,Tajikistan,,,,,"TGK, RUS",,Depraved sexual actions against the person who has not reached the age of 14.,Russia,
2022/31603,MUKHABBAT,AVGONOV,1991/08/03,TJ,https://ws-public.interpol.int/notices/v1/red/2022-31603/images/62439879,https://ws-public.interpol.int/notices/v1/red/2022-31603/images,https://ws-public.interpol.int/notices/v1/red/2022-31603,M,,Tajikistan,['BRO'],['OTHD'],1.75,0.0,"TGK, RUS, ARA",,getting trained with the aim of terrorist activity; participation in a terrorist organization,Russia,
2022/13693,ABDULBOSID,VOKHIDOV,1996/10/05,TJ,https://ws-public.interpol.int/notices/v1/red/2022-13693/images/62379007,https://ws-public.interpol.int/notices/v1/red/2022-13693/images,https://ws-public.interpol.int/notices/v1/red/2022-13693,M,THE TOWN OF NURABAD,Tajikistan,,['OTHD'],1.75,0.0,"TGK, RUS",,"training for terrorist activity
terrorist group member",Russia,
2022/18264,ODILBEK,BOBONAZAROV,1995/08/20,TJ,https://ws-public.interpol.int/notices/v1/red/2022-18264/images/62394187,https://ws-public.interpol.int/notices/v1/red/2022-18264/images,https://ws-public.interpol.int/notices/v1/red/2022-18264,M,BURGALAK VILLAGE,Tajikistan,,,0.0,0.0,"TGK, RUS",,Organization of the activities of a terrorist organization and participation in the activities of such an organization,Russia,
2021/73583,UMED,DAVLATOV,1984/07/01,TJ,https://ws-public.interpol.int/notices/v1/red/2021-73583/images/62292817,https://ws-public.interpol.int/notices/v1/red/2021-73583/images,https://ws-public.interpol.int/notices/v1/red/2021-73583,M,ZAFAROBOD VILLAGE,Tajikistan,['BROH'],['OTHD'],0.0,0.0,TGK,,Financing of Terrorist Activity,Russia,
2020/87035,RABIDZHON,VAKHOBOV,1984/03/17,TJ,https://ws-public.interpol.int/notices/v1/red/2020-87035/images/61982607,https://ws-public.interpol.int/notices/v1/red/2020-87035/images,https://ws-public.interpol.int/notices/v1/red/2020-87035,M,ISFARA TOWN,Tajikistan,,,0.0,0.0,"PER, RUS, TGK",,organization of financing terrorism; participation in the activity of a terrorist organization; participation in  organization which activity was forbidden by a court,Russia,
2021/24876,MUNISA,DZHABOROVA,1983/09/19,TJ,https://ws-public.interpol.int/notices/v1/red/2021-24876/images/62089371,https://ws-public.interpol.int/notices/v1/red/2021-24876/images,https://ws-public.interpol.int/notices/v1/red/2021-24876,F,KONIBODOM CITY,Tajikistan,,['BLA'],0.0,0.0,"TGK, RUS",,attempted participation in the activity of an illegal armed formation,Russia,
2020/79856,BEKHRUZ,DZHALOLOV,1996/07/21,"TJ, RU",https://ws-public.interpol.int/notices/v1/red/2020-79856/images/61961427,https://ws-public.interpol.int/notices/v1/red/2020-79856/images,https://ws-public.interpol.int/notices/v1/red/2020-79856,M,DUSHANBE CITY FIRDAVSI DISTRICT,Tajikistan,,['OTHD'],0.0,0.0,"TGK, RUS",,Participation in the activity of terrorist organization,Russia,
2020/2919,MARUF,ABBOSOV,1989/11/15,"TJ, RU",https://ws-public.interpol.int/notices/v1/red/2020-2919/images/61688246,https://ws-public.interpol.int/notices/v1/red/2020-2919/images,https://ws-public.interpol.int/notices/v1/red/2020-2919,M,URA-TUBE VILLAGE,Tajikistan,['OTHD'],['OTHD'],1.76,87.0,"TGK, RUS",,Participation in the activity of a terrorist organization,Russia,
2019/34876,ABDUKARIM,AYUBOV,1983/04/05,TJ,https://ws-public.interpol.int/notices/v1/red/2019-34876/images/61359770,https://ws-public.interpol.int/notices/v1/red/2019-34876/images,https://ws-public.interpol.int/notices/v1/red/2019-34876,M,KAVSIDUZON,Tajikistan,['BROH'],['OTHD'],1.65,0.0,"RUS, TGK",,assistance to participation in the activity of a terrorist organization,Russia,
2019/17064,ZAVKIDDIN,RAKHIMOV,1978/02/02,TJ,https://ws-public.interpol.int/notices/v1/red/2019-17064/images/61280806,https://ws-public.interpol.int/notices/v1/red/2019-17064/images,https://ws-public.interpol.int/notices/v1/red/2019-17064,M,PEDJIKENT TOWN,Tajikistan,['BLA'],['BLA'],0.0,0.0,"RUS, UZB",,participation in an illegal armed formation; contribution to terrorist activity,Russia,
2018/7970,ABBAS,BAYNAEV,1991/06/19,"TJ, RU",https://ws-public.interpol.int/notices/v1/red/2018-7970/images/60931619,https://ws-public.interpol.int/notices/v1/red/2018-7970/images,https://ws-public.interpol.int/notices/v1/red/2018-7970,M,TABOSHAR,Tajikistan,['BROD'],['OTHD'],0.0,0.0,"UZB, RUS, TGK",,participation in terrorist organization,Russia,
2018/88235,KAMILA,URUNBOEVA,1983/05/29,TJ,https://ws-public.interpol.int/notices/v1/red/2018-88235/images/61190435,https://ws-public.interpol.int/notices/v1/red/2018-88235/images,https://ws-public.interpol.int/notices/v1/red/2018-88235,F,,Tajikistan,['BROH'],['BLA'],0.0,0.0,"UZB, TGK, RUS",,participation in illegal armed formation,Russia,
2018/37677,PARVIZ,SAYRAKHMONOV,1987/11/11,TJ,https://ws-public.interpol.int/notices/v1/red/2018-37677/images/61029087,https://ws-public.interpol.int/notices/v1/red/2018-37677/images,https://ws-public.interpol.int/notices/v1/red/2018-37677,M,DUSHANBE,Tajikistan,['BROD'],['BLA'],1.75,0.0,"RUS, TGK",,assistance in preparation for participation in the activity of an illegal armed formation,Russia,
2016/74441,KOSIMDZHON,ABDULLOEV,1992/06/01,TJ,https://ws-public.interpol.int/notices/v1/red/2016-74441/images/60230177,https://ws-public.interpol.int/notices/v1/red/2016-74441/images,https://ws-public.interpol.int/notices/v1/red/2016-74441,M,KHAVASKOR SETTELEMENT,Tajikistan,,['OTHD'],1.77,0.0,"RUS, TGK",,participation in the activity of a terrorist organization,Russia,
2018/7759,ALISHER,ROZIKOV,1997/01/11,TJ,https://ws-public.interpol.int/notices/v1/red/2018-7759/images/60931157,https://ws-public.interpol.int/notices/v1/red/2018-7759/images,https://ws-public.interpol.int/notices/v1/red/2018-7759,M,,Tajikistan,['OTHD'],['OTHD'],0.0,0.0,"TGK, RUS",,getting trained with the aim of terrorist activity;,Russia,
2018/4013,ISMOIL,MANSUROV,1994/07/15,TJ,,https://ws-public.interpol.int/notices/v1/red/2018-4013/images,https://ws-public.interpol.int/notices/v1/red/2018-4013,M,,Tajikistan,['OTHD'],['BLA'],1.75,80.0,"ARA, UZB, TGK",,financing of terrorism,Russia,
2016/44316,ABDUSHAKHID,TURSUNOV,1986/01/29,TJ,https://ws-public.interpol.int/notices/v1/red/2016-44316/images/60126425,https://ws-public.interpol.int/notices/v1/red/2016-44316/images,https://ws-public.interpol.int/notices/v1/red/2016-44316,M,,Tajikistan,['BRO'],['BLA'],1.7,0.0,"TGK, RUS",,"public appeals for terrorist activity and public justification of terrorism, participation in a terrorist organization",Russia,
2018/1764,SHUKRULLO,TURSUNOV,1992/01/01,"TJ, RU",https://ws-public.interpol.int/notices/v1/red/2018-1764/images/60914978,https://ws-public.interpol.int/notices/v1/red/2018-1764/images,https://ws-public.interpol.int/notices/v1/red/2018-1764,M,VORUKH,Tajikistan,['BROD'],['OTHD'],0.0,0.0,"RUS, TGK",,Participation in the activity of a terrorist organization,Russia,
2017/291942,AKRAMDZHON,UZOKOV,1990/10/28,TJ,https://ws-public.interpol.int/notices/v1/red/2017-291942/images/60903402,https://ws-public.interpol.int/notices/v1/red/2017-291942/images,https://ws-public.interpol.int/notices/v1/red/2017-291942,M,VAKHSH-KURGAN,Tajikistan,['BROH'],['OTHD'],1.75,0.0,"TGK, RUS",,"getting trained with the aim of terrorist activity, partcipation in an illegal armed group; participation in terrorist orgainzation",Russia,
2015/66462,MAKHMADLATIF,MUSOEV,1970/01/22,"TJ, RU",https://ws-public.interpol.int/notices/v1/red/2015-66462/images/62615724,https://ws-public.interpol.int/notices/v1/red/2015-66462/images,https://ws-public.interpol.int/notices/v1/red/2015-66462,M,,Tajikistan,,,,,"RUS, TGK",,"creation of the organized criminal society, drug smuggling, preparation for the drug trafficking in a large scale, drug trafficking in a large scale, preparation for the drug smuggling",Russia,
2017/188543,KURBONALI,ROVANDOV,1989/07/13,TJ,https://ws-public.interpol.int/notices/v1/red/2017-188543/images/60710658,https://ws-public.interpol.int/notices/v1/red/2017-188543/images,https://ws-public.interpol.int/notices/v1/red/2017-188543,M,NAVRUZ,Tajikistan,['BROH'],['OTHD'],1.73,0.0,"RUS, TGK",,participation in the activity of a terrorist organization,Russia,
2017/187397,GULNOZA,BOBOSHARIFOVA,1994/09/30,TJ,https://ws-public.interpol.int/notices/v1/red/2017-187397/images/62062830,https://ws-public.interpol.int/notices/v1/red/2017-187397/images,https://ws-public.interpol.int/notices/v1/red/2017-187397,F,"LANGAR VILLAGE, GISSAR",Tajikistan,['OTHD'],['OTHD'],1.6,0.0,ARA,,Participation in the activity of a terrorist organization; participation in an illegal armed formation.,Russia,
2017/168004,ALISHER,KHUSHVAKHTOV,1994/11/21,"TJ, RU",https://ws-public.interpol.int/notices/v1/red/2017-168004/images/60656508,https://ws-public.interpol.int/notices/v1/red/2017-168004/images,https://ws-public.interpol.int/notices/v1/red/2017-168004,M,POLITOTDEL SETTLEMENT,Tajikistan,['BROD'],['BLA'],1.75,0.0,"TGK, RUS, ARA",,participation in illegal armed formation,Russia,
2017/165191,ALISHER,BOBOEV,1994/05/11,TJ,https://ws-public.interpol.int/notices/v1/red/2017-165191/images/60647299,https://ws-public.interpol.int/notices/v1/red/2017-165191/images,https://ws-public.interpol.int/notices/v1/red/2017-165191,M,"ISFARA TOWN, SOGDIY REGION",Tajikistan,,,0.0,0.0,"RUS, TGK",,Contributing to Terrorist Activity,Russia,
2017/6844,ABULKOSUM,KHILVATSHOEV,1987/01/24,TJ,,https://ws-public.interpol.int/notices/v1/red/2017-6844/images,https://ws-public.interpol.int/notices/v1/red/2017-6844,M,KHOROCK TOWN,Tajikistan,,,0.0,0.0,"RUS, TGK",,Rape,Russia,
2016/43501,BAKHTIYOR,SHERMATOV,1981/02/14,TJ,https://ws-public.interpol.int/notices/v1/red/2016-43501/images/60123554,https://ws-public.interpol.int/notices/v1/red/2016-43501/images,https://ws-public.interpol.int/notices/v1/red/2016-43501,M,LENINABAD REGION,Tajikistan,['BROH'],['OTHD'],0.0,0.0,"RUS, ARA, UZB, TGK",,participation in terrorist organization,Russia,
2015/85375,BOBOCHON,SHARIPOV,1984/10/25,TJ,https://ws-public.interpol.int/notices/v1/red/2015-85375/images/62533688,https://ws-public.interpol.int/notices/v1/red/2015-85375/images,https://ws-public.interpol.int/notices/v1/red/2015-85375,M,KULYAP TOWN,Tajikistan,,,0.0,0.0,,,robbery with assault by an armed gang group,Russia,
2014/17580,ISLOMIDDIN,KHAFIZOV,1982/01/06,TJ,https://ws-public.interpol.int/notices/v1/red/2014-17580/images/59463003,https://ws-public.interpol.int/notices/v1/red/2014-17580/images,https://ws-public.interpol.int/notices/v1/red/2014-17580,M,KHATLONSKIY REGION,Tajikistan,['BROD'],['BLA'],1.75,0.0,,,Illegal acquisition or storage of narcotic drugs or psychotropic substances with the purpose of their sale,Russia,
2014/13603,UMED,KHUSEYNOV,1984/05/21,TJ,https://ws-public.interpol.int/notices/v1/red/2014-13603/images/59445597,https://ws-public.interpol.int/notices/v1/red/2014-13603/images,https://ws-public.interpol.int/notices/v1/red/2014-13603,M,DUSHANBE,Tajikistan,['BRO'],['BLA'],1.75,,,,Illegal acquisition or storage of narcotic drugs or psychotropic substances with the purpose of their sale,Russia,
2012/306719,KHOLAKHMAD,BORONOV,1968/05/27,TJ,https://ws-public.interpol.int/notices/v1/red/2012-306719/images/56997525,https://ws-public.interpol.int/notices/v1/red/2012-306719/images,https://ws-public.interpol.int/notices/v1/red/2012-306719,M,KHATLONSKAYA OBLAST,Tajikistan,,,0.0,0.0,,,attempt of illegal sale of narcotic drugs committed by a group of persons in a preliminary conspiracy with regard to large amounts of narcotic drugs.,Russia,
2009/6003,DILSHOD,KARIMOV,1982/08/24,TJ,,https://ws-public.interpol.int/notices/v1/red/2009-6003/images,https://ws-public.interpol.int/notices/v1/red/2009-6003,M,DUSHANBE TOWN,Russia,['BRO'],['OTHD'],1.775,0.0,"RUS, TGK",,MURDER,Russia,
