entity_id,forename,name,date_of_birth,nationalities,thumbnail,images,self_link,sex_id,place_of_birth,country_of_birth,eyes_colors_id,hairs_id,height,weight,languages_spoken_ids,distinguishing_marks,arrest_charge,arrest_issuing_country,arrest_charge_translation
2018/36558,JOSE RICARDO,TABARES ARIAS,1956/07/06,"PA, CU",https://ws-public.interpol.int/notices/v1/red/2018-36558/images/62161235,https://ws-public.interpol.int/notices/v1/red/2018-36558/images,https://ws-public.interpol.int/notices/v1/red/2018-36558,M,Cuba,,,,,,SPA,,"ASOCIACION ILÍCITA, LAVADO DE DINERO U OTROS ACTIVOS, FRAUDE, COHECHO ACTIVO, TRAFICO DE INFLUENCIAS.",Guatemala,
2011/24302,JOHN CRISTIAN,SCHKADE,1985/10/02,"US, PA",https://ws-public.interpol.int/notices/v1/red/2011-24302/images/55296451,https://ws-public.interpol.int/notices/v1/red/2011-24302/images,https://ws-public.interpol.int/notices/v1/red/2011-24302,M,,,['BRO'],['BLA'],1.8,114.0,"SPA, ENG","SCHKADE has tattoos on his left arm, left forearm, right arm, and right forearm. The word ""Reverence"" is tattooed on his left arm or forearm, and the word ""Humility"" is tattooed on his right arm or forearm. SCHKADE also has a scar on his head.",Sexual Assault,United States of America,
2011/22642,CARLOS LUIS,RUBINO,1980/05/24,"US, PA",https://ws-public.interpol.int/notices/v1/red/2011-22642/images/55263973,https://ws-public.interpol.int/notices/v1/red/2011-22642/images,https://ws-public.interpol.int/notices/v1/red/2011-22642,M,,Panama,['BRO'],['BLA'],1.85,96.0,"SPA, ENG","RUBINO HAS A SCAR ON ONE OF HIS LEGS, AND TATTOOS ON HIS LEFT ARM, UPPER LEFT ARM, AND UPPER RIGHT ARM. THE TATTOO ON HIS LEFT ARM IS A CARTOON DESIGN CHARACTER WITH THE WORDS ""SUCKER FREE"" WRITTEN AROUND THE CHARACTER.","1) MURDER, FIRST DEGREE
2) MURDER, SECOND DEGREE
3) ARMED ROBBERY
4) ROBBERY
5) BURGLARY
6) ATTEMPTED MURDER, FIRST DEGREE
7) ATTEMPTED MURDER, SECOND DEGREE
8) ASSAULT, FIRST DEGREE
9) ASSAULT, SECOND DEGREE
10) RECKLESS ENDANGERMENT",United States of America,
