entity_id,forename,name,date_of_birth,nationalities,thumbnail,images,self_link,sex_id,place_of_birth,country_of_birth,eyes_colors_id,hairs_id,height,weight,languages_spoken_ids,distinguishing_marks,arrest_charge,arrest_issuing_country,arrest_charge_translation
2018/36558,JOSE RICARDO,TABARES ARIAS,1956/07/06,"PA, CU",https://ws-public.interpol.int/notices/v1/red/2018-36558/images/62161235,https://ws-public.interpol.int/notices/v1/red/2018-36558/images,https://ws-public.interpol.int/notices/v1/red/2018-36558,M,Cuba,,,,,,SPA,,"ASOCIACION ILÍCITA, LAVADO DE DINERO U OTROS ACTIVOS, FRAUDE, COHECHO ACTIVO, TRAFICO DE INFLUENCIAS.",Guatemala,
2017/288177,SEINEL,FERNANDEZ CARMENATY,1990/05/20,CU,https://ws-public.interpol.int/notices/v1/red/2017-288177/images/60892882,https://ws-public.interpol.int/notices/v1/red/2017-288177/images,https://ws-public.interpol.int/notices/v1/red/2017-288177,M,CIUDAD DE LA HABANA,Cuba,,,0.0,0.0,SPA,,INTENTO DE EXPORTACIÓN DE SUSTANCIA DE ESTUPEFACIENTES (COCAÍNA),Argentina,
2017/198727,NIURKA,APOLINAR PEDRO SILVA,1964/07/24,CU,https://ws-public.interpol.int/notices/v1/red/2017-198727/images/60744373,https://ws-public.interpol.int/notices/v1/red/2017-198727/images,https://ws-public.interpol.int/notices/v1/red/2017-198727,F,GUANE PINAR DEL RIO,Cuba,,,,,,,"Criminal association.
Money Laundering.",Brazil,
2011/25406,ROBERTO,CRESPO,1972/03/20,CU,https://ws-public.interpol.int/notices/v1/red/2011-25406/images/55319934,https://ws-public.interpol.int/notices/v1/red/2011-25406/images,https://ws-public.interpol.int/notices/v1/red/2011-25406,M,,Cuba,['BRO'],['BLA'],1.88,118.0,"SPA, ENG",,Possession of Child Pornography,United States of America,
2009/16847,JULIO,BONACHEA,1960/07/22,CU,https://ws-public.interpol.int/notices/v1/red/2009-16847/images/54188963,https://ws-public.interpol.int/notices/v1/red/2009-16847/images,https://ws-public.interpol.int/notices/v1/red/2009-16847,M,HAVANA,Cuba,['BRO'],['BRO'],1.725,69.5,"SPA, ENG",BONACHEA may have a scar on his forehead,"1) Attempted second degree murder with a firearm (2 counts)
2) Aggravated battery with a firearm
3) Burglary of a dwelling with an assault or battery while armed
4) Grand theft, second ",United States of America,
