entity_id,forename,name,date_of_birth,nationalities,thumbnail,images,self_link,sex_id,place_of_birth,country_of_birth,eyes_colors_id,hairs_id,height,weight,languages_spoken_ids,distinguishing_marks,arrest_charge,arrest_issuing_country,arrest_charge_translation
2022/40936,VIKRANT,THAPA,1985/02/10,NP,https://ws-public.interpol.int/notices/v1/red/2022-40936/images/62471168,https://ws-public.interpol.int/notices/v1/red/2022-40936/images,https://ws-public.interpol.int/notices/v1/red/2022-40936,M,NEPAL,Nepal,,,0.0,0.0,,,"1. Trafficking in person contrary to section 3(1) (d) of counter trafficking in persons Act No. 8 of 2010.
2. Fraudulent acquisition of travel documents contrary to section 6 of counter trafficking in persons Act No. 8 of 2010.
3. Interfering with travel documents contrary to section 8(a) of the counter trafficking in persons Act No. 8 of 2010.
4. Promoting trafficking in persons contrary to section 5(d) of the counter trafficking in persons Act No. 8 of 2010.
5. Engaging in employment without a work permit contrary to section 53(1)(m) of the Kenya Citizenship and Immigration Act No. 12 of 2011.
6. Unlawfully being present in Kenya contrary to section 53(1)(j) of the Kenya Citizenship and Immigration Act No. 12 of 2011",Kenya,
2022/41068,BAHADUR BIR,MAGAR,1972/08/23,NP,https://ws-public.interpol.int/notices/v1/red/2022-41068/images/62471715,https://ws-public.interpol.int/notices/v1/red/2022-41068/images,https://ws-public.interpol.int/notices/v1/red/2022-41068,M,NEPAL,Nepal,,,0.0,0.0,"ENG, HIN, NEP",,"1. Trafficking in persons contrary to section 3(1)(d) of the counter trafficking in person Act No. 8 of 2010.
2. Fraudulent acquisition of travel documents contrary to section 6 of the counter trafficking in persons Act No. 8 of 2010.
3. Interfering with travel documents contrary to section 8(a) of the counter trafficking in persons Act No. 8 of 2010.
4. Promoting trafficking in persons contrary to section 5(d) of the counter trafficking in persons Act No. 8 of 2010.
5. Engaging in employment without a work permit contrary to section 53(1)(m) of the Kenya Citizenship and Immigration Act No.12 of 2011.
6. Unlawfully being present in Kenya contrary to section 53(1)(j) of the Kenya Citizenship and Immigration Act No. 12 of 2011.",Kenya,
2015/85540,SURYA BINBAHADUR,TAMANG,1977/07/04,NP,https://ws-public.interpol.int/notices/v1/red/2015-85540/images/59971087,https://ws-public.interpol.int/notices/v1/red/2015-85540/images,https://ws-public.interpol.int/notices/v1/red/2015-85540,M,,Nepal,,,1.76,0.0,"NEP, HIN",A mole near nose towards right side.,"Punishment for murder, Punishment for criminal conspiracy, House-trespass in order to commit offence punishable with death, Punishment for robbery and Acts done by several persons in furtherance of common intention.",India,
2015/67304,NOOR MOHAMMAD,ANSARI,1985,NP,,https://ws-public.interpol.int/notices/v1/red/2015-67304/images,https://ws-public.interpol.int/notices/v1/red/2015-67304,M,"VILL; VIJULPUR/PANDITPUR, P.S: KALAYA, DISTT. BARA",Nepal,['BLA'],['BLA'],1.72,65.0,"ARA, URD, HIN",,"Punishment for Criminal Conspiracy, Using as genuine, forged or counterfeit currency-notes or bank notes, Possession of forged or counterfeit currency-notes or bank notes,Terrorist Activities, Production and circulation of FICN and Conspiracy.",India,
2014/75615,UMESH,SAPKOTA,1981/12/05,NP,https://ws-public.interpol.int/notices/v1/red/2014-75615/images/59678921,https://ws-public.interpol.int/notices/v1/red/2014-75615/images,https://ws-public.interpol.int/notices/v1/red/2014-75615,M,,Nepal,['OTHD'],['BLA'],1.55,78.0,"ENG, NEP","SAPKOTA has a large mole on the back of one of his thighs and may have brown or black colored eyes, may be 155 to 160 centimeters tall, and may weigh 61 to 78 kilograms.",Aggravated Sexual Assault,United States of America,
2013/68277,RAJESH,BHAGADUR,1989,NP,https://ws-public.interpol.int/notices/v1/red/2013-68277/images/59368562,https://ws-public.interpol.int/notices/v1/red/2013-68277/images,https://ws-public.interpol.int/notices/v1/red/2013-68277,M,"LEKHPHAT 6, DISTRICT PARBAT ZONE, DHAULAGIRI.",Nepal,['BLA'],['GRY'],0.0,0.0,"TAM, NEP, HIN",,"Lurking house - trespass or house breaking by night in order to commit offence, Theft in dwelling house etc.",India,
2013/68292,PREM,SINGH,1987,NP,https://ws-public.interpol.int/notices/v1/red/2013-68292/images/59368567,https://ws-public.interpol.int/notices/v1/red/2013-68292/images,https://ws-public.interpol.int/notices/v1/red/2013-68292,M,"MAJHFATHE 5, DISTRICT PARBAT ZONE, DHAULAGIRI",Nepal,['BLA'],['BLA'],0.0,0.0,"HIN, TAM, NEP",,"Lurking - house trespass or house breaking by night in order to commit offence, Theft in dwelling house etc.",India,
2013/68300,RAMESH,BHAGADUR,1993/07/17,NP,https://ws-public.interpol.int/notices/v1/red/2013-68300/images/59368559,https://ws-public.interpol.int/notices/v1/red/2013-68300/images,https://ws-public.interpol.int/notices/v1/red/2013-68300,M,"GHATAN, MYAGDI DISTRICT",Nepal,['BLA'],['BLA'],1.65,0.0,"NEP, TAM, HIN",,"Lurking house - trespass or house breaking by night in order to commit offence, Theft in dwelling house etc.",India,
2009/5637,CHITRA INDRABAHADUR,SAVAD,1983,NP,https://ws-public.interpol.int/notices/v1/red/2009-5637/images/54073404,https://ws-public.interpol.int/notices/v1/red/2009-5637/images,https://ws-public.interpol.int/notices/v1/red/2009-5637,F,,Nepal,,['BLA'],0.0,0.0,"HIN, NEP",,"Trespassing, theft in dwellings, causing harm, criminal conspiracy",India,
2009/5638,SHIVRAJ PHOOLCHAND,SHARMA,1984,NP,https://ws-public.interpol.int/notices/v1/red/2009-5638/images/54073448,https://ws-public.interpol.int/notices/v1/red/2009-5638/images,https://ws-public.interpol.int/notices/v1/red/2009-5638,M,,Nepal,['BLA'],['BLA'],0.0,0.0,"HIN, NEP",,"Trespassing, theft in dwellings, causing harm, criminal conspiracy",India,
2009/5639,RAJBAHADUR DOLBAHADUR SHAHI,SHAHI,1968,NP,https://ws-public.interpol.int/notices/v1/red/2009-5639/images/54073450,https://ws-public.interpol.int/notices/v1/red/2009-5639/images,https://ws-public.interpol.int/notices/v1/red/2009-5639,M,,Nepal,['BLA'],['BLA'],0.0,0.0,,,"Trespassing, theft in dwellings, causing harm, criminal conspiracy",India,
2009/5641,NANNU,MAGAR,1982,NP,https://ws-public.interpol.int/notices/v1/red/2009-5641/images/54073532,https://ws-public.interpol.int/notices/v1/red/2009-5641/images,https://ws-public.interpol.int/notices/v1/red/2009-5641,M,,Nepal,['BLA'],['BLA'],0.0,0.0,"HIN, NEP",,"Trespassing, theft in dwellings, causing harm, criminal conspiracy",India,
2009/5640,KHUMRAJ,THAPA,1980,NP,https://ws-public.interpol.int/notices/v1/red/2009-5640/images/54073483,https://ws-public.interpol.int/notices/v1/red/2009-5640/images,https://ws-public.interpol.int/notices/v1/red/2009-5640,M,,Nepal,['BLA'],['BLA'],0.0,0.0,"HIN, NEP",,"Trespassing, theft in dwellings, causing harm, criminal conspiracy",India,
2008/24908,BHIME,DAMAI,1982,NP,https://ws-public.interpol.int/notices/v1/red/2008-24908/images/53948836,https://ws-public.interpol.int/notices/v1/red/2008-24908/images,https://ws-public.interpol.int/notices/v1/red/2008-24908,M,,Nepal,['BLA'],['BLA'],1.68,0.0,"NEP, HIN",,Murder,India,
2007/29941,THULRAM,BAHADUR,1979,NP,,https://ws-public.interpol.int/notices/v1/red/2007-29941/images,https://ws-public.interpol.int/notices/v1/red/2007-29941,M,,Nepal,,,,,"HIN, NEP",,Murder,India,
