entity_id,forename,name,date_of_birth,nationalities,thumbnail,images,self_link,sex_id,place_of_birth,country_of_birth,eyes_colors_id,hairs_id,height,weight,languages_spoken_ids,distinguishing_marks,arrest_charge,arrest_issuing_country,arrest_charge_translation
2015/82915,MELIAD,FARAH,1980/11/05,AU,https://ws-public.interpol.int/notices/v1/red/2015-82915/images/59962401,https://ws-public.interpol.int/notices/v1/red/2015-82915/images,https://ws-public.interpol.int/notices/v1/red/2015-82915,M,KOGARAH SYDNEY,Australia,,,0.0,0,ENG,,"terrorism, murder, forgery of administrative documents and trafficking therein",Bulgaria,
2015/80775,SHAN LIAN,QIU,1982/06/03,AU,https://ws-public.interpol.int/notices/v1/red/2015-80775/images/59955235,https://ws-public.interpol.int/notices/v1/red/2015-80775/images,https://ws-public.interpol.int/notices/v1/red/2015-80775,F,,,,,0.0,0,"CHI, ENG",,Smuggling drugs,China,
2013/45410,THI HOA TRUNG,TRINH,1970/05/27,"VN, AU",https://ws-public.interpol.int/notices/v1/red/2013-45410/images/58949979,https://ws-public.interpol.int/notices/v1/red/2013-45410/images,https://ws-public.interpol.int/notices/v1/red/2013-45410,F,HAI PHONG CITY,Viet Nam,['OTHD'],['BLA'],1.55,62,"VIE, ENG, CHI","short hair, wear glasses, short-sighted eyes",Abusing trust in order to appropriate property,Viet Nam,
2013/17402,ABDULZAGIR,MEDJIDOV,1970/07/09,"AU, RU",https://ws-public.interpol.int/notices/v1/red/2013-17402/images/60930935,https://ws-public.interpol.int/notices/v1/red/2013-17402/images,https://ws-public.interpol.int/notices/v1/red/2013-17402,M,"DAGESTAN REPUBLIC, KIZILYURTOVSKY REGION, ZUBUTLI-MIATLI",Russia,,,0.0,0,"RUS, ENG",,Preparation for a crime and attempted murder,Russia,
2012/2052,ANTHONY PHILLIP,SITAR,1979/11/28,AU,https://ws-public.interpol.int/notices/v1/red/2012-2052/images/56777333,https://ws-public.interpol.int/notices/v1/red/2012-2052/images,https://ws-public.interpol.int/notices/v1/red/2012-2052,M,ALBURY,Australia,['BRO'],['BLA'],1.87,0,ENG,,"Charge 1: On 11 October 2011 at Port of Melbourne in the State of Victoria, Anthony SITAR and others did import a commercial quantities of border controlled drugs, namely cocaine and methamphetamine; and

Charge 2: Between 11 October 2011 and 18 October 2011, Anthony SITAR and others did attempt to possess commercial quantities of unlawfully imported border controlled drugs, namely cocaine and methamphetamine.",Australia,
2011/52694,THI MINH PHUNG,DUONG,1960/09/02,AU,https://ws-public.interpol.int/notices/v1/red/2011-52694/images/56005549,https://ws-public.interpol.int/notices/v1/red/2011-52694/images,https://ws-public.interpol.int/notices/v1/red/2011-52694,F,KIEN GIANG,Viet Nam,,,0.0,0,"ENG, VIE",,Appropriating property through swindling,Viet Nam,
