entity_id,forename,name,date_of_birth,nationalities,thumbnail,images,self_link,sex_id,place_of_birth,country_of_birth,eyes_colors_id,hairs_id,height,weight,languages_spoken_ids,distinguishing_marks,arrest_charge,arrest_issuing_country,arrest_charge_translation
2024/65212,RICHARD JAMES,SCHUELER,1979/10/09,US,https://ws-public.interpol.int/notices/v1/red/2024-65212/images/63217586,https://ws-public.interpol.int/notices/v1/red/2024-65212/images,https://ws-public.interpol.int/notices/v1/red/2024-65212,M,,United States of America,,,,,ENG,,"1. AGGRAVATED TAX FRAUD
2. ASSAULT",Finland,
2024/18839,OLIVER,SINIARSKI-CZAPLICKI,1995/06/09,"US, PL",https://ws-public.interpol.int/notices/v1/red/2024-18839/images/63025821,https://ws-public.interpol.int/notices/v1/red/2024-18839/images,https://ws-public.interpol.int/notices/v1/red/2024-18839,M,New York,United States of America,,,,,"ENG, POL",,"illicit production, processing of, trafficking or trading in narcotic drugs, precursors, narcotic replacement drugs and psychotropic substances; participation in a criminal organisation or an association designed to commit crimes",Poland,
2011/36373,BADIS,MAZOUNI,1968/01/21,"DZ, US, FR",https://ws-public.interpol.int/notices/v1/red/2011-36373/images/58154795,https://ws-public.interpol.int/notices/v1/red/2011-36373/images,https://ws-public.interpol.int/notices/v1/red/2011-36373,M,BROGER,United States of America,,,,,,,"- ESCROQUERIE RÉALISÉE EN BANDE ORGANISÉE 
- BLANCHIMENT EN BANDE ORGANISÉE",France,
2022/35500,MANUEL JOSE,LOPEZ BONELLI,1967/10/20,US,,https://ws-public.interpol.int/notices/v1/red/2022-35500/images,https://ws-public.interpol.int/notices/v1/red/2022-35500,M,,United States of America,,,,,"SPA, ENG",,AGRESION SEXUAL CON AGRAVACION DE LA PENA,Guatemala,
2020/71326,JMELLE ANTWON,HOOKS,1986/02/25,US,https://ws-public.interpol.int/notices/v1/red/2020-71326/images/61934367,https://ws-public.interpol.int/notices/v1/red/2020-71326/images,https://ws-public.interpol.int/notices/v1/red/2020-71326,M,Florida,United States of America,,,,,ENG,,"Conspiracy to Murder
Murder
Larceny",Jamaica,
2020/16856,JUNIOR EWART,MALCOLM,1956/10/18,"JM, US",https://ws-public.interpol.int/notices/v1/red/2020-16856/images/61740283,https://ws-public.interpol.int/notices/v1/red/2020-16856/images,https://ws-public.interpol.int/notices/v1/red/2020-16856,M,,Jamaica,,,,,ENG,,Indecent Assault,Jamaica,
2019/112634,RICHARD JUDE,DASCHBACH,1937/01/26,"US, ID",https://ws-public.interpol.int/notices/v1/red/2019-112634/images/61604114,https://ws-public.interpol.int/notices/v1/red/2019-112634/images,https://ws-public.interpol.int/notices/v1/red/2019-112634,M,Pennsylvania,United States of America,['BROH'],['GRY'],1.8,72.0,"TET, IND, ENG",,Wire Fraud (3 Counts),United States of America,
2019/91105,EUGENE,PALMER,1939/04/04,US,https://ws-public.interpol.int/notices/v1/red/2019-91105/images/61537762,https://ws-public.interpol.int/notices/v1/red/2019-91105/images,https://ws-public.interpol.int/notices/v1/red/2019-91105,M,New York,United States of America,['BRO'],['GRYG'],1.78,99.0,ENG,PALMER has a deformed left thumb. PALMER may be 175 to 178 centimeters tall and may be balding or may be bald.,Murder in the Second Degree,United States of America,
2019/31187,JONATHAN,PINEDO MURPHY,1983/04/20,"MX, US",https://ws-public.interpol.int/notices/v1/red/2019-31187/images/61348245,https://ws-public.interpol.int/notices/v1/red/2019-31187/images,https://ws-public.interpol.int/notices/v1/red/2019-31187,M,Mexico,Mexico,,,,,"ENG, SPA",,"Lavado de Dinero u Otros Activos, Narcotráfico y traslado ilegal de arma de fuego.",Guatemala,
2017/202315,WAYNE MELBOURNE,LITTLEFIELD,1951/05/19,US,https://ws-public.interpol.int/notices/v1/red/2017-202315/images/60757374,https://ws-public.interpol.int/notices/v1/red/2017-202315/images,https://ws-public.interpol.int/notices/v1/red/2017-202315,M,"KISSIMMEE, FLORIDA",United States of America,['BROH'],['GRY'],1.92,84.0,ENG,,CHILD EXPLOITED IN PROSTITUTION AND OTHER SEXUAL ABUSE,Philippines,
2017/199266,JOHN G.,PANALIGAN,1966/10/20,"PH, US",https://ws-public.interpol.int/notices/v1/red/2017-199266/images/60746314,https://ws-public.interpol.int/notices/v1/red/2017-199266/images,https://ws-public.interpol.int/notices/v1/red/2017-199266,M,MANILA,Philippines,['BRO'],['BLA'],1.65,63.0,"SPA, ENG, TGL","PANALIGAN may: have a scar on his neck; be bald; and have facial hair, including a beard or goatee.",First Degree Murder,United States of America,
2016/68745,YUZEF,ABRAMOV,1957/09/10,"RU, US",https://ws-public.interpol.int/notices/v1/red/2016-68745/images/60212584,https://ws-public.interpol.int/notices/v1/red/2016-68745/images,https://ws-public.interpol.int/notices/v1/red/2016-68745,M,city of Baku,Azerbaijan,,,,,"RUS, ENG, AZE",,"sexual actions against minors, violant sexual actions against minors, rape",Russia,
2015/63321,SUNIL,RANIYAL,1967/01/07,US,https://ws-public.interpol.int/notices/v1/red/2015-63321/images/59898618,https://ws-public.interpol.int/notices/v1/red/2015-63321/images,https://ws-public.interpol.int/notices/v1/red/2015-63321,M,MUMBAI,India,['BLA'],['BLA'],0.0,0.0,"HIN, ENG",,"ATTEMPT TO MURDER, PUNISHMENT FOR CRIMINAL CONSPIRACY, PUTTING PERSON IN FEAR OF DEATH OR OF GRIEVOUS HURT, ACT DONE SEVERAL PERSONS IN FURTHERANCE OF COMMON INTENTION, PUNISHMNET FOR FORGERY, FORGERY FOR PURPOSE OF CHEATING, USING AS GENUINE A FORGED DOCUMENT OR ELECTRONIC RECORD, ARMS ACT, Information and Technology ACT, MAHARASHTRA CONTROL OF ORGANISED CRIME ACT of 1999.",India,
2015/56262,JOHN,LYTUS,1963/08/06,US,https://ws-public.interpol.int/notices/v1/red/2015-56262/images/59874017,https://ws-public.interpol.int/notices/v1/red/2015-56262/images,https://ws-public.interpol.int/notices/v1/red/2015-56262,M,,,['OTHL'],['BLA'],1.7,90.0,"ENG, SPA",,VIOLACION AGRAVADA Y ROBO AGRAVADO,Nicaragua,
2015/50409,RAUL,ORTEGA,1966/12/08,US,https://ws-public.interpol.int/notices/v1/red/2015-50409/images/59856510,https://ws-public.interpol.int/notices/v1/red/2015-50409/images,https://ws-public.interpol.int/notices/v1/red/2015-50409,M,NEW YORK,United States of America,['BRO'],['BLA'],1.8,77.0,"SPA, ENG","ORTEGA has scars on his left arm, upper left arm and right hand. ORTEGA may have a mustache, may be 170 to 180 centimeters tall, and may weigh 66 to 77 kilograms.",Conspiracy to Distribute Cocaine,United States of America,
2015/36908,IAN,LYN,1973/11/18,"JM, US",https://ws-public.interpol.int/notices/v1/red/2015-36908/images/59813428,https://ws-public.interpol.int/notices/v1/red/2015-36908/images,https://ws-public.interpol.int/notices/v1/red/2015-36908,M,,,,,0.0,0.0,,,Money Laundering and Fraudulent Conversion,Jamaica,
2012/333038,DANIEL,LEIJA,1962/08/30,US,https://ws-public.interpol.int/notices/v1/red/2012-333038/images/59745708,https://ws-public.interpol.int/notices/v1/red/2012-333038/images,https://ws-public.interpol.int/notices/v1/red/2012-333038,M,WASHINGTON,United States of America,['BRO'],['BLA'],1.78,86.0,"SPA, ENG","LEIJA may have a beard, weighs between 79 and 86 kilograms, and is between 170 and 178 centimeters tall.","1) First Degree Rape of a Child (8 counts) 
2) Second Degree Rape of a Child (3 counts)",United States of America,
2014/70800,HORACIO CARLOS,TERAN,1963/09/10,"MX, US",https://ws-public.interpol.int/notices/v1/red/2014-70800/images/59659509,https://ws-public.interpol.int/notices/v1/red/2014-70800/images,https://ws-public.interpol.int/notices/v1/red/2014-70800,M,TAMAULIPAS,Mexico,['BRO'],['BLA'],1.88,80.0,"SPA, ENG","TERAN has a mole on his right cheek near his lip, and his hair may be brown or black.",Lewd or lascivious act on a child under 14 years of age (5 counts),United States of America,
2014/66413,THIERNO,CARR,1991/08/30,US,https://ws-public.interpol.int/notices/v1/red/2014-66413/images/59644777,https://ws-public.interpol.int/notices/v1/red/2014-66413/images,https://ws-public.interpol.int/notices/v1/red/2014-66413,M,"HOUSTON, TEXAS",United States of America,['BRO'],['BLA'],1.8,63.0,ENG,,Super Aggravated Sexual Assault Child of a Under 6,United States of America,
2014/54458,DANIEL ANDREAS,SAN DIEGO,1978/02/09,US,https://ws-public.interpol.int/notices/v1/red/2014-54458/images/59604300,https://ws-public.interpol.int/notices/v1/red/2014-54458/images,https://ws-public.interpol.int/notices/v1/red/2014-54458,M,CALIFORNIA,United States of America,['BRO'],['BRO'],1.83,65.0,ENG,"SAN DIEGO has tattoos on his chest, lower abdomen, and lower back.","Maliciously damaging and destroying by mean of an explosive, buildings used in interstate commerce (3 counts)",United States of America,
2014/31584,JIMMY JULIUS,KAROW,1971/05/03,"US, IL",https://ws-public.interpol.int/notices/v1/red/2014-31584/images/59519942,https://ws-public.interpol.int/notices/v1/red/2014-31584/images,https://ws-public.interpol.int/notices/v1/red/2014-31584,M,CALIFORNIA,United States of America,['BLU'],['BRO'],1.88,113.0,"HEB, ENG",,Sexual Abuse in the First Degree (2 counts),United States of America,
1976/371,WILLIAM BRADFORD JR,BISHOP,1936/08/01,US,https://ws-public.interpol.int/notices/v1/red/1976-371/images/59479919,https://ws-public.interpol.int/notices/v1/red/1976-371/images,https://ws-public.interpol.int/notices/v1/red/1976-371,M,"PASADENA, CALIFORNIA",United States of America,['BRO'],['GRY'],1.85,82.0,"ITA, HRV, GER, SPA, ENG, FRE, SRP",BISHOP has a cleft chin and a surgical scar on his lower back.,Murder (5 counts),United States of America,
2014/13704,BEJARNI,RIVAS,1968/07/12,"US, NI",https://ws-public.interpol.int/notices/v1/red/2014-13704/images/59446130,https://ws-public.interpol.int/notices/v1/red/2014-13704/images,https://ws-public.interpol.int/notices/v1/red/2014-13704,M,,Nicaragua,['BRO'],['BLA'],1.75,86.0,"SPA, ENG","RIVAS has brown or black hair, weighs between 73 and 91 kilograms, is 169 to 178 centimeters tall, has a tattoo between his thumb and index finger on one of his hands, and may have a tattoo on his upper right and/or upper left arm.","1) Sex abuse of a minor 
2) Conspiracy sex abuse of a minor 
3) Sexual solicitation of a minor 
4) Sex offense in the third degree (2 counts) 
5) Human trafficking of a minor (2 counts) 
6) Conspiracy human trafficking of a minor (3 counts) 
7) Rape in the second degree  
8) Attempted sex offense in the third degree 
9) Conspiracy to commit sex offense in the third degree",United States of America,
2014/10736,STANLEY,SIMMS,1966/03/10,US,https://ws-public.interpol.int/notices/v1/red/2014-10736/images/59433154,https://ws-public.interpol.int/notices/v1/red/2014-10736/images,https://ws-public.interpol.int/notices/v1/red/2014-10736,M,NEW YORK,United States of America,['BRO'],['BLA'],1.8,90.0,ENG,SIMMS has a small patch of gray hair on or near the top of his head.,Distribution of Child Pornography,United States of America,
2014/4205,CARLOS,BOLIEIRO,1962/02/17,"PT, US",https://ws-public.interpol.int/notices/v1/red/2014-4205/images/59403691,https://ws-public.interpol.int/notices/v1/red/2014-4205/images,https://ws-public.interpol.int/notices/v1/red/2014-4205,M,"POVOACAO, AZORES",Portugal,['BRO'],['BRO'],1.73,79.0,"ENG, SPA, POR","BOLIEIRO may have tattoos on his right and left, upper and lower arms, shoulders, chest, and back. BOLIEIRO may have scars on his right thigh and right finger, and may have black hair.",Aggravated Felonious Sexual Assault (3 counts),United States of America,
2013/69177,JOSE,ESPINOZA-DIAZ,1973/09/30,"MX, US",https://ws-public.interpol.int/notices/v1/red/2013-69177/images/59371445,https://ws-public.interpol.int/notices/v1/red/2013-69177/images,https://ws-public.interpol.int/notices/v1/red/2013-69177,M,"MATAMOROS, TAMAULIPAS",Mexico,['BRO'],['BLA'],1.7,68.0,"ENG, SPA",,"1) Murder in the first degree 
2) Murder in the third degree 
3) Aggravated assault, with extreme indifference to the value of human life
4) Aggravated assault, with a deadly weapon
5) Possessing an instrument of crime",United States of America,
2013/44068,HIEN CHI,DUONG-TRAN,1966/03/30,"US, VN",https://ws-public.interpol.int/notices/v1/red/2013-44068/images/59085359,https://ws-public.interpol.int/notices/v1/red/2013-44068/images,https://ws-public.interpol.int/notices/v1/red/2013-44068,M,SAIGON,Viet Nam,['BRO'],['BLA'],1.68,68.0,"VIE, ENG",,"1) Assault in the second degree causing serious physical injury
2) Assault in the third degree causing physical injury to a child 10 years or younger (2 counts)
3) Criminal mistreatment in the first degree by a person responsible for supervision over a dependent person causing physical injury (2 counts)
4) Criminal mistreatment in the first degree by a person responsible for supervision over a dependent person withholding necessary and adequate medical attention (2 counts)
5) Criminal mistreatment in the first degree by a person responsible for supervision over a dependent person withholding necessary and adequate food",United States of America,
2013/43204,RUSSELL CHANEY,LEUPP,1988/08/15,US,https://ws-public.interpol.int/notices/v1/red/2013-43204/images/59061959,https://ws-public.interpol.int/notices/v1/red/2013-43204/images,https://ws-public.interpol.int/notices/v1/red/2013-43204,M,INDIANA,United States of America,,['BRO'],1.78,59.0,"ENG, RUS",,"1) Possession of Child Pornography 
2) Distribution of Child Pornography",United States of America,
2013/36729,MICHAEL,TAN,1980/07/18,US,https://ws-public.interpol.int/notices/v1/red/2013-36729/images/58917959,https://ws-public.interpol.int/notices/v1/red/2013-36729/images,https://ws-public.interpol.int/notices/v1/red/2013-36729,M,"CHICAGO, ILLINOIS",United States of America,['BRO'],['BLA'],1.75,77.0,"CHI, ENG",,"Attempted willful, deliberate, premeditated murder",United States of America,
2012/299128,MAKSIM,KLOCHIN,1975/04/08,"RU, US",https://ws-public.interpol.int/notices/v1/red/2012-299128/images/58403092,https://ws-public.interpol.int/notices/v1/red/2012-299128/images,https://ws-public.interpol.int/notices/v1/red/2012-299128,M,BUZULUK / ORENBURG REGION,Russia,,,0.0,0.0,RUS,,aiding to extremely large scale fraud,Russia,
2013/3337,RAUL,OSPINA,1951/06/06,"CO, US",https://ws-public.interpol.int/notices/v1/red/2013-3337/images/58074801,https://ws-public.interpol.int/notices/v1/red/2013-3337/images,https://ws-public.interpol.int/notices/v1/red/2013-3337,M,UNITED STATES,,,,,,,,"ART. 110, 81 CODE PENAL ET ART. 73, 80 D.P.R 309/90",Italy,
2012/333743,RENE GERARDO,VASQUEZ,1969/07/21,"SV, US",https://ws-public.interpol.int/notices/v1/red/2012-333743/images/57952117,https://ws-public.interpol.int/notices/v1/red/2012-333743/images,https://ws-public.interpol.int/notices/v1/red/2012-333743,M,"CHINAMECA, SAN MIGUEL",El Salvador,['BRO'],['BRO'],1.7,86.0,"SPA, ENG","VASQUEZ has a scar on his right thigh, may be between 170 and 183 centimeters tall, have brown or black hair, and may have facial hair styled as beard or a mustache.","1) Predatory sexual assault against a child (8 counts)
2) Criminal sexual act in the first degree (4 counts)
3) Use of a child in a sexual performance as a sex motivated felony (8 counts)
4) Rape in the first degree (4 counts)
5) Sex abuse in the first degree 
6) Possessing a sexual performance by a child (100 counts)",United States of America,
2012/292923,KENT DOUGLAS,EATON,1944/02/22,"NL, US",https://ws-public.interpol.int/notices/v1/red/2012-292923/images/57939276,https://ws-public.interpol.int/notices/v1/red/2012-292923/images,https://ws-public.interpol.int/notices/v1/red/2012-292923,M,"ROCHESTER, NEW YORK",United States of America,['BLU'],['GRYG'],1.7,75.0,ENG,"EATON may be between 170 and 175 centimeters tall, weigh between 70 and 75 kilograms, and be balding with brown or white hair. EATON has a scar on his chin, lip, and neck, and may have dental deficiencies in his front teeth.","1) Lewd or lascivious acts with a child under 14 years
2) Oral copulation with a person under 18 years
3) Photographing a minor under 17 years while engaged in sexual conduct",United States of America,
2012/325494,TAI,CHEN,1954/10/03,"CN, US",https://ws-public.interpol.int/notices/v1/red/2012-325494/images/57783715,https://ws-public.interpol.int/notices/v1/red/2012-325494/images,https://ws-public.interpol.int/notices/v1/red/2012-325494,M,,TW,['BRO'],['BLA'],,,"CHI, ENG",CHEN may be between 165 and 170 centimeters tall.,Sexual Assault of a Child,United States of America,
2012/331552,ANDY,AJUKWU,1960/11/16,US,,https://ws-public.interpol.int/notices/v1/red/2012-331552/images,https://ws-public.interpol.int/notices/v1/red/2012-331552,M,NIGERIA,Nigeria,['BLA'],['BLA'],1.78,85.0,ENG,,Dealing with property known or reasonably believed to represent proceeds of an indictable offence.,HK,
2005/56639,JOSEPHINE SUNSHINE,OVERAKER,1974/11/19,"CA, US",https://ws-public.interpol.int/notices/v1/red/2005-56639/images/57201213,https://ws-public.interpol.int/notices/v1/red/2005-56639/images,https://ws-public.interpol.int/notices/v1/red/2005-56639,F,TORONTO,Canada,['BRO'],['BRO'],1.6,59.0,"SPA, ENG","OVERAKER has tattoos on her upper back (large hawk with wings spread), right shoulder, left upper arm and shoulder, scars on her right and left ankle, right calf and right thigh, may weigh between 54 and 59 kilograms, and be between 157 and 160 centimeters tall.","1) Conspiracy to Commit Arson 
2) Conspiracy to Commit Arson and Destruction of an Energy Facility 
3) Attempted Arson
4) Arson of a U.S. Government Facility (3 counts)
5) Arson Affecting Interstate Commerce (2 counts) 
6) Destruction of an Energy Facility",United States of America,
2012/311500,JAMES ANTHONY,HATSIS,1962/09/16,US,https://ws-public.interpol.int/notices/v1/red/2012-311500/images/57151513,https://ws-public.interpol.int/notices/v1/red/2012-311500/images,https://ws-public.interpol.int/notices/v1/red/2012-311500,M,UTAH,United States of America,['BLU'],['BRO'],1.85,109.0,ENG,HATSIS has brown hair that is graying.,"1) Aggravated Child Molestation
2) Child Molestation (4 Counts)",United States of America,
2012/313014,WALTER MANGUAL,ROBERTS,1948/07/31,"BR, US",https://ws-public.interpol.int/notices/v1/red/2012-313014/images/57094791,https://ws-public.interpol.int/notices/v1/red/2012-313014/images,https://ws-public.interpol.int/notices/v1/red/2012-313014,M,RIO DE JANEIRO,Brazil,['BROH'],['BRO'],1.78,114.0,"ENG, POR","ROBERTS has brown/green eyes, and his brown hair may be gray.","1) Child abuse
2) Sexual offense in the second degree
3) Sexual offense in the third degree
4) Perverted sexual practice
5) Battery
6) Assault",United States of America,
2012/292837,LEO FREDERICK,BURT,1948/04/18,US,https://ws-public.interpol.int/notices/v1/red/2012-292837/images/56819788,https://ws-public.interpol.int/notices/v1/red/2012-292837/images,https://ws-public.interpol.int/notices/v1/red/2012-292837,M,"DARBY, PENNSYLVANIA",United States of America,['BROH'],['BRO'],1.83,84.0,ENG,BURT may wear glasses.,"1) Conspiracy to Commit Malicious Mischief Against Government Property, Use a Destructive Device to Damage Property of the United States, and Possess of a Unauthorized Destructive Device 
2) Malicious Mischief Against Government Property
3) Interference with Persons Engaged in Federally Protected Activities Causing Death and Bodily Injury
4) Use of a Destructive Device to Damage Property of the United States
5) Possession of a Unauthorized Destructive Device",United States of America,
2011/64904,JOE AGUON,AGUSTIN,1980/12/16,US,https://ws-public.interpol.int/notices/v1/red/2011-64904/images/56385153,https://ws-public.interpol.int/notices/v1/red/2011-64904/images,https://ws-public.interpol.int/notices/v1/red/2011-64904,M,GUAM,United States of America,['BRO'],['BLA'],1.75,68.0,ENG,AGUSTIN has a mole on his upper right lip and he may have black or brown hair.,Failure to register as a sex offender,United States of America,
2011/62489,ROBERT LEE,KING,1964/08/26,US,https://ws-public.interpol.int/notices/v1/red/2011-62489/images/56304975,https://ws-public.interpol.int/notices/v1/red/2011-62489/images,https://ws-public.interpol.int/notices/v1/red/2011-62489,M,"GREENVILLE, MISSISSIPPI",United States of America,['BRO'],['BLA'],1.88,84.0,ENG,"KING has a tattoo with the inscriptions of ""Lolita"" and ""Robert"" on his upper right bicep. On his upper left biceps he has an inscription of ""Victoria"" and another unidentifiable tattoo.

KING is known to have a violent temper and has been abusive to women.","1) First Degree Murder
2) Criminal Attempt - First Degree Murder",United States of America,
2011/62501,LEANDRO,JIMENEZ,1967/09/24,US,https://ws-public.interpol.int/notices/v1/red/2011-62501/images/56305209,https://ws-public.interpol.int/notices/v1/red/2011-62501/images,https://ws-public.interpol.int/notices/v1/red/2011-62501,M,"DEL RIO, TEXAS, UNITED STATES",United States of America,['BRO'],['BLA'],1.73,91.0,"ENG, SPA",,Murder,United States of America,
2011/60693,JASBIR,RIAR,1964/03/13,"IN, US",https://ws-public.interpol.int/notices/v1/red/2011-60693/images/56258715,https://ws-public.interpol.int/notices/v1/red/2011-60693/images,https://ws-public.interpol.int/notices/v1/red/2011-60693,M,OT,India,['BRO'],['BLA'],1.8,82.0,"ENG, PAN",,"1) Assault with a deadly weapon 
2) Criminal threats
3) Disobeying domestic relations court order
4) Possession of smoking device",United States of America,
2011/60705,JON RANDALL,ZELLMER,1985/01/22,US,https://ws-public.interpol.int/notices/v1/red/2011-60705/images/56240809,https://ws-public.interpol.int/notices/v1/red/2011-60705/images,https://ws-public.interpol.int/notices/v1/red/2011-60705,M,CALIFORNIA,United States of America,['BLU'],['BRO'],1.78,73.0,"POR, SPA, ENG","ZELLMER has tattoos on his arms, legs, chest, and back. Specifically, ZELLMER has a tattoo of the sun on his chest, a tattoo of a spider on his stomach, and tattoos of Japanese script on both forearms.",Escape,United States of America,
2011/59946,MARK STEPHEN,BAUMAN,1961/02/15,US,https://ws-public.interpol.int/notices/v1/red/2011-59946/images/56216289,https://ws-public.interpol.int/notices/v1/red/2011-59946/images,https://ws-public.interpol.int/notices/v1/red/2011-59946,M,"RED WING, MINNESOTA",United States of America,['GRE'],['BRO'],1.8,77.0,"ENG, SPA","BAUMAN may have green, brown, or hazel eyes.",Aggravated sexual assault of a child,United States of America,
2011/59606,THAYNE,SMIKA,1959/02/27,US,https://ws-public.interpol.int/notices/v1/red/2011-59606/images/56204491,https://ws-public.interpol.int/notices/v1/red/2011-59606/images,https://ws-public.interpol.int/notices/v1/red/2011-59606,M,NORTH DAKOTA,United States of America,['BROH'],['BRO'],1.8,68.0,"SPA, ENG",,First Degree Murder,United States of America,
2011/56608,COL. MOHAMED BEN,M'HAMED,1936/01/25,"DZ, US",https://ws-public.interpol.int/notices/v1/red/2011-56608/images/56112229,https://ws-public.interpol.int/notices/v1/red/2011-56608/images,https://ws-public.interpol.int/notices/v1/red/2011-56608,M,,,['BLA'],['BLA'],1.78,80.0,ENG,,"Criminal Conspiracy, Cheating",India,
2011/55054,STEVEN EUGENE,CLIFFORD,1953/11/22,US,https://ws-public.interpol.int/notices/v1/red/2011-55054/images/56071813,https://ws-public.interpol.int/notices/v1/red/2011-55054/images,https://ws-public.interpol.int/notices/v1/red/2011-55054,M,"SACRAMENTO, CALIFORNIA",United States of America,['BLU'],['YELB'],1.78,75.0,"ENG, FRE",Mole on left side of his face.  Scarring on both lower arms from eczema or psoriasis.,"1)	Sexual Battery by Restraint (9 Counts)
2)	Forcible Oral Copulation (2 Counts)
3)	Sodomy by Use of Force (3 Counts)
4)	Anal or Genital Penetration by Foreign Object, Force and Violence (1 Count)
5)	Assault by Means of Force Likely to Produce Great Bodily Injury (1 Count) 
6)	Child Molesting (1 Count)",United States of America,
2011/49663,JOSHUA DARIO,CONSTANTE,1985/10/16,"EC, US",https://ws-public.interpol.int/notices/v1/red/2011-49663/images/55904669,https://ws-public.interpol.int/notices/v1/red/2011-49663/images,https://ws-public.interpol.int/notices/v1/red/2011-49663,M,"LOS ANGELES, CALIFORNIA",United States of America,['BRO'],['BLA'],1.7,82.0,"SPA, ENG",CONSTANTE has a tattoo on his upper right arm/shoulder of the grim reaper embracing a naked woman.,"1) Robbery with use of a firearm and loss of property exceeding $2,500,000 (3 counts)
2) Assault with a deadly weapon with use of a firearm (3 counts)
3) False imprisonment with use of a firearm (3 counts)
4) Terrorist threats with use of a firearm (3 counts)
5) Burglary 
6) Kidnapping to commit robbery or rape with use of a firearm (3 counts)
7) Assault with intent to commit rape (2 counts)
8) Sexual battery (2 counts)",United States of America,
2011/49171,PRAKASHANDAND,SARASWATI,1929/01/15,"IN, US",https://ws-public.interpol.int/notices/v1/red/2011-49171/images/55889373,https://ws-public.interpol.int/notices/v1/red/2011-49171/images,https://ws-public.interpol.int/notices/v1/red/2011-49171,M,AYODHYA,India,['BRO'],['GRY'],1.68,79.0,"ENG, HIN",SARASWATI wears a tilaka or tilak of red ash or ink on his forehead that resembles the shape of an exclamation mark. SARASWATI may recently have had back surgery and may have scars from the procedure.,Indecency with a child by sexual contact (10 counts),United States of America,
2011/41517,BALJIT,SINGH,1955/08/27,US,https://ws-public.interpol.int/notices/v1/red/2011-41517/images/55643407,https://ws-public.interpol.int/notices/v1/red/2011-41517/images,https://ws-public.interpol.int/notices/v1/red/2011-41517,M,NEW DELHI,India,['BLA'],['BLA'],1.68,84.0,"ENG, PAN, HIN",None noted,"Cheating, Forgery of valuable securities, conspiracy.",India,
2011/24300,DENISE H.,HARVEY,1967/08/30,US,https://ws-public.interpol.int/notices/v1/red/2011-24300/images/55296410,https://ws-public.interpol.int/notices/v1/red/2011-24300/images,https://ws-public.interpol.int/notices/v1/red/2011-24300,F,FLORIDA,United States of America,['BLU'],['BRO'],1.73,73.0,ENG,Unknown,Sexual activity with a minor 16 or 17 years of age by a person 24 years of age or older (5 counts),United States of America,
2011/24302,JOHN CRISTIAN,SCHKADE,1985/10/02,"US, PA",https://ws-public.interpol.int/notices/v1/red/2011-24302/images/55296451,https://ws-public.interpol.int/notices/v1/red/2011-24302/images,https://ws-public.interpol.int/notices/v1/red/2011-24302,M,,,['BRO'],['BLA'],1.8,114.0,"SPA, ENG","SCHKADE has tattoos on his left arm, left forearm, right arm, and right forearm. The word ""Reverence"" is tattooed on his left arm or forearm, and the word ""Humility"" is tattooed on his right arm or forearm. SCHKADE also has a scar on his head.",Sexual Assault,United States of America,
2011/23500,SARKIS,AMBARTSUMYAN,1986/03/14,"AM, US",https://ws-public.interpol.int/notices/v1/red/2011-23500/images/55275900,https://ws-public.interpol.int/notices/v1/red/2011-23500/images,https://ws-public.interpol.int/notices/v1/red/2011-23500,M,,Armenia,['BRO'],['BRO'],1.68,73.0,"ARM, ENG","AMBARTSUMYAN has a tattoo of a cross on his back, a tattoo of Roman letters on his chest, and a tattoo of the word ""Armenian"" with two pistols on his stomach.",Assault by Means Likely to Produce Great Bodily Injury,United States of America,
2011/22642,CARLOS LUIS,RUBINO,1980/05/24,"US, PA",https://ws-public.interpol.int/notices/v1/red/2011-22642/images/55263973,https://ws-public.interpol.int/notices/v1/red/2011-22642/images,https://ws-public.interpol.int/notices/v1/red/2011-22642,M,,Panama,['BRO'],['BLA'],1.85,96.0,"SPA, ENG","RUBINO HAS A SCAR ON ONE OF HIS LEGS, AND TATTOOS ON HIS LEFT ARM, UPPER LEFT ARM, AND UPPER RIGHT ARM. THE TATTOO ON HIS LEFT ARM IS A CARTOON DESIGN CHARACTER WITH THE WORDS ""SUCKER FREE"" WRITTEN AROUND THE CHARACTER.","1) MURDER, FIRST DEGREE
2) MURDER, SECOND DEGREE
3) ARMED ROBBERY
4) ROBBERY
5) BURGLARY
6) ATTEMPTED MURDER, FIRST DEGREE
7) ATTEMPTED MURDER, SECOND DEGREE
8) ASSAULT, FIRST DEGREE
9) ASSAULT, SECOND DEGREE
10) RECKLESS ENDANGERMENT",United States of America,
2010/41507,DANIEL,COSTA,1969/10/29,"PT, US",https://ws-public.interpol.int/notices/v1/red/2010-41507/images/54482801,https://ws-public.interpol.int/notices/v1/red/2010-41507/images,https://ws-public.interpol.int/notices/v1/red/2010-41507,M,"DANBURY, CONNECTICUT",United States of America,"['GRE', 'BRO']","['BLA', 'BRO']",1.83,82.0,"POR, ENG",COSTA IS A HEAVY GAMBLER AND MAY FREQUENT CASINOS OR GAMING EVENTS. ,"1) MURDER
2) ATTEMPTED LARCENY IN THE THIRD DEGREE",United States of America,
2010/11142,CATHERINE MARIE,KERKOW,1951/10/06,US,https://ws-public.interpol.int/notices/v1/red/2010-11142/images/54340131,https://ws-public.interpol.int/notices/v1/red/2010-11142/images,https://ws-public.interpol.int/notices/v1/red/2010-11142,F,"COOS BAY, OREGON",United States of America,['BRO'],['BRO'],1.65,52.0,"FRE, ENG",KERKOW MAY BE WEARING CORRECTIVE LENSES OR GLASSES.,AIRCRAFT PIRACY,United States of America,
2010/9748,JAMES ALAN,BENSON,1982/10/26,US,https://ws-public.interpol.int/notices/v1/red/2010-9748/images/54333738,https://ws-public.interpol.int/notices/v1/red/2010-9748/images,https://ws-public.interpol.int/notices/v1/red/2010-9748,M,NORTH CAROLINA,United States of America,['BRO'],['BRO'],1.75,82.0,ENG,,"ATTEMPTED FIRST DEGREE MURDER

",United States of America,
2010/3616,KINO MICHAEL,GOMEZ,1952/05/09,"US, PH",https://ws-public.interpol.int/notices/v1/red/2010-3616/images/54302446,https://ws-public.interpol.int/notices/v1/red/2010-3616/images,https://ws-public.interpol.int/notices/v1/red/2010-3616,M,,Philippines,['BRO'],['BLA'],1.63,68.0,"ENG, PHI",GOMEZ HAS A SCAR ON HIS ABDOMEN.  ,"1) FIRST DEGREE MURDER
2) SECOND DEGREE MURDER (IN THE ALTERNATIVE)
3) RECKLESS ENDANGERMENT (2 COUNTS)
",United States of America,
2010/3593,"FRANK CORNELIS, JR.",LEFRANDT,1961/03/21,US,https://ws-public.interpol.int/notices/v1/red/2010-3593/images/54302325,https://ws-public.interpol.int/notices/v1/red/2010-3593/images,https://ws-public.interpol.int/notices/v1/red/2010-3593,M,CALIFORNIA,United States of America,['BRO'],['BRO'],1.85,100.0,"SPA, ENG",,"1) ATTEMPTED SEXUAL ASSAULT IN THE SECOND DEGREE 
2) SEXUAL ASSAULT IN THE SECOND DEGREE  
3) SEXUAL ASSAULT IN THE THIRD DEGREE
",United States of America,
2010/3010,AHMAD,ABOUSAMRA,1981/09/19,"US, FR, SY",https://ws-public.interpol.int/notices/v1/red/2010-3010/images/54299828,https://ws-public.interpol.int/notices/v1/red/2010-3010/images,https://ws-public.interpol.int/notices/v1/red/2010-3010,M,VILLEURBANNE,France,['BROH'],['BRO'],1.8,77.0,"ARA, ENG",ABOUSAMRA MAY HAVE A MUSTACHE AND BEARD.,"1) CONSPIRACY TO PROVIDE MATERIAL SUPPORT TO TERRORISTS 
2) PROVIDING AND ATTEMPTING TO PROVIDE MATERIAL SUPPORT TO TERRORISTS 
3) CONSPIRACY TO KILL IN A FOREIGN COUNTRY 
4) CONSPIRACY TO MAKE FALSE STATEMENTS 
5) FALSE STATEMENTS INVOLVING A TERRORISM OFFENSE
6) FALSE STATEMENTS (2 COUNTS)
7) FALSE WRITTEN STATEMENTS",United States of America,
2009/26330,UMAR JAVAID,MALIK,1984/01/07,"US, PK",https://ws-public.interpol.int/notices/v1/red/2009-26330/images/54209236,https://ws-public.interpol.int/notices/v1/red/2009-26330/images,https://ws-public.interpol.int/notices/v1/red/2009-26330,M,GUJRAT PUNJAB,Pakistan,['BRO'],['BLA'],1.855,76.5,"PAN, ENG","MALIK has a tattoo of ""ANN"" on his upper back, a tattoo of a clown on his arm, and a mole on his hand. ",Murder,United States of America,
2009/24461,AQUIF,AJRO,1980/12/16,"MK, US",https://ws-public.interpol.int/notices/v1/red/2009-24461/images/54205348,https://ws-public.interpol.int/notices/v1/red/2009-24461/images,https://ws-public.interpol.int/notices/v1/red/2009-24461,M,"WATERBURY, CONNECTICUT",United States of America,['BROH'],['BRO'],1.725,74.5,"ENG, ALB",,"1) assault first degree (2 counts)
2) assault second degree (2 counts)
3) assault third degree (2 counts)
4) reckless endangerment first degree (2 counts)


",United States of America,
2005/43308,JAVIER RICARDO,HERRERA,1968/07/18,US,https://ws-public.interpol.int/notices/v1/red/2005-43308/images/54175176,https://ws-public.interpol.int/notices/v1/red/2005-43308/images,https://ws-public.interpol.int/notices/v1/red/2005-43308,M,EL PASO,United States of America,['BRO'],['BLA'],1.735,74.0,"ENG, SPA","Tattoos: on left arm and unknown initials on left hand
",Second degree murder with a firearm,United States of America,
2009/25325,LEE,SOME,1985/12/10,US,https://ws-public.interpol.int/notices/v1/red/2009-25325/images/54200695,https://ws-public.interpol.int/notices/v1/red/2009-25325/images,https://ws-public.interpol.int/notices/v1/red/2009-25325,M,COLORADO,United States of America,['BRO'],['BLA'],0.84,178.0,"VIE, ENG",SOME has a scar on his head and a tattoo on his neck.,Murder in the first degree,United States of America,
2009/22555,MINH QUANG,TRAN,1971/03/23,"US, VN",https://ws-public.interpol.int/notices/v1/red/2009-22555/images/54189145,https://ws-public.interpol.int/notices/v1/red/2009-22555/images,https://ws-public.interpol.int/notices/v1/red/2009-22555,M,,Viet Nam,['BRO'],['BLA'],1.73,68.0,"VIE, ENG",,"1) Rape 
2) Stalking ",United States of America,
1999/46299,DANIEL MIN,SUH,1981/01/31,"KP, US",https://ws-public.interpol.int/notices/v1/red/1999-46299/images/54203244,https://ws-public.interpol.int/notices/v1/red/1999-46299/images,https://ws-public.interpol.int/notices/v1/red/1999-46299,M,"DECATUR, GEORGIA",United States of America,['BRO'],['BLA'],1.83,61.25,"KOR, ENG","SUH has scars on his upper lip, his nose is slightly disfigured, and he has gang style tattoos on his body",Murder,United States of America,
2009/16041,GRIGORY,BADO,1949/02/25,"US, RU",https://ws-public.interpol.int/notices/v1/red/2009-16041/images/54134888,https://ws-public.interpol.int/notices/v1/red/2009-16041/images,https://ws-public.interpol.int/notices/v1/red/2009-16041,M,MOSCOW,Russia,,,0.0,0.0,,,FRAUD PERFORMED IN LARGE AMOUNT ,Russia,
2008/18496,MENASHE,WOLT,1949/09/18,"US, IL",https://ws-public.interpol.int/notices/v1/red/2008-18496/images/54115686,https://ws-public.interpol.int/notices/v1/red/2008-18496/images,https://ws-public.interpol.int/notices/v1/red/2008-18496,M,NAHARIA,Israel,['GRE'],['GRY'],1.88,84.0,ENG,"Scar on left finger, left thumb, wears glasses ","1) Importation of methylenedioxymethamphetamine (MDMA) 
2) Attempt to Possess with Intent to Distribute methylenedioxymethamphetamine (MDMA) 
",United States of America,
2008/36644,MOSTAFA M,MANSOUR,1985/05/01,US,https://ws-public.interpol.int/notices/v1/red/2008-36644/images/54064833,https://ws-public.interpol.int/notices/v1/red/2008-36644/images,https://ws-public.interpol.int/notices/v1/red/2008-36644,M,WASHINGTON D.C.,United States of America,['BRO'],['BRO'],1.8,77.0,ENG,,"Robbery of U.S. currency by means of violence, assault, putting the victim in fear or serious bodily harm, threats, or by presenting a firearm or other deadly weapon (2 counts)",United States of America,
2008/9027,PAUL,KIM,1991/08/07,US,https://ws-public.interpol.int/notices/v1/red/2008-9027/images/53867972,https://ws-public.interpol.int/notices/v1/red/2008-9027/images,https://ws-public.interpol.int/notices/v1/red/2008-9027,M,LOS ANGELES / CALIFORNIA,United States of America,['BRO'],['BLA'],1.65,64.0,ENG,,"1) Murder (1 count); 2) Assault with a deadly weapon (2 counts); 
3) Assault by means likely to produce great bodily injury (2 counts)
",United States of America,
2008/39319,MARWAN M,SAEED,1980/07/21,US,https://ws-public.interpol.int/notices/v1/red/2008-39319/images/54030720,https://ws-public.interpol.int/notices/v1/red/2008-39319/images,https://ws-public.interpol.int/notices/v1/red/2008-39319,M,YOUNGSTOWN / OHIO,United States of America,['BRO'],['BLA'],1.7,68.0,ENG,,First degree murder,United States of America,
2008/31432,JASON,LIU,1979/04/10,US,https://ws-public.interpol.int/notices/v1/red/2008-31432/images/54010536,https://ws-public.interpol.int/notices/v1/red/2008-31432/images,https://ws-public.interpol.int/notices/v1/red/2008-31432,M,,,['BRO'],['BLA'],1.805,67.5,ENG,,1) Murder; 2) Attempted murder (6 counts),United States of America,
2004/39515,NEMIR NASRI,TASHMAN,1965/03/21,"US, JO",https://ws-public.interpol.int/notices/v1/red/2004-39515/images/60038345,https://ws-public.interpol.int/notices/v1/red/2004-39515/images,https://ws-public.interpol.int/notices/v1/red/2004-39515,M,,Jordan,['BROH'],['BLA'],1.725,81.5,"ENG, PER, ARA",,"1) Conspiracy to commit murder 
2) Attempted premeditated murder
3) Solicitation of murder",United States of America,
2006/13929,SHAWN EUGENE,SULLIVAN,1968/11/13,US,https://ws-public.interpol.int/notices/v1/red/2006-13929/images/54410235,https://ws-public.interpol.int/notices/v1/red/2006-13929/images,https://ws-public.interpol.int/notices/v1/red/2006-13929,M,FORT BENNING / GEORGIA,United States of America,['BROH'],['BRO'],1.94,80.5,ENG,,"Criminal sexual conduct, 2nd degree (2 counts) ",United States of America,
2008/28015,JERRY,HU,1976/05/10,"TW, US",https://ws-public.interpol.int/notices/v1/red/2008-28015/images/53981933,https://ws-public.interpol.int/notices/v1/red/2008-28015/images,https://ws-public.interpol.int/notices/v1/red/2008-28015,M,TAIPEI,TW,['BRO'],['BLA'],1.795,73.0,"CHI, ENG",,"1)  Attempt to interfere with commerce by violence  (1 count) ; 
2)  Using/carrying firearms in crime of violence resulting in death (1 count)",United States of America,
2008/17783,PETER CAYLEY,SMITH,1940/03/20,US,https://ws-public.interpol.int/notices/v1/red/2008-17783/images/53980980,https://ws-public.interpol.int/notices/v1/red/2008-17783/images,https://ws-public.interpol.int/notices/v1/red/2008-17783,M,"CLEVELAND, OHIO",United States of America,['BRO'],['GRY'],1.825,113.5,ENG,Small scar on forehead ,1) Conspiracy to transport minors in foreign commerce for prostitution ; 2) Transporting in foreign commerce or mailing visual depictions of a minor engaging in sexually explicit conduct ; 3) Receiving a mailed visual depiction of a minor engaging in sexually explicit conduct,United States of America,
2008/26815,JASON DEREK,BROWN,1969/07/01,US,https://ws-public.interpol.int/notices/v1/red/2008-26815/images/54396377,https://ws-public.interpol.int/notices/v1/red/2008-26815/images,https://ws-public.interpol.int/notices/v1/red/2008-26815,M,,United States of America,['GRE'],['YELB'],1.775,78.5,"ENG, FRE",,1) First Degree Murder (1 count) 2) Armed Robbery (1 count),United States of America,
2008/28899,KHALIFEH CLIFF ABRAHAM,ABUJUDEH,1976/04/04,US,,https://ws-public.interpol.int/notices/v1/red/2008-28899/images,https://ws-public.interpol.int/notices/v1/red/2008-28899,M,"GLENDALE, CALIFORNIA",United States of America,['BRO'],['BRO'],1.825,88.5,"ENG, ARA",Tattoo of a naked lady on his right shoulder / forearm area ,1) Assault with a firearm; 2) Attempted robbery with a firearm; 3) Kidnapping to commit robbery with a firearm; 4) Conspiracy to possess ephedrine for manufacturing with a firearm; 5) Conspiracy to commit robbery with a firearm; 6) Possession of cocaine for sale or transportation; 7) Possession of cocaine; 8) Possession of a firearm while under the influence of a controlled substance,United States of America,
2008/18237,HERBERT,PULGAR,1969/08/01,"VE, US",https://ws-public.interpol.int/notices/v1/red/2008-18237/images/53950812,https://ws-public.interpol.int/notices/v1/red/2008-18237/images,https://ws-public.interpol.int/notices/v1/red/2008-18237,M,ILLINOIS,United States of America,['BRO'],['BLA'],1.88,141.0,"SPA, ENG",Tattoos on both arms ,1) Conspiracy to Possess with intent to Distribute and to Distribute 50 grams or more of Crack Cocaine (1 count) 2) Possession with Intent to Distribute and Distribution of 50 grams or more of Crack Cocaine (1 count) 3) Distribution of 5 grams or more of Crack Cocaine (2 counts),United States of America,
2008/18907,MOHAMED HESHAM,YOUSSEF,1961/12/18,"US, EG",https://ws-public.interpol.int/notices/v1/red/2008-18907/images/53940891,https://ws-public.interpol.int/notices/v1/red/2008-18907/images,https://ws-public.interpol.int/notices/v1/red/2008-18907,M,CAIRO,Egypt,['BRO'],['BLA'],1.78,81.0,"ENG, ARA",,"1) Material support to terrorists (1 count) 
2) Conspiracy to provide material support to terrorists (1 count) 
3) Conspiracy to murder, kidnap or injure persons in a foreign country (1count)",United States of America,
2008/7224,WARREN,STERN,1970/11/17,US,,https://ws-public.interpol.int/notices/v1/red/2008-7224/images,https://ws-public.interpol.int/notices/v1/red/2008-7224,M,Cape Town,South Africa,['BLU'],['BRO'],1.805,76.5,ENG,"National Football League Raider symbol on left shoulder, tattoo of a skull on left rear shoulder, tattoo of ""Joey"" on left arm, tattoo of ""WS"" on right arm",Murder,United States of America,
2007/54807,PRAGNESH MAHENDRAKUMAR,DESAI,1963/12/09,US,https://ws-public.interpol.int/notices/v1/red/2007-54807/images/61146133,https://ws-public.interpol.int/notices/v1/red/2007-54807/images,https://ws-public.interpol.int/notices/v1/red/2007-54807,M,,India,['BRO'],['BLA'],1.6,58.0,ENG,,"1) Conspiracy to commit murder for hire (1 count); 
2) murder for hire (1 count); 
3) interstate domestic violence (1 count); 
4) kidnapping (1 count), ; 
5) mail fraud (3 counts)",United States of America,
2007/55758,MOHAMED,AHMED,1960/02/20,"US, SD",https://ws-public.interpol.int/notices/v1/red/2007-55758/images/61147218,https://ws-public.interpol.int/notices/v1/red/2007-55758/images,https://ws-public.interpol.int/notices/v1/red/2007-55758,M,Omdurman,Sudan,['BRO'],['BLA'],1.775,94.5,"ARA, ENG",,"1) Assault 1st Degree (2 counts) ; 
2) Assault 2nd Degree (5 counts) ; 
3) Endangering the Welfare of a Child (2 counts)",United States of America,
2007/53426,LEONID ILICH,KOGAN,1980/06/16,"UA, US",https://ws-public.interpol.int/notices/v1/red/2007-53426/images/61150312,https://ws-public.interpol.int/notices/v1/red/2007-53426/images,https://ws-public.interpol.int/notices/v1/red/2007-53426,M,ODESSA,Ukraine,['BLU'],['BRO'],1.725,81.0,"RUS, ENG",,"(1) Kidnapping for ransom, reward or extortion; 
(2) Intimidation of witnesses and victims; 
(3) Attempt to extort money by any threat; 
(4) Kidnapping",United States of America,
2007/44158,AL GURHAN,GURKAN,1970/04/12,"US, TR",https://ws-public.interpol.int/notices/v1/red/2007-44158/images/61167822,https://ws-public.interpol.int/notices/v1/red/2007-44158/images,https://ws-public.interpol.int/notices/v1/red/2007-44158,M,Ankara,TÜRKIYE,['BRO'],['BRO'],1.775,76.05,ENG,,"1) Distribution of one kilogram or more of heroin, and 500 grams of mixtures containing cocaine and marijuana (1 Count); 
2) Possession with intent to distribute approximately 10 pounds of marijuana (1 Count); 
3) Possession of a firearm in furtherance of a drug trafficking crime (1 Count)",United States of America,
2007/41650,MEHDI,GANJIZADEH,1984/11/11,"IR, US",https://ws-public.interpol.int/notices/v1/red/2007-41650/images/61192020,https://ws-public.interpol.int/notices/v1/red/2007-41650/images,https://ws-public.interpol.int/notices/v1/red/2007-41650,M,"Beaumont, Texas",United States of America,['BRO'],['BLA'],1.825,78.5,ENG,,"(1) Aggravated assault- deadly weapon
(2) Possession of child pornography (2 counts)",United States of America,
2007/29926,MANUEL ENRIQUE,JACO (JR),1980/06/22,"HN, US",https://ws-public.interpol.int/notices/v1/red/2007-29926/images/61219381,https://ws-public.interpol.int/notices/v1/red/2007-29926/images,https://ws-public.interpol.int/notices/v1/red/2007-29926,M,,Honduras,['BRO'],['BRO'],1.725,82.5,"SPA, ENG","numerous tattoos;  abdomen, chest, back, shoulder",Murder,United States of America,
2003/2690,ELENA,SAVINA,1940/07/09,"RU, US",https://ws-public.interpol.int/notices/v1/red/2003-2690/images/53690784,https://ws-public.interpol.int/notices/v1/red/2003-2690/images,https://ws-public.interpol.int/notices/v1/red/2003-2690,F,Krasnodar,Russia,,,,,RUS,,"Aggravated fraud, intentional infliction of heavy bodily injuries, attempted murder, driving another to commit suicide",Russia,
2007/14648,NASSAR,ALAVI,1944/10/18,"CA, US, IR",https://ws-public.interpol.int/notices/v1/red/2007-14648/images/61250498,https://ws-public.interpol.int/notices/v1/red/2007-14648/images,https://ws-public.interpol.int/notices/v1/red/2007-14648,M,,Iran,['BRO'],['BRO'],1.655,61.5,"PER, ENG",,"(1) Rape by foreign object
(2) Sexual battery - fraudulent professional purpose (6 counts)",United States of America,
2006/34989,EDWARD CLAIRE,REISCH,1949/12/12,US,https://ws-public.interpol.int/notices/v1/red/2006-34989/images/61344364,https://ws-public.interpol.int/notices/v1/red/2006-34989/images,https://ws-public.interpol.int/notices/v1/red/2006-34989,M,Pennsylvania,United States of America,['BROH'],['GRY'],1.805,87.5,ENG,,"(1) Child Abuse by Custodian;  
(2) Sex Offence - First Degree;  
(3) Sex Offence - Third Degree;  
(4) Sodomy – Generally;  
(5) Assault - Second Degree;  
(6) Sex Offence - Second Degree;  
(7) Sex Offence - Fourth Degree",United States of America,
2006/21297,ENRIQUE,GUZMAN MERCADO,1964/08/04,US,https://ws-public.interpol.int/notices/v1/red/2006-21297/images/61373118,https://ws-public.interpol.int/notices/v1/red/2006-21297/images,https://ws-public.interpol.int/notices/v1/red/2006-21297,M,California,United States of America,['BRO'],['BRO'],1.705,63.5,"ENG, SPA",Scar on left leg,"(1) First degree murder 
(2) Aggravated assault with a firearm",United States of America,
2006/22280,FREDERICK CECIL,MCCLEAN,1951/02/15,US,https://ws-public.interpol.int/notices/v1/red/2006-22280/images/61374377,https://ws-public.interpol.int/notices/v1/red/2006-22280/images,https://ws-public.interpol.int/notices/v1/red/2006-22280,M,Massachusetts,United States of America,['BROH'],['BRO'],1.8,77.0,ENG,,"(1) Forcible lewd act upon a child;  
(2) Lewd act upon a child (16 counts)",United States of America,
2006/24678,FABIO LEONARDO,MEZA ACOSTA,1963/01/20,"HN, US",https://ws-public.interpol.int/notices/v1/red/2006-24678/images/61376121,https://ws-public.interpol.int/notices/v1/red/2006-24678/images,https://ws-public.interpol.int/notices/v1/red/2006-24678,M,,Honduras,['BRO'],['BLA'],1.725,76.5,"SPA, ENG",,Murder,United States of America,
2005/33777,OMAR,AL SAWWAF,1984/04/01,US,https://ws-public.interpol.int/notices/v1/red/2005-33777/images/61401159,https://ws-public.interpol.int/notices/v1/red/2005-33777/images,https://ws-public.interpol.int/notices/v1/red/2005-33777,M,ILLINOIS,United States of America,['GRE'],['BRO'],1.675,70.5,ENG,,"(1) Murder (first degree);
(2) Aggravated battery;
(3) Mob action",United States of America,
2005/52538,MARLON JAMES,WINTERS,1960/04/02,US,https://ws-public.interpol.int/notices/v1/red/2005-52538/images/61421722,https://ws-public.interpol.int/notices/v1/red/2005-52538/images,https://ws-public.interpol.int/notices/v1/red/2005-52538,M,Texas,United States of America,['BROH'],['BRO'],1.755,67.5,"ENG, GER",Scar on forehead,"(1) Aggravated sexual assault (three counts) 
(2) Aggravated sexual assault (two counts) 
(3) Indecency with a child (two counts)",United States of America,
2005/30989,GEORGE EDWARD,WRIGHT,1943/03/29,US,https://ws-public.interpol.int/notices/v1/red/2005-30989/images/61442178,https://ws-public.interpol.int/notices/v1/red/2005-30989/images,https://ws-public.interpol.int/notices/v1/red/2005-30989,M,"Halifax, Virginia",United States of America,['BRO'],['BLA'],1.825,76.755,ENG,Scar on corner of right eyebrow;  3.5-cm scar on crown of head;  burn scar on upper left forearm;  small scar on left cheek;  may wear glasses;  mark of Islam in centre of forehead,Air Piracy,United States of America,
2005/2585,GULTEKIN KAGAN,ERTUGRUL,1964/04/15,US,https://ws-public.interpol.int/notices/v1/red/2005-2585/images/61516609,https://ws-public.interpol.int/notices/v1/red/2005-2585/images,https://ws-public.interpol.int/notices/v1/red/2005-2585,M,Kentucky,United States of America,['GRE'],['BRO'],1.775,113.5,"ENG, TUR",,Making false statements,United States of America,
2001/42918,DIMITRIOS ATHANASIOS,ANDROUTSOPOULOS,1975/08/08,"US, GR",https://ws-public.interpol.int/notices/v1/red/2001-42918/images/53197825,https://ws-public.interpol.int/notices/v1/red/2001-42918/images,https://ws-public.interpol.int/notices/v1/red/2001-42918,M,CHICAGO / ILLINOIS,United States of America,['BRO'],['BLA'],,,"GRE, ENG","SCAR ON LEFT CHEEK
TATTOOS ON CHEST AND BOTH ARMS (HEART AND WINGS ON LEFT ARM)","1. FIRST DEGREE MURDER (9 COUNTS)
2. ATTEMPTED FIRST DEGREE MURDER (1 COUNT)",United States of America,
2002/3398,ROBERT WILLIAM,FISHER,1961/04/13,US,https://ws-public.interpol.int/notices/v1/red/2002-3398/images/60039385,https://ws-public.interpol.int/notices/v1/red/2002-3398/images,https://ws-public.interpol.int/notices/v1/red/2002-3398,M,"Tucson, Arizona",United States of America,['BLU'],['BRO'],1.83,86.0,ENG,Surgical scar on lower back;  gold crown on upper left first bicuspid,First degree murder (3 counts);  arson of an occupied structure,United States of America,
