entity_id,forename,name,date_of_birth,nationalities,thumbnail,images,self_link,sex_id,place_of_birth,country_of_birth,eyes_colors_id,hairs_id,height,weight,languages_spoken_ids,distinguishing_marks,arrest_charge,arrest_issuing_country,arrest_charge_translation
2019/95137,RAKESH FERNANDO,THOMAS,1977/12/16,JM,https://ws-public.interpol.int/notices/v1/red/2019-95137/images/61548995,https://ws-public.interpol.int/notices/v1/red/2019-95137/images,https://ws-public.interpol.int/notices/v1/red/2019-95137,M,ST. ANDREW,Jamaica,,,,,ENG,,Grievous Sexual Assault,Jamaica,
2024/48245,NOEL PAUL,MANNING,1969/01/08,"JM, GB",https://ws-public.interpol.int/notices/v1/red/2024-48245/images/63144401,https://ws-public.interpol.int/notices/v1/red/2024-48245/images,https://ws-public.interpol.int/notices/v1/red/2024-48245,M,,Jamaica,,['GRYG'],,,ENG,,"1 - Rape

2 - Attempted Rape

3 - Gross Indecency

4 - Indecent Assault",KY,
2024/74029,RASHEED MALIK,THOMAS,2000/05/27,JM,https://ws-public.interpol.int/notices/v1/red/2024-74029/images/63253279,https://ws-public.interpol.int/notices/v1/red/2024-74029/images,https://ws-public.interpol.int/notices/v1/red/2024-74029,M,Kingston,Jamaica,,['BLA'],,,ENG,"Tattoos of ""JLane"" and ""Shilo"" on left chest and left upper arm. Subject ears are also pierced and he is right hand dominant",Murder,Jamaica,
2024/74394,DELMARK,SINCLAIR,1982/09/19,JM,https://ws-public.interpol.int/notices/v1/red/2024-74394/images/63254616,https://ws-public.interpol.int/notices/v1/red/2024-74394/images,https://ws-public.interpol.int/notices/v1/red/2024-74394,M,ST. CATHERINE,Jamaica,['BRO'],,1.75,0.0,ENG,,Murder,Jamaica,
2024/35331,RAMEISH TAVON,GRIFFITHS,1994/12/02,JM,https://ws-public.interpol.int/notices/v1/red/2024-35331/images/63090662,https://ws-public.interpol.int/notices/v1/red/2024-35331/images,https://ws-public.interpol.int/notices/v1/red/2024-35331,M,Kingston,Jamaica,,,,,ENG,,Wounding with Intent,Jamaica,
2023/53528,NAOMI,JONES,1997/02/26,JM,https://ws-public.interpol.int/notices/v1/red/2023-53528/images/62829054,https://ws-public.interpol.int/notices/v1/red/2023-53528/images,https://ws-public.interpol.int/notices/v1/red/2023-53528,F,,Jamaica,,,,,,,Causing death by dangerous driving/ Man slughter.,Jamaica,
2023/52386,KEMAR,THORNTON,1992/08/05,JM,https://ws-public.interpol.int/notices/v1/red/2023-52386/images/62824575,https://ws-public.interpol.int/notices/v1/red/2023-52386/images,https://ws-public.interpol.int/notices/v1/red/2023-52386,M,KINGSTON,Jamaica,,,,,ENG,,Wounding with intent to cause Grievous Bodily Harm,Jamaica,
2022/74495,EVERTON,BROWN,1974/03/06,JM,https://ws-public.interpol.int/notices/v1/red/2022-74495/images/62591280,https://ws-public.interpol.int/notices/v1/red/2022-74495/images,https://ws-public.interpol.int/notices/v1/red/2022-74495,M,,,,['BLA'],,,,,Murder,Jamaica,
2022/43274,ASHWAYNE,CAMPBELL,1995/04/08,JM,https://ws-public.interpol.int/notices/v1/red/2022-43274/images/62485327,https://ws-public.interpol.int/notices/v1/red/2022-43274/images,https://ws-public.interpol.int/notices/v1/red/2022-43274,M,,Jamaica,,['BLA'],,,,,Murder,Jamaica,
2022/43207,DEMARIO,CAMPBELL,2001/10/02,JM,https://ws-public.interpol.int/notices/v1/red/2022-43207/images/62480045,https://ws-public.interpol.int/notices/v1/red/2022-43207/images,https://ws-public.interpol.int/notices/v1/red/2022-43207,M,,Jamaica,,,,,ENG,"He is of dark complexion, slim built",Murder,Jamaica,
2022/43237,DANLEY,MYRIE,2000/09/14,JM,https://ws-public.interpol.int/notices/v1/red/2022-43237/images/62480212,https://ws-public.interpol.int/notices/v1/red/2022-43237/images,https://ws-public.interpol.int/notices/v1/red/2022-43237,M,Westmoreland,Jamaica,['BROD'],['OTHD'],,,,Slim built sporting plaited hairstyle,Wounding with intent and Unlawful Possession of firearm,Jamaica,
2022/43293,PHILBERT,ANDERSON,1973/04/24,JM,https://ws-public.interpol.int/notices/v1/red/2022-43293/images/62480430,https://ws-public.interpol.int/notices/v1/red/2022-43293/images,https://ws-public.interpol.int/notices/v1/red/2022-43293,M,WESTMORELAND,Jamaica,,,1.68,0.0,ENG,,Murder,Jamaica,
2022/43299,BURTON,SHEARER,1969/02/20,JM,https://ws-public.interpol.int/notices/v1/red/2022-43299/images/62480478,https://ws-public.interpol.int/notices/v1/red/2022-43299/images,https://ws-public.interpol.int/notices/v1/red/2022-43299,M,Westmoreland,Jamaica,['BROD'],['BLA'],1.8,,,He is of dark complexion,Murder,Jamaica,
2022/43201,MASHORN,SAMUELS,1989/04/29,JM,https://ws-public.interpol.int/notices/v1/red/2022-43201/images/62490846,https://ws-public.interpol.int/notices/v1/red/2022-43201/images,https://ws-public.interpol.int/notices/v1/red/2022-43201,M,"HATFIELD DISTRICT, SAVANNA LA MAR, WESTMORELAND",,,,0.0,0.0,,"He is of dark complexion, slim built, 5' 4"" tall, Rastafarian hairstyle",murder,Jamaica,
2022/43070,JASON,HARRIS,1993/07/16,JM,https://ws-public.interpol.int/notices/v1/red/2022-43070/images/62479593,https://ws-public.interpol.int/notices/v1/red/2022-43070/images,https://ws-public.interpol.int/notices/v1/red/2022-43070,M,,,,,,,,"He is of dark complexion, slim built, straight face, and usually sports plait hairstyle",Murder,Jamaica,
2022/43052,ANDRE,FRECKLETON,1997/10/03,JM,https://ws-public.interpol.int/notices/v1/red/2022-43052/images/62479534,https://ws-public.interpol.int/notices/v1/red/2022-43052/images,https://ws-public.interpol.int/notices/v1/red/2022-43052,M,"21 Lower Marl Road, Kingston 11",Jamaica,,['BLA'],,,ENG,,Murder,Jamaica,
2022/26125,OSHANE,COOPER,1994/03/18,JM,https://ws-public.interpol.int/notices/v1/red/2022-26125/images/62421757,https://ws-public.interpol.int/notices/v1/red/2022-26125/images,https://ws-public.interpol.int/notices/v1/red/2022-26125,M,,Jamaica,,,,,ENG,,Murder,Jamaica,
2021/62504,JASON RAY,DUNCAN,1983/07/28,JM,https://ws-public.interpol.int/notices/v1/red/2021-62504/images/62255549,https://ws-public.interpol.int/notices/v1/red/2021-62504/images,https://ws-public.interpol.int/notices/v1/red/2021-62504,M,KINGSTON,Jamaica,,,1.82,,ENG,,Wounding with Intent,Jamaica,
2021/38999,OKETO KAUNDA,FOSTER,1991/07/28,JM,https://ws-public.interpol.int/notices/v1/red/2021-38999/images/62169723,https://ws-public.interpol.int/notices/v1/red/2021-38999/images,https://ws-public.interpol.int/notices/v1/red/2021-38999,M,KINGSTON,Jamaica,['BROD'],,1.85,0.0,ENG,,Murder,Jamaica,
2020/71305,DAMION CHRISTOPHER,BOYD,1981/05/15,JM,https://ws-public.interpol.int/notices/v1/red/2020-71305/images/61934327,https://ws-public.interpol.int/notices/v1/red/2020-71305/images,https://ws-public.interpol.int/notices/v1/red/2020-71305,M,ST. MARY,Jamaica,,['BLA'],1.7,0.0,ENG,,"Wounding with intent
Illegal Possession of Firearm",Jamaica,
2020/57782,DAVE ANTHONY,BROWN,1969/03/31,JM,https://ws-public.interpol.int/notices/v1/red/2020-57782/images/61888699,https://ws-public.interpol.int/notices/v1/red/2020-57782/images,https://ws-public.interpol.int/notices/v1/red/2020-57782,M,PORTLAND,Jamaica,['BROD'],['BLA'],1.84,90.0,,,Sexual Intercouse with a person under the age of 16 years old,Jamaica,
2020/48064,SHAQUILLE,BROWN,1996/02/16,JM,https://ws-public.interpol.int/notices/v1/red/2020-48064/images/61853733,https://ws-public.interpol.int/notices/v1/red/2020-48064/images,https://ws-public.interpol.int/notices/v1/red/2020-48064,M,ST. JAMES,Jamaica,,,,,ENG,,murder,Jamaica,
2020/48066,KAVAL,DUNCAN,1988/12/09,JM,https://ws-public.interpol.int/notices/v1/red/2020-48066/images/61853739,https://ws-public.interpol.int/notices/v1/red/2020-48066/images,https://ws-public.interpol.int/notices/v1/red/2020-48066,M,ST. JAMES,Jamaica,,,,,ENG,,wounding with intent,Jamaica,
2020/16856,JUNIOR EWART,MALCOLM,1956/10/18,"JM, US",https://ws-public.interpol.int/notices/v1/red/2020-16856/images/61740283,https://ws-public.interpol.int/notices/v1/red/2020-16856/images,https://ws-public.interpol.int/notices/v1/red/2020-16856,M,,Jamaica,,,,,ENG,,Indecent Assault,Jamaica,
2018/57718,ROHAN,JAMES,1983/12/21,JM,https://ws-public.interpol.int/notices/v1/red/2018-57718/images/61098627,https://ws-public.interpol.int/notices/v1/red/2018-57718/images,https://ws-public.interpol.int/notices/v1/red/2018-57718,M,,,,,1.82,0.0,ENG,,SHOOTING WITH INTENT,Jamaica,
2018/52006,DAVION KEVRO,REID,1981/09/02,JM,https://ws-public.interpol.int/notices/v1/red/2018-52006/images/61077246,https://ws-public.interpol.int/notices/v1/red/2018-52006/images,https://ws-public.interpol.int/notices/v1/red/2018-52006,M,JAMAICA,Jamaica,['BRO'],['BLA'],0.0,0.0,ENG,,RAPE,Jamaica,
2017/293531,LIONEL DENZEL,DAVIDSON,1984/04/11,JM,https://ws-public.interpol.int/notices/v1/red/2017-293531/images/60908617,https://ws-public.interpol.int/notices/v1/red/2017-293531/images,https://ws-public.interpol.int/notices/v1/red/2017-293531,M,KINGSTON,Jamaica,['BROD'],['BLA'],,59.0,ENG,,Murder,Jamaica,
2017/129060,RICARDO ESHAKA,POWELL,1990/10/15,JM,https://ws-public.interpol.int/notices/v1/red/2017-129060/images/60556906,https://ws-public.interpol.int/notices/v1/red/2017-129060/images,https://ws-public.interpol.int/notices/v1/red/2017-129060,M,JAMAICA,,,,,,,,MURDER,Jamaica,
2016/75491,WAYNE LAWRENCE,JONES,1972/04/03,JM,https://ws-public.interpol.int/notices/v1/red/2016-75491/images/60234279,https://ws-public.interpol.int/notices/v1/red/2016-75491/images,https://ws-public.interpol.int/notices/v1/red/2016-75491,M,ST ANDREW,Jamaica,['BROD'],,1.77,0.0,ENG,,"(1) Wounding with Intent
(2) Unlawful Wounding",Jamaica,
2016/75368,MORRIS ANTHONY,LEE,1958/10/05,JM,https://ws-public.interpol.int/notices/v1/red/2016-75368/images/60233371,https://ws-public.interpol.int/notices/v1/red/2016-75368/images,https://ws-public.interpol.int/notices/v1/red/2016-75368,M,KINGSTON,Jamaica,['BROD'],,1.67,0.0,ENG,,Murder,Jamaica,
2016/75101,BALDWIN GEORGE,BRYAN,1967/06/16,JM,https://ws-public.interpol.int/notices/v1/red/2016-75101/images/60232336,https://ws-public.interpol.int/notices/v1/red/2016-75101/images,https://ws-public.interpol.int/notices/v1/red/2016-75101,M,ST CATHERINE,Jamaica,['BROD'],,1.75,0.0,ENG,Scars on both cheeks,Assault occasioning grevious bodily harm,Jamaica,
2016/75123,DWIGHT CONSTANTINE,SWABY,1982/06/08,JM,https://ws-public.interpol.int/notices/v1/red/2016-75123/images/61845333,https://ws-public.interpol.int/notices/v1/red/2016-75123/images,https://ws-public.interpol.int/notices/v1/red/2016-75123,M,ST ANDREW,Jamaica,['BROD'],,1.7,,ENG,,Assault occasioning Grevious Bodily harm,Jamaica,
2015/75169,PHILLIP WAYNE,MARSHAL,1971/12/17,JM,https://ws-public.interpol.int/notices/v1/red/2015-75169/images/59936098,https://ws-public.interpol.int/notices/v1/red/2015-75169/images,https://ws-public.interpol.int/notices/v1/red/2015-75169,M,,,,,0.0,0.0,ENG,,"1) Murder

2) Illegal Possession of Firearm and Ammunition",Jamaica,
2015/74253,MARLON,BARNETT,1980/06/22,JM,https://ws-public.interpol.int/notices/v1/red/2015-74253/images/59933166,https://ws-public.interpol.int/notices/v1/red/2015-74253/images,https://ws-public.interpol.int/notices/v1/red/2015-74253,M,,,,,0.0,0.0,,,"1) Illegal Possession of Firearm and Ammunition

2) Murder

3) Shooting with Intent

4) Escape Custody",Jamaica,
2015/73820,GARCIA,DEACON,1972/04/20,JM,https://ws-public.interpol.int/notices/v1/red/2015-73820/images/59932254,https://ws-public.interpol.int/notices/v1/red/2015-73820/images,https://ws-public.interpol.int/notices/v1/red/2015-73820,M,,,,,0.0,0.0,ENG,,Rape,Jamaica,
2015/73836,DWAYNE,ELLIS,1989/08/30,JM,https://ws-public.interpol.int/notices/v1/red/2015-73836/images/59932246,https://ws-public.interpol.int/notices/v1/red/2015-73836/images,https://ws-public.interpol.int/notices/v1/red/2015-73836,M,,,,,0.0,0.0,ENG,,"1) Murder

2) Illegal Possession of Firearm and Ammunition",Jamaica,
2015/41180,STOKLEY NKOMO,COLLINGS,1978/11/02,JM,https://ws-public.interpol.int/notices/v1/red/2015-41180/images/59827699,https://ws-public.interpol.int/notices/v1/red/2015-41180/images,https://ws-public.interpol.int/notices/v1/red/2015-41180,M,,,,,,,ENG,,"Five (5) Counts of Murder, Shooting with Intent, Absconding Bail and Illegal Possession of Firearm & Ammunition",Jamaica,
2015/36908,IAN,LYN,1973/11/18,"JM, US",https://ws-public.interpol.int/notices/v1/red/2015-36908/images/59813428,https://ws-public.interpol.int/notices/v1/red/2015-36908/images,https://ws-public.interpol.int/notices/v1/red/2015-36908,M,,,,,0.0,0.0,,,Money Laundering and Fraudulent Conversion,Jamaica,
2015/36424,LENWORTH,WALSH,1981/11/21,JM,https://ws-public.interpol.int/notices/v1/red/2015-36424/images/59812268,https://ws-public.interpol.int/notices/v1/red/2015-36424/images,https://ws-public.interpol.int/notices/v1/red/2015-36424,M,,,,,0.0,0.0,,,Rape,Jamaica,
2015/36412,LESTER,GORDON,1952/02/10,JM,https://ws-public.interpol.int/notices/v1/red/2015-36412/images/59811692,https://ws-public.interpol.int/notices/v1/red/2015-36412/images,https://ws-public.interpol.int/notices/v1/red/2015-36412,M,,,,,0.0,0.0,,,Murder; Illegal Possession of Firearm & Illegal Possession of Ammunition,Jamaica,
2014/79727,AINSWORTH,SMITH,1975,JM,https://ws-public.interpol.int/notices/v1/red/2014-79727/images/59689429,https://ws-public.interpol.int/notices/v1/red/2014-79727/images,https://ws-public.interpol.int/notices/v1/red/2014-79727,M,,,,,0.0,0.0,,,"Murder, Illegal Possession of Firearm and Ammunition",Jamaica,
2014/79731,NIGEL OMAR,ABDULLAH,1977,JM,https://ws-public.interpol.int/notices/v1/red/2014-79731/images/59688993,https://ws-public.interpol.int/notices/v1/red/2014-79731/images,https://ws-public.interpol.int/notices/v1/red/2014-79731,M,,,,,0.0,0.0,,,"Murder, Illegal Possession of Firearm and Ammunition",Jamaica,
2014/59574,O'NEIL,FERGUSON,1982/12/26,JM,https://ws-public.interpol.int/notices/v1/red/2014-59574/images/59621729,https://ws-public.interpol.int/notices/v1/red/2014-59574/images,https://ws-public.interpol.int/notices/v1/red/2014-59574,M,,,,,0.0,0.0,ENG,,Murder,Jamaica,
2014/59566,MARLON OMAR,MCMILLAN,1986/02/10,JM,https://ws-public.interpol.int/notices/v1/red/2014-59566/images/59621720,https://ws-public.interpol.int/notices/v1/red/2014-59566/images,https://ws-public.interpol.int/notices/v1/red/2014-59566,M,,,,,0.0,0.0,ENG,,Murder,Jamaica,
2014/55442,ALPHANSO DERRICK,NELSON,1989/09/03,JM,https://ws-public.interpol.int/notices/v1/red/2014-55442/images/59607137,https://ws-public.interpol.int/notices/v1/red/2014-55442/images,https://ws-public.interpol.int/notices/v1/red/2014-55442,M,,,['BROD'],['BLA'],1.75,0.0,ENG,"Dark brown complexion, tall, both ears pierced and spons a corn row hair style.","Murder
Illegal Possession of Firearm 
Illegal Possession of Ammunition",Jamaica,
2014/55452,KEMAR,RUDDOCK,1990,JM,https://ws-public.interpol.int/notices/v1/red/2014-55452/images/59607162,https://ws-public.interpol.int/notices/v1/red/2014-55452/images,https://ws-public.interpol.int/notices/v1/red/2014-55452,M,,,['BROD'],['BLA'],1.74,0.0,,"Brown complexion, tall, has bulgy eyes, long hair and sports rope twist and corn row hair style.","Murder
Illegal Possession of Firearm 
Illegal Possession of Ammunition",Jamaica,
2014/55464,SHANRICK SHAVAUGHN,NUGENT,1993/12/16,JM,,https://ws-public.interpol.int/notices/v1/red/2014-55464/images,https://ws-public.interpol.int/notices/v1/red/2014-55464,M,,,,,1.82,0.0,,"Dark brown complexion, sports low hair cut, has a scar to the right side of face, tattoos of K on his neck, a cross on his back and Dan Dan on his right forearm.","Murder
Illegal Possession of Firearm 
Illegal Possession of Ammunition",Jamaica,
2014/55458,TERAN,BRYAN,1990/02/13,JM,https://ws-public.interpol.int/notices/v1/red/2014-55458/images/59607171,https://ws-public.interpol.int/notices/v1/red/2014-55458/images,https://ws-public.interpol.int/notices/v1/red/2014-55458,M,,,['BROD'],['BLA'],1.82,0.0,,"Bleached face, broad face and sports a low afro.","Murder 
Illegal Possession of Firearm
Illegal Possession of Ammunition",Jamaica,
2013/72521,OMAR,GRAY,1978/02/16,JM,https://ws-public.interpol.int/notices/v1/red/2013-72521/images/59385264,https://ws-public.interpol.int/notices/v1/red/2013-72521/images,https://ws-public.interpol.int/notices/v1/red/2013-72521,M,ST. CATHERINE PARRISH,Jamaica,['BRO'],['BLA'],1.75,68.0,"ENG, CPE",,Conspiracy to commit murder,United States of America,
2013/13323,COURTNEY RADCLIFFE,DOCKERY,1966/05/27,JM,,https://ws-public.interpol.int/notices/v1/red/2013-13323/images,https://ws-public.interpol.int/notices/v1/red/2013-13323,M,,Jamaica,,,0.0,0.0,ENG,,"- Robbery with aggravation 
- Rape
- Grievous Sexual Assault
- Abduction",Jamaica,
2010/12517,BENJAMIN ,THOMPSON,1951/02/09,JM,https://ws-public.interpol.int/notices/v1/red/2010-12517/images/54346460,https://ws-public.interpol.int/notices/v1/red/2010-12517/images,https://ws-public.interpol.int/notices/v1/red/2010-12517,M,,Jamaica,['BRO'],['BLA'],1.73,100.0,ENG,UNKNOWN,CONSPIRACY TO POSSESS WITH INTENT TO DISTRIBUTE AND TO DISTRIBUTE MORE THAN 50 GRAMS OF CRACK COCAINE,United States of America,
2006/44061,LAWRENCE,MOFFATT,1961/12/25,JM,https://ws-public.interpol.int/notices/v1/red/2006-44061/images/53944978,https://ws-public.interpol.int/notices/v1/red/2006-44061/images,https://ws-public.interpol.int/notices/v1/red/2006-44061,M,,Jamaica,['BRO'],['BLA'],1.95,77.0,,"Scars on his chest, forehead, and neck.","1) Controlled substance-sell-distribute or dispense (1 count);
2) Conspiracy to distribute controlled substance (1 count)",United States of America,
